age,education,marital_status,sex,workclass,hours_per_week,income
60,Some college,Married,Male,Private,40,high
45,Some college,Never married,Male,Private,61,low
35,Bachelor or higher,Previously married,Female,Private,49,low
46,Bachelor or higher,Married,Male,Private,40,low
40,Bachelor or higher,Never married,Male,Private,40,high
39,High school,Married,Male,Self-employed,40,low
50,High school,Married,Male,Government,52,high
16,Some college,Never married,Male,Private,40,low
40,Some college,Married,Male,Private,61,high
42,Bachelor or higher,Previously married,Female,Private,47,high
44,Bachelor or higher,Married,Male,Government,40,low
50,Some college,Married,Male,Private,40,low
54,Some college,Previously married,Male,Government,40,low
50,High school,Married,Male,Government,54,high
20,Some college,Married,Male,Private,40,high
43,High school,Never married,Female,Government,69,low
47,High school,Married,Male,Self-employed,40,low
31,High school,Married,Male,Private,40,low
19,Some college,Never married,Female,Private,46,low
40,No high school,Previously married,Female,Private,30,low
32,Some college,Never married,Female,Private,49,high
29,High school,Married,Male,Private,40,low
38,Bachelor or higher,Never married,Male,Private,40,high
35,High school,Never married,Female,Private,32,low
35,High school,Married,Male,Private,40,low
35,Bachelor or higher,Married,Male,Government,40,low
34,Some college,Married,Female,Government,40,low
22,High school,Married,Male,Private,40,low
31,High school,Never married,Female,Private,40,low
40,Bachelor or higher,Married,Male,Government,40,high
57,High school,Married,Male,Private,40,low
38,High school,Married,Male,Self-employed,38,low
44,No high school,Married,Male,Self-employed,36,low
38,Bachelor or higher,Never married,Female,Private,40,low
30,High school,Previously married,Male,Private,48,low
42,Some college,Never married,Female,Government,40,low
23,Bachelor or higher,Never married,Female,Private,40,low
46,High school,Previously married,Female,Private,48,low
22,High school,Married,Male,Private,40,low
39,High school,Married,Male,Self-employed,44,low
46,High school,Married,Male,Private,51,high
15,Some college,Never married,Male,Private,40,low
32,Some college,Never married,Female,Private,40,high
20,Some college,Never married,Male,Private,40,low
44,Bachelor or higher,Married,Male,Private,40,high
45,Bachelor or higher,Previously married,Female,Private,18,low
49,High school,Married,Male,Private,49,high
44,Bachelor or higher,Married,Male,Private,40,low
26,Some college,Previously married,Male,Private,39,low
34,High school,Married,Male,Government,40,high
50,High school,Never married,Male,Private,52,low
27,High school,Never married,Female,Private,18,low
33,High school,Previously married,Male,Private,34,low
29,Some college,Married,Male,Private,40,high
23,High school,Never married,Male,Private,38,low
40,Bachelor or higher,Never married,Female,Private,40,low
36,Bachelor or higher,Never married,Male,Private,40,low
27,Bachelor or higher,Never married,Male,Government,19,low
37,High school,Never married,Male,Government,40,low
38,Bachelor or higher,Never married,Male,Private,58,low
21,Some college,Married,Male,Government,33,low
31,Some college,Never married,Male,Private,40,low
29,Bachelor or higher,Never married,Female,Government,40,low
26,Some college,Married,Male,Government,40,low
39,Some college,Never married,Female,Private,40,low
59,Bachelor or higher,Never married,Male,Private,51,low
46,Bachelor or higher,Married,Male,Private,60,high
26,Some college,Never married,Male,Private,40,low
56,Bachelor or higher,Married,Male,Private,50,high
45,Some college,Never married,Female,Government,40,low
26,High school,Married,Male,Self-employed,40,low
50,Bachelor or higher,Married,Male,Private,62,high
17,Bachelor or higher,Never married,Male,Government,33,low
42,High school,Married,Male,Private,40,low
20,High school,Never married,Female,Private,36,low
40,Bachelor or higher,Previously married,Male,Private,50,high
33,High school,Married,Male,Private,40,low
33,No high school,Previously married,Female,Private,27,low
42,Some college,Previously married,Female,Private,75,high
40,No high school,Married,Male,Private,36,low
21,Bachelor or higher,Previously married,Female,Private,40,low
31,Bachelor or higher,Married,Male,Private,40,high
31,Bachelor or higher,Previously married,Female,Private,40,low
58,No high school,Married,Female,Private,36,low
37,High school,Never married,Male,Private,40,low
39,No high school,Married,Male,Self-employed,40,low
65,High school,Previously married,Female,Private,40,low
29,High school,Married,Male,Government,40,low
39,Some college,Married,Male,Private,40,low
25,Some college,Never married,Female,Private,40,low
43,Some college,Married,Female,Private,40,high
20,Some college,Never married,Female,Government,40,low
47,Bachelor or higher,Married,Male,Private,40,low
40,Some college,Never married,Male,Private,59,low
42,Bachelor or higher,Never married,Male,Private,58,high
57,Some college,Married,Male,Self-employed,71,low
42,Bachelor or higher,Married,Female,Private,49,high
60,No high school,Married,Male,Private,40,high
26,High school,Married,Male,Private,53,low
27,Bachelor or higher,Never married,Female,Government,62,low
38,Bachelor or higher,Previously married,Male,Private,63,low
47,High school,Married,Male,Private,40,low
38,Bachelor or higher,Married,Male,Private,62,high
19,Some college,Married,Male,Government,40,low
33,Bachelor or higher,Never married,Male,Private,59,low
49,Some college,Previously married,Male,Private,51,low
32,High school,Married,Male,Government,40,low
42,No high school,Previously married,Female,Private,40,low
52,High school,Married,Male,Self-employed,82,low
50,No high school,Never married,Female,Private,49,low
86,High school,Married,Male,Private,51,low
24,High school,Never married,Male,Private,40,low
37,Some college,Married,Female,Private,40,low
20,Some college,Never married,Male,Private,40,low
29,Some college,Married,Male,Private,40,high
36,No high school,Previously married,Female,Private,49,low
19,Some college,Married,Male,Private,40,low
33,Some college,Married,Male,Private,49,high
33,Some college,Previously married,Female,Private,40,low
54,Some college,Married,Male,Private,40,high
17,Some college,Never married,Female,Private,40,low
39,No high school,Previously married,Female,Private,40,low
43,High school,Previously married,Female,Private,40,low
48,Bachelor or higher,Previously married,Male,Private,48,high
29,High school,Married,Male,Private,48,low
25,High school,Married,Male,Private,40,low
38,Bachelor or higher,Married,Male,Private,40,high
29,Some college,Married,Male,Private,40,low
46,No high school,Never married,Male,Private,40,low
32,High school,Previously married,Female,Private,59,low
27,Some college,Never married,Female,Private,40,low
54,Some college,Married,Male,Self-employed,43,low
18,Some college,Never married,Male,Private,40,low
16,Some college,Never married,Male,Private,40,low
54,Bachelor or higher,Married,Male,Private,49,high
18,Some college,Never married,Male,Private,17,low
31,Some college,Married,Male,Government,40,low
31,High school,Never married,Male,Private,56,low
29,High school,Married,Male,Government,40,low
24,Some college,Never married,Male,Private,40,low
40,High school,Married,Female,Private,18,low
27,High school,Never married,Male,Government,40,low
33,High school,Married,Male,Private,40,low
38,No high school,Previously married,Female,Private,27,low
20,High school,Never married,Male,Private,40,low
59,High school,Previously married,Female,Private,40,low
22,Some college,Never married,Male,Private,47,low
17,Some college,Never married,Male,Private,24,low
44,High school,Married,Male,Private,40,low
40,No high school,Never married,Male,Private,40,low
32,High school,Never married,Female,Private,40,low
22,High school,Never married,Male,Private,40,low
34,High school,Married,Male,Private,40,low
25,High school,Never married,Male,Private,40,low
30,Some college,Never married,Male,Private,40,low
68,No high school,Married,Male,Private,40,low
66,No high school,Married,Male,Private,40,low
46,Some college,Previously married,Female,Private,51,low
44,No high school,Previously married,Female,Private,15,low
21,Some college,Never married,Female,Private,40,low
63,Bachelor or higher,Married,Male,Private,40,high
31,Some college,Married,Male,Private,40,low
35,Bachelor or higher,Married,Female,Government,45,high
41,Bachelor or higher,Married,Female,Government,17,low
27,High school,Married,Male,Government,40,low
55,High school,Married,Male,Private,52,low
64,Bachelor or higher,Previously married,Male,Government,40,high
64,Bachelor or higher,Previously married,Female,Private,49,low
58,Bachelor or higher,Previously married,Female,Government,49,low
60,High school,Never married,Female,Private,65,low
34,Some college,Never married,Male,Private,40,low
33,Bachelor or higher,Married,Male,Government,40,high
21,Some college,Never married,Female,Private,48,low
37,Some college,Married,Male,Private,49,high
29,High school,Never married,Female,Private,49,low
24,High school,Married,Male,Private,48,low
61,High school,Married,Male,Private,40,low
50,Bachelor or higher,Previously married,Female,Private,40,low
56,Some college,Married,Male,Government,58,low
26,Some college,Never married,Male,Private,48,low
65,No high school,Previously married,Female,Private,40,low
65,Some college,Previously married,Female,Private,20,low
36,Some college,Never married,Female,Private,40,high
36,No high school,Married,Male,Private,42,low
27,Some college,Married,Female,Private,48,high
57,High school,Previously married,Male,Private,43,low
39,Bachelor or higher,Never married,Male,Private,40,low
28,High school,Married,Male,Private,40,low
34,High school,Never married,Male,Self-employed,25,low
45,Bachelor or higher,Married,Male,Private,49,high
15,Some college,Never married,Female,Private,40,low
34,No high school,Previously married,Female,Private,40,low
32,Some college,Never married,Male,Government,40,low
41,Some college,Married,Male,Private,40,low
51,Bachelor or higher,Married,Male,Government,40,high
39,Bachelor or higher,Previously married,Female,Private,50,high
30,High school,Never married,Male,Private,40,low
28,High school,Married,Male,Private,60,low
67,Some college,Never married,Male,Self-employed,40,low
49,High school,Previously married,Female,Private,34,low
33,Bachelor or higher,Married,Male,Private,49,high
16,Some college,Never married,Male,Government,40,low
19,Some college,Never married,Male,Private,26,low
37,High school,Never married,Male,Private,25,low
44,High school,Never married,Female,Government,18,low
33,Bachelor or higher,Never married,Male,Private,60,high
21,Some college,Married,Male,Private,40,low
43,High school,Married,Male,Private,40,low
34,Bachelor or higher,Never married,Female,Private,40,high
48,Bachelor or higher,Married,Male,Private,46,high
22,No high school,Married,Female,Private,40,low
20,Some college,Never married,Female,Private,40,low
33,No high school,Never married,Female,Private,40,low
21,High school,Never married,Male,Private,40,low
63,High school,Previously married,Female,Private,38,low
65,Bachelor or higher,Previously married,Female,Private,52,high
15,Bachelor or higher,Never married,Female,Private,40,low
38,Bachelor or higher,Married,Male,Private,47,high
36,No high school,Previously married,Female,Private,40,low
25,High school,Never married,Male,Private,40,low
22,Some college,Never married,Female,Private,27,low
44,High school,Married,Male,Private,40,low
42,Bachelor or higher,Never married,Male,Private,60,low
17,Some college,Never married,Male,Government,40,low
48,No high school,Married,Male,Private,47,low
41,Bachelor or higher,Never married,Male,Government,40,low
37,High school,Previously married,Female,Private,48,low
17,Some college,Never married,Female,Private,40,low
50,No high school,Previously married,Female,Private,18,low
71,High school,Married,Male,Self-employed,38,low
38,High school,Previously married,Female,Private,48,low
33,Some college,Previously married,Female,Private,49,low
61,Bachelor or higher,Married,Male,Private,62,high
61,Some college,Married,Male,Self-employed,63,low
37,Bachelor or higher,Previously married,Female,Private,58,low
33,High school,Married,Male,Government,40,high
41,Bachelor or higher,Previously married,Female,Private,27,low
38,High school,Never married,Male,Government,40,low
32,High school,Never married,Male,Private,47,low
23,Bachelor or higher,Never married,Female,Private,52,low
20,No high school,Married,Male,Private,24,low
47,High school,Married,Male,Private,40,high
43,Bachelor or higher,Married,Male,Government,40,low
35,No high school,Never married,Male,Private,40,low
40,No high school,Previously married,Female,Private,40,low
30,High school,Married,Male,Self-employed,41,low
33,No high school,Previously married,Female,Private,26,low
25,High school,Married,Male,Private,40,low
53,Some college,Married,Male,Private,40,low
23,Some college,Never married,Male,Private,51,low
25,High school,Never married,Female,Private,53,low
29,Bachelor or higher,Never married,Female,Private,40,low
65,High school,Married,Male,Self-employed,59,low
29,Some college,Never married,Male,Private,40,low
42,Bachelor or higher,Married,Male,Private,59,low
18,High school,Married,Male,Government,40,low
23,High school,Married,Male,Private,40,low
36,High school,Married,Female,Private,40,low
29,Bachelor or higher,Never married,Male,Private,40,low
53,High school,Married,Male,Private,84,low
43,Bachelor or higher,Married,Male,Private,51,high
29,Some college,Married,Male,Self-employed,41,low
43,Bachelor or higher,Married,Male,Private,49,high
27,Some college,Married,Male,Private,18,low
25,High school,Never married,Female,Private,40,low
35,High school,Married,Male,Private,61,low
45,High school,Married,Male,Private,52,high
47,High school,Married,Female,Private,40,low
32,Bachelor or higher,Previously married,Female,Private,25,low
39,Some college,Previously married,Female,Private,40,low
27,Some college,Married,Male,Self-employed,51,high
39,High school,Married,Male,Private,40,low
48,High school,Married,Male,Private,40,low
37,High school,Married,Male,Self-employed,40,low
41,Bachelor or higher,Previously married,Female,Private,52,high
44,High school,Married,Male,Private,50,high
20,High school,Married,Male,Private,52,low
59,Bachelor or higher,Married,Male,Private,51,high
52,High school,Previously married,Female,Private,20,low
37,High school,Married,Male,Government,40,low
50,Bachelor or higher,Married,Female,Private,40,high
19,High school,Never married,Male,Private,40,low
36,Some college,Married,Male,Private,62,high
41,High school,Married,Male,Government,40,low
45,Bachelor or higher,Never married,Male,Private,49,high
34,Some college,Married,Male,Private,40,low
21,Some college,Married,Male,Private,40,low
17,High school,Never married,Male,Private,40,low
41,Bachelor or higher,Never married,Female,Private,74,low
56,Some college,Previously married,Female,Private,40,low
32,Bachelor or higher,Previously married,Male,Government,40,low
28,Some college,Married,Female,Private,51,high
38,Bachelor or higher,Previously married,Male,Private,63,low
23,Some college,Never married,Male,Private,40,low
67,Some college,Married,Female,Government,24,low
39,Some college,Married,Female,Private,17,high
61,Some college,Previously married,Female,Private,47,low
39,High school,Married,Male,Self-employed,75,low
39,Some college,Previously married,Female,Private,40,low
23,Some college,Never married,Male,Private,40,low
37,High school,Married,Male,Self-employed,32,low
41,High school,Married,Male,Private,27,low
47,Bachelor or higher,Married,Male,Private,28,low
23,High school,Never married,Female,Government,40,low
61,Bachelor or higher,Previously married,Female,Private,47,low
37,Some college,Married,Male,Government,40,low
40,High school,Never married,Female,Private,48,low
35,High school,Married,Male,Private,53,high
33,High school,Married,Male,Private,40,low
39,Bachelor or higher,Never married,Female,Government,40,low
37,Bachelor or higher,Married,Male,Private,48,high
24,High school,Married,Male,Private,40,low
31,High school,Never married,Male,Private,40,low
21,Bachelor or higher,Never married,Female,Private,40,low
32,High school,Previously married,Female,Private,40,low
32,High school,Married,Male,Government,40,low
47,High school,Previously married,Female,Government,33,low
28,High school,Married,Male,Private,52,high
30,High school,Married,Male,Self-employed,40,low
43,Some college,Married,Female,Private,47,high
23,High school,Married,Male,Private,40,low
25,High school,Married,Male,Private,47,low
45,Bachelor or higher,Married,Male,Self-employed,61,high
61,High school,Married,Female,Private,40,low
17,High school,Never married,Male,Private,28,low
30,No high school,Married,Female,Private,25,low
35,No high school,Married,Female,Private,25,low
42,High school,Married,Male,Self-employed,52,low
37,High school,Never married,Female,Private,40,low
25,Bachelor or higher,Never married,Female,Private,27,low
36,Some college,Never married,Male,Government,40,low
41,Bachelor or higher,Never married,Female,Private,35,low
39,High school,Never married,Male,Private,40,low
18,Some college,Never married,Male,Self-employed,58,low
20,Some college,Never married,Male,Private,40,low
56,Some college,Previously married,Female,Private,28,low
25,High school,Never married,Female,Private,33,low
19,Some college,Never married,Male,Private,40,low
31,High school,Married,Male,Government,40,low
28,No high school,Never married,Female,Private,33,low
39,No high school,Married,Male,Private,40,low
32,Bachelor or higher,Married,Male,Self-employed,36,low
23,Bachelor or higher,Never married,Female,Private,57,low
37,Some college,Never married,Male,Private,49,low
32,High school,Married,Male,Self-employed,38,low
46,Bachelor or higher,Married,Male,Private,49,high
40,High school,Never married,Male,Private,40,low
38,High school,Married,Male,Private,52,low
31,High school,Never married,Female,Private,40,low
30,Bachelor or higher,Never married,Male,Private,60,low
47,High school,Previously married,Female,Private,47,low
50,No high school,Previously married,Female,Private,24,low
39,High school,Previously married,Female,Private,32,low
53,Some college,Never married,Female,Government,29,low
52,Some college,Married,Male,Self-employed,40,high
45,Some college,Previously married,Female,Government,40,low
48,Bachelor or higher,Married,Male,Self-employed,62,high
50,High school,Married,Male,Private,40,low
34,Some college,Married,Male,Government,40,low
52,Some college,Married,Male,Self-employed,32,low
68,High school,Married,Male,Self-employed,37,low
35,High school,Married,Male,Private,40,low
25,No high school,Never married,Female,Private,40,low
88,No high school,Previously married,Female,Private,50,low
53,Bachelor or higher,Previously married,Female,Private,41,low
65,High school,Married,Female,Private,47,low
30,High school,Never married,Female,Private,35,low
47,High school,Married,Male,Private,40,high
73,Some college,Married,Male,Private,40,high
39,High school,Married,Male,Private,40,low
31,Bachelor or higher,Married,Male,Government,40,low
43,Bachelor or higher,Married,Male,Private,43,high
28,Bachelor or higher,Never married,Male,Private,40,low
29,Bachelor or higher,Married,Male,Private,40,high
64,Bachelor or higher,Married,Male,Private,34,high
73,High school,Married,Male,Self-employed,42,low
23,High school,Married,Male,Self-employed,26,low
30,High school,Married,Male,Private,40,high
17,Some college,Never married,Female,Private,40,low
18,High school,Married,Male,Private,21,low
45,Bachelor or higher,Previously married,Male,Government,40,low
44,High school,Married,Male,Private,40,low
48,Some college,Married,Female,Private,51,high
51,High school,Married,Male,Private,40,low
41,High school,Previously married,Female,Private,25,low
20,Bachelor or higher,Married,Male,Private,40,low
31,No high school,Married,Male,Private,40,low
76,No high school,Married,Male,Self-employed,27,low
22,High school,Never married,Male,Private,40,low
29,High school,Married,Male,Private,40,low
56,Bachelor or higher,Married,Female,Private,40,high
49,High school,Never married,Male,Government,40,low
19,Some college,Never married,Male,Private,40,low
43,No high school,Never married,Male,Private,34,low
22,High school,Married,Male,Self-employed,52,low
42,No high school,Previously married,Female,Private,18,low
23,High school,Never married,Female,Government,27,low
52,High school,Married,Male,Private,48,high
23,Some college,Married,Male,Private,49,low
64,High school,Married,Male,Self-employed,44,low
19,High school,Married,Male,Private,40,low
41,Some college,Previously married,Female,Private,47,high
36,High school,Previously married,Female,Private,40,low
38,Bachelor or higher,Married,Male,Self-employed,61,low
73,No high school,Previously married,Female,Private,49,low
39,High school,Married,Female,Private,40,high
29,High school,Married,Male,Government,40,low
23,High school,Married,Male,Private,35,low
50,Bachelor or higher,Never married,Male,Government,40,low
25,Bachelor or higher,Never married,Male,Government,40,low
26,Some college,Married,Male,Self-employed,66,low
19,Some college,Never married,Female,Government,30,low
41,High school,Married,Male,Private,40,low
45,Some college,Never married,Male,Private,40,low
25,Some college,Married,Male,Private,49,low
52,High school,Previously married,Female,Private,40,high
31,Some college,Never married,Male,Self-employed,40,low
26,Bachelor or higher,Married,Male,Private,50,high
30,High school,Married,Male,Private,40,low
40,Bachelor or higher,Never married,Male,Private,40,low
23,No high school,Never married,Male,Private,37,low
44,No high school,Married,Male,Private,40,low
39,High school,Never married,Male,Private,49,low
55,Bachelor or higher,Previously married,Female,Private,49,low
35,High school,Never married,Male,Private,37,low
17,High school,Never married,Female,Private,40,low
45,Some college,Previously married,Female,Private,40,low
26,Some college,Never married,Female,Private,28,low
52,Some college,Previously married,Female,Private,23,low
32,High school,Never married,Male,Government,40,low
43,No high school,Married,Male,Private,40,low
19,Some college,Never married,Male,Private,40,low
47,No high school,Previously married,Female,Private,50,low
34,No high school,Married,Male,Private,40,low
33,High school,Never married,Male,Self-employed,62,low
19,High school,Never married,Female,Private,40,low
37,Some college,Married,Male,Private,40,low
28,High school,Never married,Male,Private,35,low
37,High school,Married,Male,Government,40,high
37,Some college,Previously married,Female,Private,52,high
45,High school,Married,Male,Private,40,low
53,Some college,Married,Male,Self-employed,43,low
50,Some college,Previously married,Female,Private,40,low
40,High school,Never married,Male,Government,40,low
24,No high school,Never married,Male,Private,24,low
45,High school,Married,Male,Private,48,high
28,High school,Married,Male,Private,40,low
44,Some college,Never married,Female,Private,48,low
50,High school,Married,Male,Government,48,low
20,High school,Married,Male,Government,40,low
43,Some college,Married,Male,Government,40,low
32,High school,Never married,Female,Government,40,low
50,High school,Previously married,Female,Self-employed,49,low
59,Bachelor or higher,Previously married,Female,Private,49,high
49,Bachelor or higher,Married,Male,Private,47,high
34,Some college,Married,Male,Private,40,low
14,High school,Never married,Male,Private,40,low
27,Some college,Married,Male,Private,40,high
33,No high school,Married,Male,Private,40,low
32,Some college,Married,Male,Private,30,high
42,High school,Married,Male,Private,40,low
32,Some college,Previously married,Female,Private,46,low
56,High school,Previously married,Female,Private,47,low
66,Some college,Previously married,Female,Private,49,low
23,High school,Married,Male,Private,51,low
30,Some college,Married,Male,Private,40,low
42,Some college,Never married,Male,Private,40,low
41,Bachelor or higher,Married,Male,Private,40,high
23,High school,Never married,Female,Government,40,low
23,Some college,Never married,Male,Government,50,low
41,High school,Never married,Female,Private,40,low
48,Bachelor or higher,Married,Male,Private,47,high
42,Some college,Married,Male,Private,30,low
59,High school,Previously married,Female,Private,27,low
41,Bachelor or higher,Previously married,Female,Private,40,high
31,High school,Never married,Female,Private,40,low
52,High school,Married,Male,Self-employed,62,high
46,High school,Married,Male,Private,36,high
44,Bachelor or higher,Previously married,Female,Private,49,high
34,Bachelor or higher,Married,Male,Government,40,low
49,Bachelor or higher,Married,Male,Private,40,high
36,High school,Married,Male,Government,40,low
40,High school,Never married,Female,Private,40,low
46,No high school,Married,Male,Private,40,low
59,High school,Married,Male,Self-employed,62,low
32,High school,Never married,Male,Government,40,low
28,High school,Never married,Male,Private,47,low
61,No high school,Married,Male,Self-employed,37,low
52,High school,Married,Male,Private,40,low
36,Bachelor or higher,Married,Male,Private,40,high
48,No high school,Married,Male,Private,27,low
24,Some college,Previously married,Male,Private,34,low
20,Some college,Married,Male,Private,40,low
47,Some college,Previously married,Female,Private,40,low
55,Some college,Married,Male,Government,40,low
39,High school,Married,Male,Government,51,high
56,High school,Married,Male,Self-employed,40,low
31,High school,Previously married,Female,Private,48,low
53,Bachelor or higher,Never married,Male,Self-employed,31,low
49,Some college,Previously married,Female,Private,49,low
36,No high school,Married,Female,Private,26,low
63,High school,Married,Male,Self-employed,40,low
44,Bachelor or higher,Married,Male,Private,47,high
33,Some college,Previously married,Female,Private,50,high
33,High school,Married,Male,Self-employed,57,low
76,High school,Previously married,Female,Private,30,low
18,Some college,Never married,Female,Private,40,low
57,High school,Never married,Female,Private,40,low
29,Some college,Married,Male,Private,40,low
28,High school,Never married,Female,Government,40,low
43,No high school,Married,Female,Private,40,low
35,Bachelor or higher,Never married,Female,Private,38,low
59,Bachelor or higher,Married,Male,Government,40,low
59,High school,Married,Male,Self-employed,32,low
46,Bachelor or higher,Married,Male,Private,50,high
50,Some college,Previously married,Female,Private,40,high
24,Some college,Married,Male,Private,40,high
38,High school,Married,Male,Private,40,low
40,Bachelor or higher,Married,Male,Private,62,low
60,Bachelor or higher,Previously married,Female,Private,47,high
30,High school,Married,Female,Government,37,low
42,No high school,Previously married,Female,Private,40,low
22,High school,Never married,Male,Private,40,low
24,High school,Married,Male,Government,40,low
43,High school,Married,Female,Private,31,low
27,Bachelor or higher,Never married,Female,Private,50,low
36,High school,Married,Male,Private,85,low
47,Some college,Never married,Female,Private,40,low
45,High school,Married,Male,Private,40,low
24,Some college,Never married,Male,Self-employed,21,low
61,Bachelor or higher,Previously married,Female,Private,40,high
21,High school,Never married,Female,Private,44,low
29,Bachelor or higher,Never married,Male,Private,40,low
24,High school,Never married,Male,Government,40,low
37,Some college,Married,Male,Government,40,low
38,Bachelor or higher,Never married,Female,Private,40,high
31,Some college,Married,Female,Government,40,low
28,Bachelor or higher,Never married,Female,Government,40,low
60,Some college,Previously married,Female,Private,47,low
45,High school,Married,Male,Self-employed,50,low
29,High school,Never married,Female,Private,40,low
22,Some college,Never married,Female,Government,40,low
40,Bachelor or higher,Married,Male,Private,49,high
45,Bachelor or higher,Married,Male,Private,49,high
18,Some college,Never married,Female,Private,40,low
45,Bachelor or higher,Married,Male,Private,40,high
39,Some college,Previously married,Female,Government,49,low
64,High school,Married,Male,Private,40,high
19,High school,Never married,Male,Government,40,low
65,High school,Married,Male,Self-employed,36,low
39,Some college,Married,Female,Private,40,low
27,No high school,Never married,Female,Private,24,low
17,High school,Never married,Male,Government,40,low
19,Some college,Never married,Male,Private,40,low
15,Some college,Never married,Male,Private,24,low
27,Bachelor or higher,Never married,Male,Private,40,high
34,Bachelor or higher,Married,Male,Government,72,high
39,Some college,Married,Male,Government,40,high
24,Bachelor or higher,Never married,Male,Government,50,low
54,Bachelor or higher,Married,Male,Private,48,high
53,Bachelor or higher,Married,Male,Private,40,high
59,No high school,Married,Female,Private,32,low
43,Some college,Never married,Male,Private,40,low
15,High school,Never married,Male,Private,40,low
43,High school,Never married,Female,Private,40,low
28,Bachelor or higher,Never married,Female,Private,40,low
25,High school,Never married,Female,Private,40,low
23,Some college,Never married,Female,Private,40,low
36,High school,Previously married,Female,Government,40,low
45,No high school,Never married,Male,Private,26,low
39,No high school,Married,Male,Self-employed,26,low
47,High school,Married,Male,Private,40,low
36,High school,Previously married,Female,Government,40,low
48,High school,Married,Male,Private,72,low
57,Some college,Married,Male,Private,40,low
21,High school,Never married,Male,Self-employed,33,low
35,Some college,Previously married,Female,Private,40,low
20,High school,Married,Male,Private,40,low
35,High school,Married,Male,Private,40,low
48,High school,Married,Male,Private,52,high
30,Bachelor or higher,Never married,Female,Private,40,low
50,Some college,Previously married,Female,Private,49,high
38,High school,Married,Male,Self-employed,39,low
32,No high school,Previously married,Female,Private,23,low
39,Some college,Previously married,Male,Self-employed,80,low
33,Bachelor or higher,Married,Male,Private,50,high
51,High school,Married,Male,Private,26,high
27,Some college,Never married,Female,Government,40,low
39,Bachelor or higher,Never married,Male,Private,40,low
38,High school,Married,Male,Private,51,low
33,No high school,Married,Male,Private,40,low
24,High school,Married,Male,Private,40,low
39,High school,Married,Male,Self-employed,61,low
21,Some college,Never married,Male,Private,40,low
51,High school,Married,Male,Self-employed,51,high
29,No high school,Married,Female,Private,40,low
43,High school,Married,Male,Private,47,low
30,No high school,Married,Male,Private,28,low
35,High school,Previously married,Female,Private,40,low
29,High school,Never married,Male,Government,40,low
28,Some college,Never married,Female,Private,49,low
38,No high school,Previously married,Male,Private,48,low
60,High school,Married,Male,Private,41,low
78,Bachelor or higher,Never married,Male,Private,29,low
31,Bachelor or higher,Previously married,Female,Private,48,low
49,No high school,Married,Male,Private,34,low
49,Bachelor or higher,Never married,Male,Private,40,high
43,Some college,Married,Male,Private,60,high
21,High school,Never married,Male,Government,40,low
26,High school,Never married,Male,Government,40,low
47,High school,Married,Male,Private,40,low
61,Some college,Married,Male,Self-employed,43,low
46,Bachelor or higher,Previously married,Female,Private,40,low
54,High school,Married,Male,Private,40,low
37,Bachelor or higher,Married,Male,Private,40,high
30,High school,Married,Male,Private,48,low
35,Some college,Previously married,Female,Private,23,high
54,High school,Previously married,Female,Private,50,low
41,No high school,Married,Male,Self-employed,33,low
50,Some college,Married,Female,Private,47,high
37,High school,Previously married,Female,Private,51,low
47,High school,Married,Male,Self-employed,37,low
48,No high school,Married,Male,Private,40,low
38,High school,Married,Male,Private,50,low
54,Some college,Previously married,Female,Government,40,low
53,High school,Married,Male,Self-employed,32,high
32,High school,Married,Male,Private,40,low
29,No high school,Married,Male,Private,40,low
28,Some college,Married,Male,Private,40,low
38,High school,Married,Male,Private,40,low
27,Some college,Never married,Female,Private,40,low
39,High school,Previously married,Male,Private,49,low
26,Some college,Married,Male,Self-employed,51,low
23,Some college,Never married,Male,Private,40,low
28,High school,Married,Male,Private,40,low
19,High school,Never married,Male,Private,41,low
20,High school,Never married,Male,Private,48,low
62,Some college,Married,Male,Self-employed,49,low
44,High school,Previously married,Female,Private,40,low
23,Bachelor or higher,Never married,Male,Private,60,low
39,No high school,Married,Male,Government,40,low
17,High school,Married,Male,Private,38,low
64,Bachelor or higher,Married,Male,Private,37,high
50,Bachelor or higher,Married,Female,Private,47,high
50,No high school,Never married,Female,Private,40,low
68,High school,Married,Male,Private,40,low
40,Some college,Married,Male,Private,40,high
36,Bachelor or higher,Married,Male,Private,40,low
64,Bachelor or higher,Previously married,Male,Government,40,low
34,High school,Never married,Female,Private,68,low
25,Some college,Never married,Male,Government,40,low
67,High school,Previously married,Female,Private,17,low
34,High school,Married,Male,Private,40,low
38,Some college,Never married,Female,Private,40,low
37,Some college,Never married,Female,Private,40,low
19,High school,Never married,Female,Private,51,low
26,High school,Never married,Female,Private,48,high
25,Some college,Previously married,Female,Private,49,low
20,High school,Married,Male,Private,40,low
30,High school,Married,Male,Government,40,low
20,High school,Never married,Male,Private,40,low
46,Bachelor or higher,Never married,Male,Private,62,low
36,Bachelor or higher,Married,Male,Government,40,low
41,High school,Married,Male,Self-employed,52,low
18,Some college,Never married,Male,Private,40,low
29,High school,Married,Female,Private,40,low
35,Bachelor or higher,Married,Male,Private,51,high
19,High school,Never married,Male,Government,40,low
56,High school,Married,Male,Government,40,low
29,Some college,Married,Male,Government,49,low
22,High school,Never married,Female,Private,14,low
32,High school,Married,Male,Private,40,low
41,Bachelor or higher,Married,Male,Private,40,high
28,Some college,Never married,Female,Government,40,low
42,High school,Married,Male,Private,53,low
22,High school,Married,Male,Private,40,low
44,No high school,Previously married,Female,Private,34,low
47,Bachelor or higher,Married,Male,Private,50,high
61,Bachelor or higher,Married,Male,Government,48,high
22,High school,Never married,Male,Private,40,low
38,High school,Previously married,Male,Private,49,low
23,Some college,Never married,Female,Private,26,low
21,Some college,Never married,Female,Private,40,low
30,Bachelor or higher,Never married,Female,Private,24,low
32,Bachelor or higher,Previously married,Female,Government,35,low
29,High school,Married,Male,Private,40,low
25,Some college,Married,Male,Private,40,high
37,Bachelor or higher,Married,Male,Government,40,low
32,High school,Never married,Female,Private,37,low
40,High school,Married,Male,Self-employed,51,low
64,Bachelor or higher,Married,Male,Private,40,low
68,High school,Married,Male,Private,40,low
34,Bachelor or higher,Never married,Female,Private,40,low
20,High school,Never married,Male,Private,40,low
21,No high school,Never married,Male,Private,40,low
29,High school,Married,Male,Private,40,low
60,High school,Married,Male,Private,40,low
46,Bachelor or higher,Previously married,Female,Private,49,high
36,Some college,Never married,Male,Private,34,low
17,Some college,Never married,Female,Private,40,low
20,High school,Never married,Male,Government,67,low
26,High school,Married,Male,Private,40,low
47,Some college,Married,Male,Private,40,high
46,Some college,Married,Male,Self-employed,92,low
36,High school,Married,Male,Private,40,low
31,High school,Married,Male,Private,40,low
41,Bachelor or higher,Previously married,Female,Private,40,low
23,High school,Never married,Male,Private,40,low
43,High school,Married,Male,Private,30,high
44,Some college,Never married,Male,Private,40,low
25,High school,Married,Male,Private,40,low
29,Some college,Never married,Female,Private,40,low
47,High school,Previously married,Female,Private,40,low
39,High school,Married,Male,Private,40,low
31,High school,Never married,Male,Private,40,low
39,Bachelor or higher,Married,Male,Private,40,high
36,Bachelor or higher,Married,Male,Private,49,low
20,Some college,Never married,Female,Private,40,low
34,Some college,Previously married,Female,Private,47,low
20,High school,Married,Male,Private,33,low
31,Some college,Never married,Female,Private,34,high
20,Some college,Never married,Male,Private,50,low
54,High school,Never married,Male,Private,40,low
33,High school,Married,Male,Private,40,low
14,Some college,Never married,Female,Private,40,low
26,High school,Married,Male,Government,40,low
40,High school,Married,Male,Private,40,low
34,Bachelor or higher,Married,Female,Government,40,low
38,High school,Previously married,Male,Private,48,low
61,High school,Married,Male,Private,40,low
40,Bachelor or higher,Married,Male,Self-employed,54,high
30,Bachelor or higher,Married,Male,Government,40,low
43,No high school,Married,Male,Private,40,low
46,Bachelor or higher,Never married,Male,Self-employed,67,high
18,Some college,Never married,Male,Private,40,low
38,Bachelor or higher,Married,Male,Private,40,high
41,Some college,Previously married,Female,Private,47,high
31,High school,Married,Male,Private,40,low
36,No high school,Married,Male,Private,49,low
57,No high school,Previously married,Male,Private,35,low
54,No high school,Previously married,Female,Private,26,low
44,Some college,Married,Male,Private,50,high
58,Bachelor or higher,Previously married,Female,Private,47,low
35,No high school,Married,Male,Private,40,low
43,Bachelor or higher,Married,Male,Private,40,high
39,High school,Married,Male,Private,40,low
45,Some college,Previously married,Female,Private,51,high
20,Some college,Never married,Female,Private,40,low
31,Some college,Married,Male,Private,40,low
28,High school,Never married,Female,Private,40,low
52,Bachelor or higher,Previously married,Male,Private,60,high
54,High school,Married,Male,Private,40,low
45,No high school,Married,Female,Private,28,low
43,Some college,Married,Female,Private,48,high
22,Bachelor or higher,Never married,Male,Private,48,low
33,Some college,Previously married,Female,Private,47,high
51,High school,Never married,Female,Private,40,low
37,High school,Married,Male,Self-employed,43,low
54,Some college,Previously married,Male,Private,50,low
18,Some college,Never married,Male,Private,40,low
24,No high school,Married,Male,Private,39,low
56,Bachelor or higher,Previously married,Male,Private,40,low
25,Some college,Never married,Male,Private,40,low
59,No high school,Previously married,Male,Private,40,low
31,High school,Married,Male,Private,40,low
48,High school,Previously married,Female,Private,40,low
62,High school,Previously married,Male,Private,48,low
42,Bachelor or higher,Married,Male,Private,40,high
50,Bachelor or higher,Married,Male,Private,40,high
51,Bachelor or higher,Never married,Male,Private,60,low
27,High school,Never married,Male,Government,40,low
36,High school,Married,Male,Private,40,low
44,No high school,Previously married,Female,Private,40,low
33,Bachelor or higher,Never married,Female,Government,40,low
38,Some college,Married,Male,Government,24,low
24,High school,Never married,Male,Private,33,low
34,Some college,Never married,Male,Private,40,low
31,Bachelor or higher,Married,Male,Government,50,high
19,High school,Married,Male,Government,40,low
40,High school,Married,Male,Self-employed,27,low
35,High school,Married,Male,Private,40,low
33,High school,Married,Male,Self-employed,40,low
29,Bachelor or higher,Never married,Female,Private,40,low
32,Some college,Never married,Male,Private,40,low
36,Some college,Previously married,Male,Private,40,low
61,High school,Married,Male,Private,60,low
59,High school,Never married,Male,Private,40,low
37,High school,Never married,Female,Private,40,low
21,Some college,Never married,Male,Private,40,low
45,No high school,Married,Male,Private,48,low
30,Some college,Never married,Male,Self-employed,62,low
38,High school,Married,Male,Private,40,low
51,Bachelor or higher,Married,Male,Private,40,high
55,High school,Previously married,Male,Private,51,low
53,High school,Previously married,Female,Private,52,low
21,Some college,Never married,Female,Self-employed,40,low
60,High school,Married,Male,Private,49,high
56,Some college,Previously married,Male,Self-employed,51,low
69,High school,Previously married,Female,Private,25,low
54,Some college,Married,Male,Self-employed,49,high
38,High school,Previously married,Female,Private,40,low
71,High school,Previously married,Female,Private,40,low
40,High school,Married,Male,Private,40,low
34,Some college,Married,Male,Self-employed,32,high
69,Some college,Married,Male,Self-employed,53,low
47,Some college,Married,Male,Private,40,low
30,Bachelor or higher,Never married,Female,Government,15,low
37,Bachelor or higher,Never married,Female,Private,40,high
46,High school,Married,Male,Private,49,low
65,High school,Married,Male,Private,40,low
44,Bachelor or higher,Previously married,Female,Private,40,low
29,Some college,Never married,Female,Private,40,low
30,Some college,Never married,Female,Private,15,low
21,High school,Never married,Male,Government,40,low
16,Some college,Never married,Male,Private,40,low
23,Some college,Never married,Female,Government,40,low
26,Some college,Married,Male,Private,40,high
27,High school,Married,Male,Government,40,low
43,Bachelor or higher,Previously married,Female,Private,61,high
88,No high school,Previously married,Male,Private,49,low
36,Some college,Married,Male,Self-employed,60,low
59,Some college,Previously married,Female,Private,40,low
41,Bachelor or higher,Married,Male,Private,49,high
27,Some college,Never married,Male,Private,40,low
33,No high school,Never married,Female,Private,40,low
44,High school,Married,Male,Private,50,low
32,Bachelor or higher,Never married,Female,Government,40,low
32,High school,Married,Male,Self-employed,51,low
54,Some college,Married,Male,Private,40,low
44,High school,Married,Male,Private,40,low
31,Bachelor or higher,Previously married,Male,Private,40,low
35,Bachelor or higher,Previously married,Female,Private,48,high
39,Bachelor or higher,Previously married,Female,Private,40,low
41,No high school,Married,Male,Private,40,low
31,High school,Married,Male,Private,40,low
23,Bachelor or higher,Married,Male,Private,57,high
48,High school,Married,Male,Private,54,low
52,Some college,Married,Male,Private,40,low
29,High school,Married,Male,Government,37,low
24,High school,Never married,Male,Private,40,low
34,No high school,Never married,Male,Private,40,low
31,Bachelor or higher,Married,Male,Government,40,low
20,Some college,Never married,Male,Private,40,low
54,Bachelor or higher,Married,Male,Private,48,high
61,Bachelor or higher,Previously married,Female,Private,52,low
46,High school,Previously married,Female,Private,58,low
41,No high school,Married,Male,Private,35,low
37,High school,Married,Male,Private,40,low
53,High school,Married,Male,Self-employed,44,low
45,Some college,Previously married,Female,Private,47,low
42,High school,Married,Male,Self-employed,58,high
40,Bachelor or higher,Previously married,Female,Private,49,high
38,Bachelor or higher,Previously married,Male,Private,59,low
19,Some college,Never married,Male,Private,55,low
24,High school,Married,Male,Private,48,low
40,No high school,Never married,Male,Private,78,low
33,Some college,Never married,Female,Private,40,low
27,High school,Married,Male,Self-employed,49,low
22,Bachelor or higher,Never married,Male,Private,64,low
30,High school,Never married,Male,Self-employed,40,low
34,Some college,Never married,Male,Private,47,low
29,High school,Never married,Female,Private,49,low
79,No high school,Married,Male,Self-employed,35,low
43,High school,Married,Male,Private,39,low
19,Some college,Married,Male,Private,47,high
62,Bachelor or higher,Married,Male,Self-employed,43,low
43,Some college,Previously married,Female,Private,24,low
26,High school,Married,Male,Private,40,low
32,Some college,Married,Male,Private,40,high
52,Bachelor or higher,Previously married,Female,Private,47,low
33,High school,Never married,Female,Private,40,low
36,No high school,Previously married,Female,Private,31,low
31,Bachelor or higher,Never married,Male,Government,40,low
28,Bachelor or higher,Married,Male,Private,70,low
21,Some college,Married,Male,Private,40,low
18,Some college,Never married,Female,Private,40,low
30,Some college,Married,Female,Private,40,low
32,High school,Previously married,Female,Private,50,low
34,High school,Married,Male,Self-employed,40,low
42,High school,Previously married,Male,Private,31,low
46,Some college,Married,Male,Private,40,high
40,High school,Married,Male,Private,40,low
29,High school,Never married,Female,Private,40,low
37,Bachelor or higher,Never married,Male,Private,61,low
31,Some college,Previously married,Female,Private,40,low
39,Bachelor or higher,Previously married,Female,Private,32,low
57,Bachelor or higher,Never married,Female,Private,75,low
32,High school,Married,Male,Private,40,low
25,Bachelor or higher,Married,Male,Private,50,high
56,Bachelor or higher,Previously married,Female,Private,18,low
26,Some college,Never married,Male,Private,40,low
18,Some college,Never married,Male,Private,40,low
18,Some college,Never married,Male,Private,60,low
47,Some college,Married,Male,Self-employed,35,high
22,Some college,Married,Male,Self-employed,29,low
32,Some college,Married,Male,Private,49,high
20,Bachelor or higher,Never married,Female,Private,40,low
48,High school,Married,Male,Self-employed,52,low
29,Some college,Never married,Female,Private,50,low
71,Some college,Previously married,Male,Private,26,low
28,Bachelor or higher,Never married,Male,Government,40,low
40,Bachelor or higher,Never married,Female,Private,34,low
33,Bachelor or higher,Never married,Male,Private,40,low
49,High school,Previously married,Male,Government,40,low
31,Bachelor or higher,Never married,Female,Private,40,high
49,Some college,Married,Male,Private,40,high
57,High school,Married,Male,Private,50,low
19,Some college,Never married,Female,Private,40,low
34,High school,Married,Male,Self-employed,40,low
45,Some college,Married,Male,Private,35,high
27,No high school,Never married,Female,Private,40,low
49,High school,Married,Male,Government,48,low
65,High school,Married,Male,Private,50,low
25,High school,Never married,Female,Private,40,low
16,Some college,Never married,Male,Private,40,low
48,No high school,Previously married,Male,Private,46,low
39,Some college,Never married,Female,Private,40,low
27,Bachelor or higher,Never married,Male,Private,40,low
31,High school,Never married,Male,Private,40,low
39,Bachelor or higher,Married,Male,Private,40,high
22,High school,Married,Male,Private,40,high
24,High school,Married,Male,Private,40,low
19,No high school,Never married,Male,Private,40,low
25,Some college,Never married,Male,Government,40,low
36,High school,Married,Male,Self-employed,51,low
30,Some college,Never married,Male,Private,40,low
48,High school,Married,Male,Private,40,low
43,High school,Married,Male,Private,40,low
40,High school,Never married,Male,Private,36,low
63,High school,Married,Male,Private,42,high
22,High school,Married,Male,Private,50,low
34,High school,Previously married,Female,Private,16,low
39,Bachelor or higher,Married,Male,Government,40,low
68,High school,Married,Male,Private,40,low
61,High school,Previously married,Female,Private,17,low
38,Bachelor or higher,Never married,Male,Government,40,low
25,High school,Never married,Male,Private,50,low
53,High school,Married,Male,Private,40,low
33,Bachelor or higher,Married,Female,Private,40,high
21,No high school,Never married,Female,Private,40,low
22,Some college,Never married,Male,Government,40,low
43,No high school,Married,Male,Private,40,low
28,High school,Previously married,Female,Private,47,low
32,High school,Never married,Male,Private,47,low
20,Some college,Never married,Male,Private,40,low
44,Bachelor or higher,Married,Male,Private,51,low
57,High school,Previously married,Female,Private,38,low
24,High school,Married,Male,Private,40,low
29,High school,Never married,Female,Government,61,low
86,High school,Previously married,Female,Private,27,low
41,High school,Never married,Male,Private,61,low
34,Some college,Married,Male,Private,50,high
30,Bachelor or higher,Never married,Male,Private,40,low
38,Bachelor or higher,Married,Male,Private,61,high
39,Some college,Married,Female,Private,49,high
43,Bachelor or higher,Previously married,Male,Private,51,high
29,Bachelor or higher,Married,Male,Self-employed,40,low
16,High school,Never married,Male,Private,63,low
62,High school,Never married,Male,Private,48,low
30,High school,Never married,Male,Private,35,low
40,No high school,Married,Male,Private,40,low
31,Bachelor or higher,Married,Male,Private,53,high
23,Some college,Never married,Male,Private,40,low
31,High school,Never married,Female,Private,40,low
49,High school,Married,Female,Private,51,low
22,Some college,Never married,Female,Private,33,low
21,Some college,Never married,Female,Private,40,low
28,No high school,Married,Male,Self-employed,31,low
80,No high school,Previously married,Female,Private,29,low
27,High school,Never married,Male,Government,40,low
47,Some college,Previously married,Female,Private,40,low
21,High school,Married,Male,Private,52,low
18,Some college,Never married,Female,Private,47,low
55,Bachelor or higher,Married,Male,Private,52,high
38,Bachelor or higher,Previously married,Male,Government,27,low
51,No high school,Married,Female,Private,40,low
17,High school,Never married,Male,Government,22,low
29,Some college,Never married,Female,Private,40,high
51,Bachelor or higher,Previously married,Female,Private,49,low
46,High school,Married,Male,Private,26,low
45,High school,Married,Male,Private,40,low
17,Some college,Never married,Male,Private,63,low
56,Some college,Previously married,Female,Private,46,low
37,Bachelor or higher,Married,Male,Private,40,high
23,Some college,Married,Male,Self-employed,32,low
36,Bachelor or higher,Married,Male,Government,40,high
34,Some college,Never married,Female,Private,40,low
31,High school,Married,Male,Private,40,high
47,High school,Married,Male,Private,40,low
62,High school,Married,Male,Private,40,low
21,Some college,Married,Male,Private,40,low
28,High school,Married,Male,Government,50,low
27,High school,Married,Male,Private,40,low
42,Bachelor or higher,Never married,Female,Private,40,low
41,High school,Previously married,Female,Private,45,low
57,High school,Married,Male,Private,41,low
21,High school,Never married,Female,Private,40,low
43,Bachelor or higher,Never married,Male,Private,40,low
18,Some college,Never married,Male,Private,40,low
59,High school,Married,Female,Private,36,high
26,Bachelor or higher,Never married,Female,Private,40,low
30,High school,Previously married,Female,Private,40,low
34,High school,Never married,Male,Private,40,low
43,Some college,Previously married,Female,Private,40,low
34,Bachelor or higher,Never married,Male,Private,72,low
43,High school,Married,Male,Private,40,low
35,Bachelor or higher,Never married,Male,Private,40,low
30,Some college,Never married,Male,Private,40,low
96,Some college,Married,Male,Self-employed,40,low
67,High school,Previously married,Female,Private,40,low
31,Bachelor or higher,Never married,Female,Private,40,low
35,High school,Never married,Male,Private,40,low
32,High school,Married,Male,Private,53,high
58,High school,Married,Male,Private,40,high
22,High school,Previously married,Female,Private,31,low
48,High school,Never married,Male,Private,49,low
39,Some college,Married,Female,Private,48,high
30,High school,Married,Male,Private,51,low
31,Bachelor or higher,Never married,Male,Private,48,low
37,Some college,Previously married,Male,Private,40,low
42,High school,Never married,Male,Private,40,low
48,Bachelor or higher,Married,Male,Private,40,high
43,High school,Married,Female,Private,48,low
33,High school,Married,Male,Self-employed,40,low
32,Bachelor or higher,Married,Male,Private,49,high
47,Bachelor or higher,Married,Male,Private,40,low
23,High school,Never married,Male,Private,50,low
37,Some college,Previously married,Male,Private,10,low
26,High school,Married,Male,Private,40,low
42,High school,Married,Male,Private,50,high
48,High school,Married,Male,Private,40,low
32,High school,Married,Male,Government,50,low
29,Some college,Married,Male,Private,40,low
27,Some college,Never married,Female,Private,47,low
55,High school,Married,Male,Private,40,low
41,Some college,Married,Male,Government,49,high
28,No high school,Never married,Female,Private,34,low
19,Some college,Never married,Female,Government,40,low
26,High school,Married,Male,Private,52,low
20,Some college,Married,Male,Private,50,low
29,High school,Married,Male,Government,40,low
40,High school,Married,Male,Private,40,low
34,High school,Married,Male,Private,40,low
43,Bachelor or higher,Married,Male,Private,47,high
30,High school,Married,Male,Government,40,low
60,Bachelor or higher,Married,Female,Private,40,high
47,Some college,Married,Male,Government,40,high
45,Bachelor or higher,Married,Male,Private,40,high
63,High school,Previously married,Female,Private,49,high
35,No high school,Married,Male,Private,40,low
37,High school,Married,Male,Private,40,low
30,Some college,Married,Male,Private,40,high
34,High school,Married,Male,Self-employed,59,low
49,High school,Married,Male,Government,40,low
28,Some college,Married,Male,Self-employed,40,high
44,Bachelor or higher,Previously married,Female,Private,40,low
48,Bachelor or higher,Previously married,Female,Private,52,high
23,High school,Never married,Male,Private,40,low
31,High school,Never married,Male,Private,40,low
31,Bachelor or higher,Never married,Male,Government,40,low
38,Bachelor or higher,Married,Male,Government,40,high
51,High school,Previously married,Female,Private,51,low
47,Some college,Previously married,Female,Self-employed,25,low
41,High school,Married,Male,Private,52,low
76,No high school,Previously married,Female,Private,40,low
25,Some college,Married,Male,Private,40,low
59,No high school,Previously married,Female,Private,40,low
31,No high school,Never married,Female,Private,40,low
49,High school,Married,Male,Private,54,low
26,Bachelor or higher,Never married,Female,Private,44,high
48,Some college,Married,Male,Government,40,low
25,Bachelor or higher,Never married,Female,Government,40,low
36,Bachelor or higher,Never married,Female,Private,49,low
36,Some college,Married,Male,Self-employed,51,low
37,High school,Previously married,Male,Self-employed,52,low
24,Some college,Married,Male,Private,40,low
18,Some college,Never married,Female,Private,16,low
22,High school,Married,Male,Self-employed,40,low
28,Bachelor or higher,Married,Male,Private,40,low
58,High school,Married,Male,Private,40,low
25,Bachelor or higher,Married,Male,Private,49,high
39,Bachelor or higher,Previously married,Male,Government,40,low
46,Some college,Previously married,Female,Private,40,low
31,High school,Married,Female,Private,40,high
39,Bachelor or higher,Never married,Female,Private,48,low
34,High school,Never married,Male,Government,40,low
24,Bachelor or higher,Never married,Female,Government,40,low
49,High school,Married,Male,Self-employed,62,low
26,High school,Never married,Female,Government,40,low
25,Some college,Never married,Female,Private,42,low
19,Some college,Never married,Male,Private,27,low
46,Some college,Previously married,Female,Government,40,low
51,No high school,Married,Female,Private,40,low
37,Bachelor or higher,Married,Male,Private,49,high
50,Bachelor or higher,Married,Male,Private,40,high
21,Some college,Never married,Male,Private,40,low
37,Bachelor or higher,Never married,Female,Private,40,low
29,Some college,Married,Male,Government,40,low
33,High school,Married,Male,Private,40,high
43,Bachelor or higher,Married,Male,Private,47,high
19,High school,Never married,Male,Government,40,low
27,Some college,Never married,Female,Government,40,low
34,High school,Married,Male,Self-employed,50,low
19,Some college,Never married,Male,Government,29,low
60,High school,Married,Male,Self-employed,41,low
66,High school,Previously married,Male,Private,40,low
28,Bachelor or higher,Never married,Male,Private,40,low
46,High school,Married,Male,Private,49,high
31,Bachelor or higher,Never married,Female,Government,54,low
61,High school,Married,Male,Self-employed,44,low
73,Bachelor or higher,Previously married,Female,Private,40,low
52,Some college,Married,Male,Private,33,low
45,Bachelor or higher,Married,Male,Government,40,low
37,Some college,Married,Male,Government,40,high
55,Some college,Previously married,Female,Private,40,low
32,High school,Married,Male,Private,40,low
65,Bachelor or higher,Previously married,Female,Private,68,high
38,High school,Married,Male,Private,40,low
22,Bachelor or higher,Never married,Male,Private,40,low
38,High school,Previously married,Male,Private,40,low
56,Some college,Married,Male,Self-employed,40,low
42,Bachelor or higher,Married,Male,Private,48,high
57,High school,Married,Male,Private,40,low
41,No high school,Married,Male,Private,40,low
40,Bachelor or higher,Married,Female,Government,40,low
44,High school,Married,Male,Self-employed,41,low
47,High school,Never married,Female,Private,33,low
36,High school,Previously married,Male,Private,40,low
34,Some college,Married,Male,Private,70,low
61,No high school,Married,Male,Private,31,low
33,High school,Married,Male,Private,40,low
86,Bachelor or higher,Previously married,Female,Private,50,high
54,Some college,Married,Male,Private,40,high
47,Bachelor or higher,Previously married,Male,Private,48,low
34,Some college,Never married,Male,Government,40,low
55,Some college,Married,Male,Self-employed,40,low
63,High school,Previously married,Female,Private,40,low
36,Bachelor or higher,Married,Male,Private,40,high
23,Some college,Never married,Female,Private,40,low
27,High school,Married,Female,Private,40,low
49,Bachelor or higher,Married,Male,Self-employed,61,high
42,Bachelor or higher,Married,Female,Private,52,high
26,High school,Married,Male,Private,47,low
46,Some college,Previously married,Female,Private,23,low
40,High school,Married,Male,Private,40,low
30,High school,Never married,Male,Government,40,low
25,Some college,Never married,Female,Self-employed,32,low
43,Some college,Married,Male,Private,40,low
32,Some college,Never married,Male,Private,40,low
44,High school,Married,Male,Private,51,high
32,No high school,Married,Male,Private,40,low
21,High school,Never married,Male,Private,40,low
32,Bachelor or higher,Married,Male,Private,47,high
24,High school,Married,Male,Government,40,low
30,Some college,Married,Male,Self-employed,40,low
43,Bachelor or higher,Never married,Female,Private,40,high
34,High school,Married,Male,Private,34,low
40,High school,Married,Male,Private,50,low
77,High school,Previously married,Female,Private,40,low
21,High school,Never married,Male,Private,40,low
39,Some college,Married,Male,Self-employed,40,low
44,Some college,Previously married,Male,Government,48,low
58,No high school,Previously married,Female,Private,24,low
43,Bachelor or higher,Married,Female,Private,54,high
37,High school,Previously married,Female,Private,40,low
31,High school,Never married,Female,Private,25,low
27,Some college,Never married,Male,Private,28,low
50,No high school,Married,Male,Self-employed,30,low
54,High school,Married,Male,Private,52,high
47,Bachelor or higher,Married,Male,Private,79,high
52,High school,Previously married,Male,Private,21,low
36,Bachelor or higher,Never married,Male,Government,48,low
25,High school,Never married,Male,Private,40,low
39,No high school,Previously married,Female,Private,40,low
64,No high school,Previously married,Female,Private,40,low
58,High school,Married,Male,Private,52,low
29,Some college,Married,Male,Private,61,high
67,No high school,Married,Male,Self-employed,61,low
44,High school,Married,Male,Self-employed,50,high
75,High school,Previously married,Female,Private,49,low
25,Some college,Never married,Male,Private,40,low
24,Some college,Married,Male,Private,40,low
33,Some college,Previously married,Male,Private,40,low
33,Some college,Never married,Male,Private,50,low
33,Bachelor or higher,Married,Male,Self-employed,37,low
63,Some college,Married,Male,Self-employed,37,low
22,Some college,Never married,Male,Private,40,low
32,Bachelor or higher,Never married,Male,Private,26,low
48,Bachelor or higher,Married,Male,Private,50,low
38,No high school,Previously married,Female,Private,40,low
46,High school,Married,Male,Self-employed,34,low
40,High school,Married,Male,Self-employed,40,low
70,Bachelor or higher,Married,Male,Private,51,high
42,Bachelor or higher,Never married,Female,Private,40,low
29,Bachelor or higher,Never married,Female,Private,40,low
58,High school,Previously married,Female,Private,62,low
39,High school,Married,Male,Government,49,low
34,High school,Married,Male,Private,40,low
54,Some college,Married,Female,Private,48,high
43,No high school,Married,Male,Private,40,low
35,High school,Married,Male,Government,40,low
30,No high school,Previously married,Male,Private,40,low
20,Bachelor or higher,Never married,Male,Government,40,low
38,Some college,Never married,Male,Self-employed,47,low
71,High school,Married,Male,Private,41,low
55,Some college,Married,Male,Private,50,high
34,Some college,Married,Male,Private,40,high
36,Some college,Never married,Female,Private,17,low
33,High school,Married,Female,Government,40,low
42,High school,Previously married,Female,Private,40,low
16,High school,Never married,Male,Private,40,low
42,No high school,Married,Female,Private,40,low
28,High school,Never married,Male,Private,40,low
48,Some college,Married,Male,Private,40,low
27,Bachelor or higher,Married,Male,Private,40,high
26,Some college,Never married,Female,Private,49,high
24,High school,Never married,Male,Private,40,low
29,Some college,Previously married,Female,Private,38,low
25,Some college,Never married,Female,Private,33,low
23,Bachelor or higher,Never married,Female,Private,40,low
29,No high school,Previously married,Female,Private,40,low
45,High school,Married,Male,Government,40,low
54,Bachelor or higher,Previously married,Female,Private,40,low
40,High school,Married,Male,Private,60,low
29,Bachelor or higher,Never married,Female,Government,40,low
36,High school,Previously married,Female,Government,40,low
54,Some college,Previously married,Female,Private,40,low
20,Some college,Never married,Female,Private,40,low
31,High school,Married,Male,Private,62,high
33,High school,Married,Male,Private,40,low
38,High school,Previously married,Female,Private,51,low
19,High school,Never married,Male,Private,40,low
42,No high school,Married,Male,Private,40,low
48,Bachelor or higher,Previously married,Female,Private,49,high
51,High school,Previously married,Female,Private,48,low
51,Bachelor or higher,Married,Female,Private,47,high
46,No high school,Previously married,Female,Private,40,low
27,High school,Never married,Female,Private,40,low
43,Some college,Never married,Male,Private,40,low
40,Some college,Previously married,Female,Private,40,low
20,High school,Never married,Male,Private,72,low
46,Bachelor or higher,Previously married,Female,Private,50,low
27,Some college,Married,Male,Private,40,high
25,No high school,Never married,Male,Private,23,low
21,High school,Never married,Female,Private,40,low
21,High school,Married,Male,Government,40,low
30,No high school,Never married,Male,Private,40,low
26,Bachelor or higher,Married,Male,Private,40,high
31,Bachelor or higher,Married,Male,Self-employed,60,high
18,No high school,Never married,Male,Private,40,low
94,High school,Married,Male,Self-employed,41,low
28,Some college,Previously married,Female,Private,40,low
36,High school,Never married,Female,Private,40,low
24,Some college,Never married,Female,Government,16,low
33,Bachelor or higher,Married,Male,Private,50,high
64,High school,Married,Male,Self-employed,49,low
19,High school,Never married,Female,Government,29,low
17,Some college,Never married,Male,Private,24,low
56,High school,Previously married,Female,Private,48,low
70,High school,Never married,Female,Private,52,low
57,Bachelor or higher,Married,Male,Private,47,low
23,High school,Never married,Male,Private,32,low
29,Bachelor or higher,Never married,Male,Private,40,low
30,Bachelor or higher,Never married,Female,Government,40,high
29,Some college,Previously married,Female,Private,40,low
37,Bachelor or higher,Married,Male,Government,40,high
23,High school,Married,Female,Private,23,high
50,High school,Married,Male,Private,40,low
34,No high school,Never married,Male,Government,32,low
26,High school,Never married,Male,Private,40,low
42,No high school,Previously married,Male,Private,41,low
28,Bachelor or higher,Married,Male,Private,58,high
48,Some college,Married,Male,Self-employed,60,low
58,No high school,Married,Female,Private,40,low
41,Some college,Previously married,Female,Private,40,high
56,Some college,Married,Male,Government,40,low
38,Some college,Married,Male,Self-employed,40,high
34,Bachelor or higher,Never married,Female,Private,40,high
56,Some college,Married,Male,Government,40,low
50,Bachelor or higher,Married,Male,Private,40,high
36,High school,Married,Female,Private,40,low
41,Some college,Married,Male,Self-employed,61,high
29,High school,Never married,Male,Government,40,low
37,Some college,Previously married,Female,Private,40,low
35,No high school,Married,Male,Private,40,low
19,High school,Never married,Male,Private,30,low
29,Bachelor or higher,Never married,Female,Private,48,high
34,Bachelor or higher,Previously married,Male,Private,40,low
31,Bachelor or higher,Married,Male,Private,31,low
14,High school,Never married,Male,Private,65,low
50,High school,Previously married,Female,Private,40,low
32,High school,Never married,Male,Private,30,low
19,High school,Never married,Male,Government,40,low
23,Some college,Never married,Male,Private,40,low
47,High school,Married,Male,Private,40,low
52,Bachelor or higher,Previously married,Female,Private,40,high
38,Bachelor or higher,Married,Male,Private,40,low
26,High school,Married,Male,Private,52,low
81,Bachelor or higher,Previously married,Male,Self-employed,40,low
22,Some college,Never married,Female,Private,40,low
34,Some college,Married,Female,Private,40,high
46,High school,Married,Male,Private,49,low
46,High school,Married,Male,Self-employed,40,low
39,High school,Previously married,Female,Private,48,low
29,Some college,Married,Male,Government,40,high
51,Some college,Previously married,Female,Private,27,low
43,Some college,Married,Male,Self-employed,53,high
24,Some college,Never married,Female,Government,25,low
47,High school,Married,Male,Private,52,high
28,Some college,Never married,Female,Private,40,low
72,No high school,Previously married,Female,Private,28,low
48,Bachelor or higher,Previously married,Male,Self-employed,49,low
44,High school,Married,Male,Private,60,high
63,No high school,Previously married,Female,Private,26,low
24,High school,Never married,Female,Private,22,low
60,High school,Married,Male,Self-employed,40,low
52,Some college,Previously married,Female,Government,40,low
32,High school,Married,Male,Private,40,high
56,High school,Previously married,Female,Private,40,low
45,Some college,Married,Male,Self-employed,39,low
49,High school,Married,Male,Private,50,low
26,High school,Married,Male,Private,40,low
33,No high school,Married,Male,Private,40,low
66,High school,Married,Male,Self-employed,40,low
22,High school,Never married,Female,Private,40,low
70,No high school,Married,Male,Private,50,low
17,High school,Married,Male,Private,49,low
34,Bachelor or higher,Married,Male,Self-employed,51,low
18,High school,Never married,Female,Private,40,low
31,High school,Never married,Male,Private,40,low
48,High school,Never married,Female,Private,36,low
33,Some college,Married,Male,Private,40,high
22,Bachelor or higher,Never married,Male,Private,40,low
20,High school,Never married,Male,Private,40,low
61,Some college,Married,Male,Self-employed,28,low
20,High school,Never married,Male,Private,56,low
37,High school,Married,Male,Private,49,low
27,Bachelor or higher,Never married,Female,Private,40,low
35,High school,Married,Male,Government,40,high
45,Bachelor or higher,Married,Male,Private,49,high
20,Some college,Never married,Male,Government,40,low
47,Bachelor or higher,Married,Male,Government,49,high
38,High school,Married,Male,Private,40,low
25,No high school,Married,Male,Private,40,low
29,Bachelor or higher,Married,Male,Private,40,low
69,Some college,Married,Male,Self-employed,35,low
34,High school,Married,Male,Government,40,low
32,Some college,Married,Male,Private,24,low
33,High school,Married,Male,Private,40,low
39,High school,Married,Male,Private,40,low
22,High school,Never married,Female,Private,40,low
25,High school,Married,Male,Government,46,high
45,Bachelor or higher,Married,Male,Private,40,low
30,Bachelor or higher,Married,Male,Private,50,high
45,High school,Married,Male,Private,40,low
24,Some college,Never married,Female,Private,40,low
26,High school,Never married,Male,Government,40,low
17,Some college,Never married,Male,Private,40,low
45,Some college,Married,Male,Self-employed,40,low
37,High school,Married,Male,Self-employed,40,low
52,No high school,Married,Male,Private,37,low
20,Some college,Never married,Female,Private,40,low
37,Bachelor or higher,Previously married,Female,Private,40,low
20,Some college,Married,Male,Self-employed,40,low
56,Bachelor or higher,Previously married,Female,Private,30,low
32,High school,Married,Male,Private,39,low
37,High school,Married,Male,Government,45,low
40,High school,Previously married,Female,Government,40,low
44,High school,Married,Male,Private,40,low
29,High school,Married,Male,Private,40,low
31,Some college,Married,Male,Self-employed,84,low
30,Bachelor or higher,Never married,Female,Private,20,low
19,Some college,Never married,Male,Private,40,low
30,Bachelor or higher,Never married,Male,Private,40,low
19,High school,Never married,Male,Private,31,low
25,Some college,Never married,Female,Private,67,low
26,High school,Never married,Male,Private,40,low
32,No high school,Previously married,Male,Private,33,low
46,Bachelor or higher,Previously married,Female,Private,40,low
40,No high school,Previously married,Female,Private,40,low
37,High school,Never married,Female,Private,34,low
22,High school,Never married,Female,Private,48,low
40,No high school,Married,Male,Private,40,low
37,High school,Previously married,Male,Private,49,low
42,High school,Married,Male,Private,40,low
45,Some college,Never married,Male,Self-employed,44,low
23,High school,Never married,Female,Private,65,low
36,Bachelor or higher,Married,Male,Self-employed,51,low
21,Some college,Never married,Male,Private,40,low
38,Bachelor or higher,Previously married,Male,Government,46,low
22,High school,Never married,Female,Private,35,low
35,Bachelor or higher,Married,Male,Self-employed,60,low
30,Bachelor or higher,Never married,Male,Private,40,low
65,High school,Previously married,Female,Private,48,low
40,High school,Never married,Male,Private,40,low
49,Bachelor or higher,Married,Female,Private,40,high
40,Bachelor or higher,Married,Male,Government,40,high
37,Some college,Never married,Female,Private,49,high
31,Some college,Married,Male,Government,40,high
44,High school,Married,Female,Private,49,low
30,Some college,Never married,Female,Government,21,low
38,Some college,Previously married,Male,Self-employed,50,high
45,High school,Married,Male,Private,50,low
39,Bachelor or higher,Married,Male,Private,51,high
24,High school,Never married,Male,Private,40,low
45,Some college,Married,Male,Self-employed,50,high
27,High school,Never married,Male,Government,40,low
35,Some college,Previously married,Female,Private,40,low
26,Some college,Never married,Female,Private,50,low
87,High school,Previously married,Female,Private,26,low
40,Some college,Never married,Female,Private,15,low
26,Bachelor or higher,Married,Male,Private,40,high
20,High school,Never married,Male,Private,40,low
25,Bachelor or higher,Never married,Male,Government,40,low
20,High school,Married,Male,Private,40,low
26,High school,Married,Male,Government,40,low
31,High school,Married,Male,Private,51,low
42,High school,Married,Male,Government,61,low
32,Bachelor or higher,Previously married,Female,Government,40,low
38,Bachelor or higher,Married,Male,Private,51,high
43,Bachelor or higher,Married,Female,Private,52,high
31,No high school,Previously married,Female,Private,40,low
35,Bachelor or higher,Never married,Male,Private,49,high
50,High school,Married,Male,Self-employed,40,low
51,High school,Married,Male,Self-employed,62,high
26,Some college,Married,Male,Private,40,low
22,Some college,Never married,Female,Government,40,low
27,High school,Married,Male,Government,40,low
26,No high school,Married,Male,Private,40,low
51,High school,Married,Male,Self-employed,40,low
56,Bachelor or higher,Married,Male,Government,40,low
37,Bachelor or higher,Married,Male,Private,40,low
56,Some college,Never married,Male,Private,24,low
57,Bachelor or higher,Married,Male,Government,40,low
56,Some college,Previously married,Female,Private,50,low
34,No high school,Married,Male,Private,40,low
41,Bachelor or higher,Previously married,Female,Private,40,low
31,Some college,Never married,Female,Private,28,low
26,Some college,Never married,Male,Self-employed,42,low
38,High school,Married,Male,Private,40,low
23,High school,Never married,Female,Private,46,low
50,Bachelor or higher,Previously married,Female,Private,48,low
32,Bachelor or higher,Never married,Male,Private,49,low
30,Some college,Never married,Male,Private,40,low
41,No high school,Previously married,Female,Private,40,low
46,Some college,Married,Male,Private,40,high
42,Some college,Never married,Female,Private,21,high
44,Bachelor or higher,Previously married,Female,Private,17,high
37,Bachelor or higher,Married,Male,Private,40,low
71,Some college,Previously married,Male,Self-employed,51,low
44,Bachelor or higher,Previously married,Male,Private,60,high
51,Some college,Married,Male,Private,51,high
39,Some college,Married,Male,Government,40,high
49,Some college,Married,Female,Private,40,low
47,High school,Previously married,Female,Private,40,low
22,No high school,Never married,Male,Private,40,low
42,No high school,Married,Male,Private,40,low
51,High school,Married,Male,Private,40,high
42,Some college,Married,Male,Private,40,high
35,High school,Never married,Female,Private,40,low
60,High school,Married,Male,Self-employed,38,low
28,Some college,Married,Male,Private,40,low
71,Some college,Previously married,Female,Private,50,low
48,Bachelor or higher,Previously married,Male,Private,40,low
38,Bachelor or higher,Never married,Male,Private,40,low
20,Some college,Never married,Male,Private,40,low
17,Some college,Never married,Male,Private,40,low
46,Bachelor or higher,Married,Male,Private,51,high
56,Bachelor or higher,Married,Male,Private,40,high
39,Bachelor or higher,Married,Male,Private,51,high
27,Some college,Married,Male,Private,40,high
73,High school,Previously married,Female,Private,16,low
27,Some college,Never married,Female,Private,40,low
63,No high school,Married,Male,Private,50,low
26,Bachelor or higher,Married,Male,Private,40,low
39,Some college,Never married,Female,Private,47,low
35,No high school,Married,Male,Private,40,low
45,No high school,Previously married,Female,Private,40,low
39,Some college,Never married,Female,Private,69,low
35,Bachelor or higher,Married,Male,Private,40,high
42,Some college,Never married,Female,Private,54,low
34,High school,Married,Male,Self-employed,31,low
25,High school,Married,Male,Self-employed,29,low
22,High school,Never married,Male,Private,47,low
50,High school,Married,Male,Government,40,low
52,Bachelor or higher,Married,Male,Private,40,high
42,Some college,Never married,Female,Private,40,low
31,Bachelor or higher,Married,Male,Private,40,low
21,High school,Never married,Female,Private,40,low
30,Bachelor or higher,Married,Male,Private,68,high
19,Some college,Never married,Female,Private,40,low
56,No high school,Previously married,Female,Private,22,low
22,Some college,Never married,Female,Private,34,low
43,Bachelor or higher,Married,Male,Private,40,high
66,Bachelor or higher,Previously married,Female,Private,61,high
19,Some college,Never married,Male,Private,40,low
37,High school,Never married,Male,Private,40,low
37,Bachelor or higher,Previously married,Female,Private,51,low
48,No high school,Married,Male,Private,40,low
38,High school,Previously married,Female,Private,27,low
48,Bachelor or higher,Married,Male,Private,40,high
27,High school,Married,Male,Private,40,low
86,Some college,Previously married,Female,Private,48,low
30,Some college,Married,Male,Private,51,low
21,Bachelor or higher,Never married,Female,Private,35,low
24,Some college,Never married,Male,Private,42,low
34,Some college,Married,Female,Private,48,high
55,Some college,Previously married,Female,Private,34,low
28,High school,Never married,Female,Private,40,low
66,No high school,Previously married,Female,Private,46,low
17,High school,Never married,Male,Private,40,low
44,Bachelor or higher,Married,Male,Private,59,high
20,High school,Never married,Male,Private,39,low
60,Some college,Previously married,Female,Private,25,high
59,High school,Married,Female,Private,49,high
49,Bachelor or higher,Previously married,Female,Private,47,low
29,Some college,Never married,Female,Private,29,low
36,Bachelor or higher,Married,Male,Private,51,high
32,Some college,Never married,Male,Private,40,low
35,No high school,Married,Male,Private,40,low
26,High school,Married,Male,Private,40,high
61,Bachelor or higher,Never married,Female,Private,48,high
24,High school,Never married,Male,Private,40,low
63,High school,Married,Male,Self-employed,46,low
35,Bachelor or higher,Married,Male,Government,40,low
35,Some college,Married,Female,Private,51,high
34,High school,Never married,Male,Private,27,low
35,Some college,Previously married,Female,Private,47,low
37,High school,Married,Male,Private,40,high
29,Bachelor or higher,Never married,Male,Government,40,low
54,High school,Previously married,Female,Private,30,low
43,No high school,Previously married,Female,Private,20,low
48,Bachelor or higher,Married,Male,Private,50,high
71,Some college,Married,Male,Self-employed,24,low
32,Bachelor or higher,Married,Male,Private,40,low
32,High school,Married,Male,Self-employed,29,low
56,Some college,Previously married,Female,Private,43,low
39,High school,Married,Male,Private,40,low
40,Bachelor or higher,Married,Male,Private,50,high
55,High school,Previously married,Female,Private,40,low
24,Bachelor or higher,Never married,Female,Private,19,low
29,Bachelor or higher,Married,Male,Government,40,low
62,No high school,Married,Male,Self-employed,40,low
60,High school,Previously married,Male,Self-employed,66,low
72,High school,Previously married,Female,Private,50,low
55,High school,Married,Female,Private,49,high
52,High school,Married,Male,Private,40,low
28,Some college,Never married,Male,Self-employed,20,low
46,High school,Married,Male,Self-employed,53,high
51,Bachelor or higher,Previously married,Female,Private,49,low
24,High school,Married,Female,Private,47,low
44,High school,Previously married,Male,Private,47,low
26,High school,Never married,Female,Private,40,low
29,Bachelor or higher,Married,Male,Private,40,high
26,Some college,Never married,Male,Private,40,low
22,High school,Never married,Female,Private,40,low
39,Bachelor or higher,Never married,Female,Private,40,low
43,No high school,Married,Male,Private,36,low
47,Bachelor or higher,Previously married,Female,Private,50,low
22,High school,Previously married,Male,Self-employed,51,low
19,High school,Never married,Male,Private,40,low
55,Bachelor or higher,Married,Male,Self-employed,47,low
42,High school,Married,Male,Private,52,high
39,High school,Married,Male,Private,51,low
33,High school,Never married,Female,Private,40,low
50,No high school,Married,Male,Private,40,low
34,Bachelor or higher,Never married,Male,Private,40,high
64,Bachelor or higher,Married,Male,Private,40,high
19,Some college,Married,Male,Private,40,high
46,High school,Married,Male,Government,40,low
64,Bachelor or higher,Married,Male,Self-employed,79,low
34,High school,Previously married,Female,Government,40,low
65,High school,Married,Male,Self-employed,52,low
32,Bachelor or higher,Married,Female,Government,40,low
20,High school,Never married,Male,Private,40,low
30,Some college,Previously married,Female,Government,31,low
37,No high school,Married,Male,Private,40,low
37,High school,Previously married,Female,Government,40,low
38,Some college,Married,Male,Government,51,high
40,High school,Never married,Female,Private,40,low
26,High school,Never married,Female,Private,47,low
38,Bachelor or higher,Never married,Male,Self-employed,32,low
60,Some college,Married,Male,Private,61,high
23,High school,Married,Male,Government,40,low
37,Some college,Married,Male,Private,40,low
57,Some college,Previously married,Female,Private,40,low
43,Bachelor or higher,Never married,Female,Private,47,high
50,Bachelor or higher,Married,Male,Self-employed,53,high
50,Some college,Previously married,Male,Government,40,low
23,High school,Never married,Male,Private,50,low
53,No high school,Previously married,Female,Private,49,low
34,Some college,Previously married,Female,Private,48,low
35,Bachelor or higher,Never married,Female,Government,40,low
56,Bachelor or higher,Married,Male,Private,52,high
33,Bachelor or higher,Never married,Female,Government,40,high
26,Bachelor or higher,Never married,Female,Private,40,low
31,High school,Never married,Male,Private,40,low
47,High school,Married,Male,Self-employed,40,low
21,Some college,Never married,Male,Private,40,low
50,High school,Previously married,Female,Private,22,low
26,High school,Married,Male,Private,40,low
40,High school,Previously married,Female,Private,49,low
58,Bachelor or higher,Married,Male,Private,40,high
30,High school,Never married,Female,Private,40,low
43,Some college,Married,Male,Private,40,low
18,Some college,Never married,Male,Private,40,low
47,Some college,Married,Female,Private,51,high
17,Some college,Never married,Female,Private,74,low
36,Some college,Married,Male,Self-employed,29,low
33,Some college,Married,Male,Private,40,low
24,Some college,Previously married,Female,Private,65,low
32,Bachelor or higher,Never married,Female,Private,40,low
37,High school,Never married,Female,Private,50,low
37,High school,Married,Male,Government,40,low
32,High school,Never married,Female,Government,40,low
45,Bachelor or higher,Previously married,Female,Government,40,low
55,High school,Never married,Female,Government,16,low
34,High school,Married,Male,Self-employed,40,low
52,High school,Never married,Female,Private,43,low
21,Some college,Married,Female,Private,50,high
27,No high school,Previously married,Male,Private,21,low
18,Some college,Never married,Male,Private,22,low
36,Some college,Previously married,Male,Private,40,low
23,High school,Never married,Male,Private,59,low
36,Bachelor or higher,Previously married,Female,Private,49,low
18,Some college,Never married,Female,Private,40,low
46,High school,Married,Male,Private,51,high
48,High school,Married,Male,Self-employed,63,high
43,Bachelor or higher,Never married,Male,Government,40,low
32,No high school,Married,Male,Private,40,low
44,Bachelor or higher,Never married,Male,Private,51,high
50,Bachelor or higher,Never married,Male,Private,40,high
29,Some college,Married,Male,Private,40,low
25,High school,Married,Male,Private,51,low
19,High school,Never married,Male,Private,40,low
26,No high school,Married,Male,Private,40,low
33,Some college,Previously married,Female,Private,40,low
46,Some college,Never married,Male,Private,41,high
20,Some college,Never married,Female,Private,40,low
23,Some college,Never married,Female,Private,40,low
25,Some college,Never married,Male,Private,33,low
54,Some college,Previously married,Female,Private,48,low
61,Some college,Previously married,Female,Private,50,low
27,Some college,Never married,Female,Self-employed,57,low
34,Some college,Never married,Female,Government,40,low
50,Bachelor or higher,Married,Male,Private,40,low
61,Some college,Previously married,Female,Private,40,high
40,Bachelor or higher,Married,Male,Private,57,high
39,Bachelor or higher,Previously married,Male,Self-employed,29,low
34,Bachelor or higher,Previously married,Female,Private,48,high
23,High school,Married,Male,Self-employed,40,low
56,High school,Never married,Female,Government,40,low
43,No high school,Previously married,Female,Private,40,low
36,Some college,Never married,Female,Government,40,low
38,High school,Previously married,Female,Private,40,low
53,High school,Married,Male,Government,40,low
32,Some college,Never married,Male,Government,40,low
48,High school,Married,Male,Private,40,low
33,Bachelor or higher,Never married,Male,Private,50,high
26,High school,Married,Male,Private,40,low
22,Some college,Never married,Male,Private,65,low
23,Some college,Never married,Female,Private,40,low
23,High school,Never married,Male,Government,40,low
33,Some college,Married,Male,Self-employed,35,low
34,High school,Married,Male,Private,40,low
23,Some college,Never married,Female,Private,40,low
27,High school,Married,Male,Self-employed,40,high
23,Some college,Married,Male,Government,40,low
34,Some college,Married,Female,Private,73,high
35,High school,Married,Female,Government,40,low
46,No high school,Previously married,Male,Private,33,low
32,Some college,Married,Male,Government,22,high
58,Bachelor or higher,Previously married,Female,Private,40,low
24,High school,Never married,Male,Private,40,low
50,Some college,Previously married,Female,Private,40,low
39,No high school,Married,Male,Private,40,low
43,No high school,Previously married,Female,Private,19,low
45,Some college,Married,Male,Self-employed,40,high
27,High school,Never married,Female,Private,40,low
37,Some college,Married,Male,Private,62,low
63,Some college,Married,Male,Private,40,low
20,Some college,Never married,Female,Private,19,low
30,Bachelor or higher,Never married,Male,Private,40,low
32,No high school,Married,Male,Private,27,low
27,High school,Never married,Female,Private,60,low
36,No high school,Married,Male,Private,50,low
23,High school,Married,Male,Private,40,low
29,High school,Married,Male,Private,40,low
47,High school,Previously married,Female,Private,36,low
40,Bachelor or higher,Never married,Female,Private,49,low
31,No high school,Married,Male,Private,23,low
34,Some college,Married,Male,Private,60,low
36,Bachelor or higher,Previously married,Male,Government,48,low
21,Bachelor or higher,Never married,Male,Private,40,low
35,Bachelor or higher,Married,Male,Private,62,low
20,High school,Never married,Male,Private,40,low
35,High school,Married,Male,Private,56,low
60,Bachelor or higher,Married,Female,Private,65,high
20,High school,Married,Male,Private,40,low
18,Some college,Never married,Male,Private,40,low
51,Bachelor or higher,Married,Male,Government,40,low
24,No high school,Previously married,Female,Private,40,low
20,Some college,Married,Female,Private,24,high
47,Bachelor or higher,Married,Male,Self-employed,59,high
32,High school,Never married,Male,Self-employed,87,high
18,Some college,Never married,Female,Private,46,low
41,No high school,Married,Male,Private,40,low
74,High school,Previously married,Male,Private,50,low
28,Some college,Never married,Female,Private,27,low
50,Bachelor or higher,Married,Male,Private,40,high
43,Bachelor or higher,Married,Male,Private,49,high
49,Bachelor or higher,Married,Male,Private,40,low
57,Some college,Married,Male,Private,40,high
46,Bachelor or higher,Married,Male,Private,49,high
45,High school,Never married,Male,Private,60,low
28,Bachelor or higher,Never married,Male,Private,53,low
67,Some college,Previously married,Female,Private,47,low
35,Bachelor or higher,Married,Male,Private,40,high
32,High school,Married,Male,Private,40,low
21,High school,Never married,Male,Private,48,low
34,Bachelor or higher,Previously married,Male,Private,48,low
25,Bachelor or higher,Never married,Male,Private,74,low
57,Some college,Married,Male,Self-employed,32,low
35,Bachelor or higher,Never married,Female,Private,40,low
67,No high school,Previously married,Female,Private,40,low
27,High school,Never married,Male,Private,40,low
36,Bachelor or higher,Never married,Male,Private,40,high
35,Bachelor or higher,Previously married,Male,Private,73,low
32,Some college,Married,Male,Self-employed,51,low
25,High school,Married,Male,Government,40,low
28,Some college,Married,Male,Self-employed,40,low
25,Bachelor or higher,Never married,Male,Government,40,low
30,Bachelor or higher,Married,Male,Government,59,low
22,Bachelor or higher,Married,Male,Government,40,low
37,Bachelor or higher,Married,Male,Private,51,high
61,No high school,Married,Male,Private,40,low
89,Some college,Previously married,Female,Private,40,low
47,Some college,Previously married,Female,Private,40,low
20,Some college,Never married,Male,Private,40,low
33,High school,Never married,Female,Private,12,low
46,Some college,Previously married,Female,Private,52,low
43,Some college,Never married,Female,Private,40,low
37,Bachelor or higher,Never married,Female,Private,78,low
19,Some college,Never married,Male,Private,48,high
71,High school,Married,Male,Self-employed,41,low
40,High school,Married,Male,Private,40,high
21,High school,Never married,Male,Private,48,low
23,Some college,Married,Male,Self-employed,50,low
36,Some college,Married,Male,Private,40,low
29,High school,Never married,Male,Government,40,low
44,High school,Married,Male,Government,40,low
60,Bachelor or higher,Married,Male,Private,40,low
34,Bachelor or higher,Married,Male,Private,49,high
22,High school,Married,Male,Private,40,low
35,Bachelor or higher,Never married,Male,Government,40,low
33,Bachelor or higher,Married,Male,Government,40,low
17,Some college,Never married,Female,Private,40,low
45,High school,Married,Male,Private,40,low
42,No high school,Married,Male,Private,26,low
22,High school,Never married,Male,Private,48,low
34,Bachelor or higher,Married,Male,Private,63,low
49,High school,Married,Male,Private,51,low
33,Some college,Married,Female,Government,40,high
38,Some college,Never married,Male,Private,40,low
19,Some college,Never married,Male,Private,40,low
34,Bachelor or higher,Previously married,Female,Private,51,low
58,Some college,Married,Male,Self-employed,40,low
84,High school,Married,Male,Self-employed,51,low
52,Bachelor or higher,Previously married,Female,Private,49,low
23,High school,Never married,Male,Private,40,low
28,Some college,Never married,Female,Private,40,low
23,Some college,Married,Male,Government,40,low
32,Bachelor or higher,Never married,Male,Government,40,low
32,Bachelor or higher,Never married,Male,Private,62,low
63,Some college,Married,Male,Self-employed,101,low
33,Bachelor or higher,Married,Male,Private,40,low
23,High school,Married,Male,Private,40,low
32,High school,Never married,Male,Private,31,low
44,Bachelor or higher,Married,Male,Government,40,low
21,High school,Never married,Male,Private,40,low
61,Some college,Married,Male,Government,40,low
32,Bachelor or higher,Married,Male,Private,50,high
25,High school,Married,Male,Private,40,low
36,High school,Married,Male,Private,40,low
34,High school,Married,Male,Self-employed,52,low
46,High school,Married,Male,Private,40,low
54,Bachelor or higher,Married,Male,Private,51,high
40,High school,Married,Male,Private,35,low
53,Bachelor or higher,Previously married,Female,Private,51,high
28,High school,Never married,Female,Private,40,low
49,High school,Married,Male,Private,40,low
42,Bachelor or higher,Previously married,Female,Private,51,low
36,Some college,Never married,Female,Private,40,low
26,High school,Never married,Male,Private,40,low
17,High school,Never married,Male,Private,40,low
29,High school,Previously married,Male,Private,50,low
60,High school,Previously married,Female,Private,40,low
30,Some college,Married,Male,Self-employed,51,high
21,Bachelor or higher,Never married,Male,Private,40,low
73,No high school,Married,Male,Private,40,low
26,High school,Married,Male,Private,62,low
53,Bachelor or higher,Previously married,Female,Private,40,low
19,No high school,Never married,Female,Private,18,low
34,High school,Married,Male,Private,40,low
67,High school,Married,Male,Private,41,low
25,Some college,Never married,Male,Private,36,low
24,Some college,Never married,Male,Government,40,low
21,Some college,Married,Male,Private,40,low
41,Some college,Married,Male,Private,48,high
19,High school,Never married,Female,Private,26,low
31,Some college,Never married,Male,Private,40,high
32,High school,Married,Male,Private,34,low
36,High school,Married,Male,Self-employed,40,low
43,Bachelor or higher,Previously married,Female,Private,47,high
26,High school,Never married,Female,Private,48,low
27,Some college,Never married,Female,Private,16,low
24,High school,Never married,Male,Private,40,low
54,No high school,Married,Male,Private,40,low
37,Bachelor or higher,Married,Female,Private,49,high
74,High school,Married,Male,Self-employed,32,low
41,High school,Married,Male,Government,58,low
44,High school,Married,Male,Government,40,low
42,High school,Married,Male,Private,40,high
68,No high school,Previously married,Female,Private,40,low
72,High school,Previously married,Female,Private,48,low
18,High school,Never married,Male,Private,40,low
38,Bachelor or higher,Married,Female,Private,49,high
53,Some college,Never married,Female,Private,40,low
45,High school,Previously married,Female,Private,48,low
57,No high school,Previously married,Male,Private,40,low
25,Some college,Married,Male,Private,40,low
30,Bachelor or higher,Married,Male,Private,40,low
25,High school,Never married,Male,Private,40,low
29,Some college,Never married,Male,Government,40,low
27,High school,Previously married,Female,Private,46,low
60,High school,Married,Male,Private,40,low
57,Bachelor or higher,Married,Male,Private,47,high
24,High school,Never married,Male,Private,51,low
26,High school,Married,Male,Private,40,low
34,Some college,Previously married,Female,Government,40,low
29,High school,Married,Male,Self-employed,40,low
48,Some college,Never married,Male,Government,40,low
40,Some college,Never married,Male,Private,30,low
27,High school,Married,Male,Self-employed,40,low
37,Some college,Married,Male,Private,60,low
31,Bachelor or higher,Never married,Male,Private,40,low
29,High school,Never married,Male,Government,49,low
32,Bachelor or higher,Never married,Female,Government,40,low
50,High school,Previously married,Male,Private,34,low
27,No high school,Married,Female,Private,28,low
28,High school,Never married,Female,Private,40,low
18,Some college,Never married,Male,Private,40,low
32,Some college,Previously married,Female,Private,40,low
38,Bachelor or higher,Never married,Male,Government,40,low
38,High school,Married,Male,Self-employed,40,low
28,Bachelor or higher,Never married,Male,Government,40,low
46,Some college,Married,Male,Private,40,low
56,High school,Married,Male,Private,40,high
32,No high school,Never married,Female,Private,40,low
39,Bachelor or higher,Married,Male,Private,59,high
19,High school,Married,Male,Government,40,low
39,High school,Previously married,Female,Private,50,low
45,Some college,Married,Male,Private,57,low
46,High school,Married,Male,Private,40,low
36,High school,Previously married,Female,Private,35,low
29,Some college,Married,Male,Private,40,high
55,High school,Married,Male,Government,40,low
30,Bachelor or higher,Married,Male,Government,40,low
49,High school,Previously married,Female,Private,40,low
36,Some college,Married,Male,Self-employed,40,low
48,Some college,Married,Male,Self-employed,63,low
21,High school,Married,Male,Self-employed,54,low
30,No high school,Married,Male,Private,30,low
40,Bachelor or higher,Married,Male,Private,50,high
44,High school,Married,Male,Private,40,high
22,High school,Married,Male,Private,40,low
34,High school,Married,Male,Self-employed,40,low
16,Some college,Never married,Female,Private,40,low
24,Some college,Never married,Female,Private,18,low
61,No high school,Married,Male,Private,34,low
24,Some college,Never married,Male,Private,31,low
29,Some college,Married,Male,Private,40,high
65,Bachelor or higher,Previously married,Male,Government,50,low
38,No high school,Married,Male,Private,40,low
19,Some college,Never married,Male,Private,40,low
57,Bachelor or higher,Married,Male,Government,40,low
37,Some college,Married,Male,Private,40,low
52,Bachelor or higher,Previously married,Male,Private,28,low
50,No high school,Previously married,Female,Private,29,low
21,High school,Never married,Female,Private,40,low
40,Bachelor or higher,Married,Female,Private,40,high
31,High school,Married,Male,Government,40,low
39,High school,Married,Male,Government,40,high
42,High school,Married,Male,Private,40,low
52,Some college,Previously married,Female,Private,40,low
50,No high school,Previously married,Female,Private,40,low
40,High school,Married,Male,Self-employed,50,low
43,Some college,Married,Male,Private,60,high
35,High school,Never married,Female,Private,40,low
60,Bachelor or higher,Previously married,Female,Private,46,high
20,High school,Never married,Male,Government,40,low
55,Bachelor or higher,Never married,Female,Private,83,low
71,No high school,Previously married,Female,Private,40,low
58,High school,Married,Male,Government,40,low
38,Some college,Married,Male,Private,40,high
18,Some college,Married,Male,Private,40,high
31,High school,Married,Male,Private,40,high
51,High school,Never married,Male,Private,40,low
17,Some college,Never married,Female,Private,40,low
43,High school,Married,Male,Private,60,low
32,Bachelor or higher,Married,Male,Private,40,low
24,High school,Never married,Male,Private,26,low
32,Some college,Never married,Female,Private,40,low
30,No high school,Previously married,Female,Private,40,low
34,High school,Married,Female,Private,40,low
42,Some college,Married,Male,Government,40,low
26,Some college,Never married,Female,Private,40,low
34,Some college,Never married,Female,Private,40,low
29,No high school,Never married,Female,Private,40,low
36,Some college,Never married,Female,Private,51,high
53,High school,Married,Male,Self-employed,31,low
47,Some college,Married,Male,Private,40,low
22,Some college,Never married,Male,Private,40,low
54,Bachelor or higher,Married,Male,Private,40,high
47,Some college,Married,Male,Private,40,low
51,High school,Previously married,Female,Private,46,low
38,No high school,Previously married,Male,Private,36,low
38,No high school,Married,Male,Private,40,low
27,Some college,Never married,Female,Government,60,low
31,High school,Married,Male,Self-employed,60,low
17,High school,Never married,Male,Private,40,low
29,Some college,Married,Male,Private,40,low
22,High school,Never married,Male,Private,40,low
18,Some college,Never married,Male,Private,40,low
42,Bachelor or higher,Married,Male,Private,40,high
47,High school,Previously married,Female,Private,20,low
29,Bachelor or higher,Never married,Male,Private,60,low
40,Some college,Married,Male,Private,40,high
32,Bachelor or higher,Married,Male,Private,40,low
32,High school,Married,Male,Self-employed,40,low
44,Bachelor or higher,Married,Male,Private,50,high
39,No high school,Previously married,Female,Private,40,low
33,Bachelor or higher,Never married,Female,Private,57,low
35,High school,Married,Male,Self-employed,50,low
33,Bachelor or higher,Married,Male,Government,40,low
38,High school,Never married,Male,Self-employed,40,low
24,Some college,Never married,Male,Self-employed,35,low
33,Some college,Married,Male,Self-employed,40,high
20,Some college,Never married,Male,Private,49,low
23,Some college,Never married,Male,Private,40,low
20,High school,Never married,Male,Private,32,low
31,High school,Married,Male,Government,36,low
24,High school,Married,Male,Self-employed,40,low
24,Some college,Married,Male,Government,40,high
37,Bachelor or higher,Never married,Male,Government,40,low
57,Bachelor or higher,Previously married,Female,Private,40,low
17,High school,Never married,Male,Private,19,low
24,Some college,Never married,Male,Private,46,high
61,High school,Married,Male,Private,51,high
48,Bachelor or higher,Married,Male,Private,58,high
60,No high school,Previously married,Female,Private,30,low
28,Some college,Never married,Male,Government,40,low
43,Bachelor or higher,Married,Male,Private,47,high
45,Bachelor or higher,Married,Male,Private,40,high
25,High school,Married,Male,Private,40,high
53,Some college,Married,Male,Private,49,low
29,Bachelor or higher,Never married,Male,Private,40,low
38,Some college,Previously married,Female,Private,47,low
29,High school,Never married,Male,Private,32,low
33,Some college,Never married,Female,Private,62,low
46,Some college,Previously married,Female,Private,50,low
35,Some college,Married,Male,Private,47,high
36,High school,Never married,Female,Private,40,low
56,High school,Previously married,Female,Private,26,low
33,High school,Married,Male,Government,48,low
28,Some college,Married,Male,Private,40,low
69,Some college,Married,Male,Self-employed,62,low
33,Some college,Never married,Male,Private,40,low
36,Bachelor or higher,Never married,Female,Private,53,low
27,Some college,Married,Male,Private,49,high
41,No high school,Married,Male,Private,40,low
48,High school,Married,Male,Private,40,low
17,High school,Never married,Male,Private,51,low
55,High school,Married,Female,Private,52,low
56,Bachelor or higher,Married,Male,Private,40,low
50,Bachelor or higher,Never married,Female,Government,48,high
36,High school,Married,Male,Government,40,low
37,Bachelor or higher,Never married,Male,Government,49,low
39,Some college,Never married,Male,Government,40,low
22,Some college,Never married,Male,Private,63,low
41,Bachelor or higher,Married,Male,Private,40,high
44,Bachelor or higher,Previously married,Male,Government,40,low
43,High school,Married,Male,Private,48,high
76,High school,Married,Female,Private,50,high
39,High school,Married,Male,Government,40,low
59,Bachelor or higher,Previously married,Male,Government,40,low
49,Bachelor or higher,Previously married,Male,Private,40,low
74,Bachelor or higher,Married,Male,Private,40,high
77,Some college,Married,Male,Self-employed,52,high
51,High school,Previously married,Female,Private,48,low
42,Some college,Married,Male,Private,40,low
28,Some college,Never married,Female,Private,40,low
25,High school,Married,Male,Self-employed,40,low
50,Some college,Never married,Female,Private,40,low
60,Some college,Married,Male,Private,52,high
38,Bachelor or higher,Never married,Male,Government,40,low
43,Bachelor or higher,Previously married,Female,Private,40,low
39,High school,Married,Male,Government,40,low
42,Bachelor or higher,Never married,Female,Government,40,low
48,High school,Never married,Male,Self-employed,38,low
31,No high school,Married,Male,Self-employed,33,low
32,High school,Married,Male,Self-employed,35,low
54,Bachelor or higher,Previously married,Female,Private,52,low
50,Bachelor or higher,Married,Male,Private,40,high
40,High school,Married,Female,Private,26,low
34,High school,Married,Male,Private,40,low
47,Bachelor or higher,Previously married,Female,Private,49,high
20,Some college,Never married,Female,Private,32,low
43,Bachelor or higher,Married,Male,Government,40,low
42,Some college,Never married,Female,Government,40,low
21,High school,Married,Male,Private,29,low
25,Bachelor or higher,Married,Male,Government,40,low
37,High school,Never married,Female,Government,40,low
56,Bachelor or higher,Never married,Male,Private,40,low
31,Bachelor or higher,Married,Male,Private,40,high
56,High school,Married,Male,Self-employed,40,high
46,Bachelor or higher,Never married,Male,Private,34,high
49,Bachelor or higher,Married,Female,Private,40,high
44,Bachelor or higher,Never married,Male,Government,66,low
51,Bachelor or higher,Married,Female,Self-employed,49,high
31,High school,Married,Female,Private,46,low
23,High school,Never married,Female,Private,40,low
38,No high school,Previously married,Male,Private,40,low
40,Bachelor or higher,Married,Male,Government,40,low
23,High school,Married,Male,Private,40,low
23,Some college,Never married,Male,Private,51,low
27,Some college,Married,Male,Private,40,low
26,No high school,Never married,Female,Private,40,low
28,High school,Married,Male,Government,40,low
40,Some college,Previously married,Female,Private,47,low
37,High school,Never married,Female,Private,40,low
23,Some college,Married,Male,Self-employed,40,low
18,High school,Never married,Male,Private,40,low
40,High school,Married,Male,Private,51,high
42,High school,Married,Male,Private,40,low
34,Bachelor or higher,Never married,Male,Private,40,low
61,Bachelor or higher,Previously married,Female,Private,40,low
34,Bachelor or higher,Married,Male,Private,40,high
38,Some college,Married,Female,Private,40,high
28,Bachelor or higher,Never married,Male,Private,59,low
34,No high school,Never married,Male,Private,40,low
53,High school,Previously married,Female,Private,41,low
25,Bachelor or higher,Never married,Female,Private,40,high
47,Some college,Previously married,Female,Private,47,low
50,High school,Never married,Female,Private,23,low
64,High school,Married,Female,Private,38,low
50,High school,Married,Male,Self-employed,40,low
30,High school,Married,Male,Government,46,low
33,High school,Married,Male,Private,40,low
38,High school,Married,Male,Private,40,low
27,High school,Married,Male,Private,49,high
63,Some college,Previously married,Female,Private,48,low
25,High school,Married,Male,Private,40,low
42,Bachelor or higher,Never married,Female,Private,47,low
19,High school,Never married,Male,Private,40,low
61,High school,Married,Male,Government,40,low
21,High school,Never married,Male,Self-employed,37,low
47,High school,Previously married,Female,Private,40,low
77,Bachelor or higher,Previously married,Female,Private,37,low
55,High school,Married,Male,Private,40,low
33,Some college,Married,Male,Private,40,high
39,Bachelor or higher,Married,Male,Private,49,low
37,Bachelor or higher,Never married,Female,Government,40,low
18,Some college,Never married,Female,Private,40,low
53,High school,Previously married,Female,Private,40,low
39,No high school,Never married,Female,Private,38,low
34,Some college,Married,Male,Private,40,high
40,High school,Married,Male,Private,50,low
65,No high school,Married,Male,Private,40,low
25,High school,Married,Male,Private,40,low
21,Some college,Never married,Female,Private,33,high
34,High school,Married,Male,Private,49,low
18,Some college,Never married,Male,Private,40,low
35,Bachelor or higher,Never married,Male,Private,50,high
47,Bachelor or higher,Married,Male,Government,59,high
21,Some college,Never married,Male,Private,22,low
72,No high school,Previously married,Female,Private,40,low
48,Bachelor or higher,Married,Male,Private,40,low
44,High school,Previously married,Male,Private,47,low
51,Some college,Married,Male,Private,51,high
33,High school,Married,Male,Private,40,low
34,High school,Married,Male,Private,40,low
32,Some college,Married,Male,Private,22,low
18,High school,Never married,Male,Private,40,low
36,Bachelor or higher,Married,Male,Government,40,high
18,High school,Never married,Female,Government,52,low
31,No high school,Married,Male,Private,37,low
32,High school,Married,Female,Private,40,low
39,High school,Married,Male,Self-employed,62,low
44,High school,Previously married,Male,Private,40,low
55,High school,Never married,Female,Private,40,high
67,Some college,Married,Male,Self-employed,40,high
26,High school,Never married,Female,Private,40,low
22,High school,Married,Male,Private,40,low
41,Bachelor or higher,Married,Female,Government,40,high
40,High school,Never married,Male,Private,48,low
49,No high school,Previously married,Female,Private,48,low
25,High school,Previously married,Female,Government,40,low
46,Bachelor or higher,Married,Male,Private,49,high
27,Bachelor or higher,Married,Male,Government,40,low
59,High school,Married,Male,Self-employed,32,low
57,High school,Married,Male,Self-employed,34,low
29,Bachelor or higher,Never married,Female,Private,89,low
39,Some college,Married,Male,Private,60,low
37,Bachelor or higher,Married,Male,Private,40,high
76,No high school,Married,Male,Private,40,low
32,Some college,Never married,Male,Private,50,high
37,High school,Married,Male,Private,63,high
36,High school,Married,Male,Self-employed,36,low
29,Bachelor or higher,Married,Male,Private,61,high
41,High school,Married,Male,Private,37,low
45,Some college,Never married,Female,Private,40,low
36,No high school,Married,Male,Private,40,low
16,Some college,Never married,Female,Private,40,low
24,Bachelor or higher,Never married,Male,Government,40,low
31,High school,Never married,Female,Private,40,high
29,Some college,Never married,Male,Private,35,low
29,Bachelor or higher,Never married,Male,Private,46,low
40,Some college,Married,Male,Self-employed,36,high
35,High school,Married,Male,Private,52,low
21,Some college,Married,Male,Private,40,low
50,No high school,Married,Male,Private,49,low
25,Some college,Never married,Female,Private,40,high
52,Bachelor or higher,Married,Female,Private,40,low
46,High school,Previously married,Female,Private,29,low
61,Bachelor or higher,Married,Male,Self-employed,40,low
53,High school,Never married,Male,Self-employed,45,low
61,Some college,Never married,Male,Self-employed,27,low
65,Some college,Married,Male,Private,40,low
34,Some college,Married,Male,Private,72,high
36,Bachelor or higher,Married,Male,Private,49,high
43,Some college,Married,Male,Private,40,low
25,Some college,Married,Male,Government,40,low
29,High school,Never married,Female,Private,81,low
27,Bachelor or higher,Never married,Male,Private,40,low
35,Bachelor or higher,Married,Male,Self-employed,60,high
29,No high school,Previously married,Male,Private,37,low
59,Bachelor or higher,Previously married,Female,Private,40,high
63,High school,Previously married,Female,Government,59,low
23,Some college,Never married,Male,Private,47,low
22,High school,Married,Male,Government,40,low
24,Some college,Never married,Male,Private,40,low
19,Some college,Never married,Male,Private,35,low
34,High school,Married,Male,Private,40,low
42,Bachelor or higher,Married,Male,Government,40,low
59,No high school,Married,Male,Private,40,high
34,High school,Married,Male,Private,40,low
25,High school,Married,Male,Government,40,low
46,Some college,Married,Male,Private,50,low
18,High school,Never married,Female,Private,40,low
23,Some college,Never married,Female,Private,11,low
23,Some college,Never married,Female,Private,19,low
46,Bachelor or higher,Previously married,Female,Government,40,high
33,Some college,Married,Male,Private,30,low
30,Some college,Never married,Female,Private,33,low
33,High school,Never married,Male,Private,40,low
38,Bachelor or higher,Married,Female,Private,49,high
43,Bachelor or higher,Married,Male,Self-employed,49,low
28,High school,Never married,Male,Private,40,low
30,Some college,Never married,Female,Government,40,low
46,Bachelor or higher,Previously married,Male,Private,40,low
36,High school,Previously married,Female,Private,31,low
23,High school,Never married,Male,Self-employed,35,low
45,High school,Married,Male,Private,63,low
66,Some college,Married,Male,Self-employed,40,high
33,Bachelor or higher,Married,Male,Government,50,high
53,Bachelor or higher,Previously married,Female,Private,40,low
16,Some college,Never married,Male,Private,40,low
35,High school,Previously married,Female,Government,40,low
28,High school,Never married,Male,Private,40,low
47,High school,Married,Male,Private,43,low
55,High school,Married,Male,Government,40,low
37,Bachelor or higher,Married,Male,Private,50,low
32,Some college,Married,Male,Private,47,low
34,High school,Married,Male,Private,40,low
38,High school,Married,Male,Private,40,low
37,High school,Married,Male,Private,47,low
29,High school,Never married,Female,Private,38,low
30,Some college,Married,Male,Government,40,low
66,No high school,Previously married,Male,Private,77,low
49,Some college,Never married,Female,Private,40,high
34,Bachelor or higher,Married,Male,Government,40,low
25,No high school,Married,Male,Private,40,low
45,High school,Never married,Female,Private,40,low
36,Bachelor or higher,Never married,Male,Private,40,high
23,High school,Never married,Male,Private,49,low
41,High school,Married,Male,Government,40,low
44,Some college,Previously married,Female,Private,40,high
24,Some college,Married,Male,Private,50,high
43,High school,Previously married,Male,Private,40,low
43,Some college,Married,Male,Government,40,low
47,Bachelor or higher,Never married,Female,Private,49,low
41,Bachelor or higher,Married,Male,Government,40,low
49,Bachelor or higher,Married,Male,Private,50,high
16,Some college,Never married,Male,Private,40,low
26,Bachelor or higher,Married,Male,Self-employed,62,high
25,Some college,Married,Male,Private,40,low
41,Some college,Married,Male,Private,49,low
38,Bachelor or higher,Married,Male,Government,40,low
36,High school,Never married,Female,Private,27,low
31,High school,Married,Male,Private,40,low
46,Some college,Never married,Female,Private,32,low
51,High school,Married,Male,Private,49,low
21,High school,Never married,Male,Private,40,low
32,High school,Married,Male,Government,40,low
38,High school,Married,Male,Private,40,high
35,High school,Married,Male,Private,40,low
26,High school,Never married,Male,Private,40,low
19,Some college,Never married,Male,Government,40,low
25,High school,Never married,Male,Private,40,low
30,Some college,Married,Male,Self-employed,45,low
22,High school,Never married,Female,Private,49,low
44,No high school,Married,Female,Private,40,low
37,Bachelor or higher,Never married,Male,Private,40,low
54,No high school,Previously married,Female,Private,40,low
45,Some college,Married,Female,Private,40,low
22,No high school,Never married,Male,Private,40,low
41,Some college,Previously married,Female,Private,40,low
47,High school,Married,Male,Private,40,low
61,High school,Previously married,Male,Self-employed,50,low
34,Bachelor or higher,Married,Male,Private,51,high
34,Bachelor or higher,Married,Female,Private,40,high
20,High school,Never married,Female,Government,40,low
65,High school,Married,Male,Self-employed,45,low
36,No high school,Previously married,Female,Private,32,low
34,High school,Never married,Female,Government,40,low
45,High school,Married,Male,Private,40,low
55,Bachelor or higher,Previously married,Female,Private,51,high
38,No high school,Married,Male,Private,40,low
90,High school,Married,Male,Self-employed,40,low
54,No high school,Married,Male,Private,25,low
26,Bachelor or higher,Never married,Male,Government,55,low
49,High school,Married,Male,Private,40,low
20,Some college,Never married,Female,Private,40,low
39,Some college,Married,Male,Private,62,high
60,High school,Married,Male,Government,40,low
40,Some college,Never married,Female,Government,28,low
22,High school,Married,Male,Private,40,low
36,High school,Never married,Male,Government,40,low
16,No high school,Never married,Female,Private,21,low
32,Bachelor or higher,Previously married,Female,Private,32,low
47,High school,Previously married,Male,Private,40,low
19,High school,Married,Male,Private,40,low
31,Bachelor or higher,Previously married,Male,Private,48,high
43,Some college,Married,Male,Self-employed,62,low
67,Bachelor or higher,Previously married,Female,Private,50,high
34,High school,Married,Male,Private,40,low
48,Bachelor or higher,Never married,Female,Private,40,low
68,No high school,Married,Male,Private,40,low
31,Some college,Never married,Female,Private,32,low
20,High school,Never married,Male,Government,35,low
22,Some college,Never married,Male,Private,40,low
33,High school,Married,Male,Private,52,low
44,Bachelor or higher,Married,Male,Private,60,low
31,High school,Married,Male,Government,40,low
28,Some college,Married,Male,Government,40,low
59,Bachelor or higher,Previously married,Female,Private,49,low
31,Bachelor or higher,Married,Male,Self-employed,53,low
42,Some college,Never married,Male,Private,40,low
34,Bachelor or higher,Married,Male,Private,40,high
28,Bachelor or higher,Previously married,Female,Private,40,low
48,Bachelor or higher,Previously married,Female,Private,48,low
38,Some college,Never married,Male,Private,40,high
48,No high school,Previously married,Female,Private,59,low
50,Some college,Previously married,Female,Private,40,low
22,High school,Never married,Male,Private,40,low
18,High school,Never married,Female,Private,53,low
45,High school,Never married,Female,Private,32,low
57,No high school,Married,Male,Government,40,low
23,High school,Married,Male,Private,40,low
27,Some college,Never married,Female,Private,31,low
45,Some college,Married,Male,Government,40,low
25,Bachelor or higher,Never married,Male,Government,40,low
41,Some college,Married,Male,Self-employed,51,high
47,Bachelor or higher,Never married,Male,Private,40,low
60,Bachelor or higher,Married,Female,Private,48,high
61,High school,Previously married,Female,Private,50,high
32,Bachelor or higher,Married,Male,Private,71,high
72,High school,Previously married,Female,Private,47,low
41,No high school,Married,Male,Private,23,low
37,High school,Married,Male,Private,40,high
37,Some college,Married,Male,Private,40,low
35,High school,Married,Male,Private,40,low
20,High school,Never married,Female,Government,40,low
34,Bachelor or higher,Married,Male,Government,61,high
56,Bachelor or higher,Married,Female,Private,47,high
39,Bachelor or higher,Married,Male,Private,49,high
19,Some college,Never married,Female,Private,40,low
41,High school,Married,Male,Private,40,high
44,Some college,Previously married,Female,Private,48,high
30,No high school,Never married,Male,Private,73,low
69,Some college,Married,Male,Private,40,low
49,Bachelor or higher,Previously married,Male,Private,61,high
43,Bachelor or higher,Never married,Male,Private,40,low
50,High school,Married,Male,Self-employed,51,high
30,High school,Never married,Female,Government,40,low
23,No high school,Never married,Male,Private,36,low
39,High school,Previously married,Male,Private,40,low
18,Some college,Never married,Female,Private,40,low
49,No high school,Previously married,Female,Private,40,low
21,High school,Never married,Female,Private,40,low
33,Bachelor or higher,Married,Male,Private,49,low
46,High school,Married,Male,Private,50,low
28,Some college,Never married,Male,Private,40,low
20,Some college,Never married,Male,Private,40,low
33,High school,Married,Male,Self-employed,66,low
27,Bachelor or higher,Never married,Female,Government,40,low
40,No high school,Married,Male,Private,40,low
58,Some college,Married,Male,Private,40,high
56,No high school,Previously married,Female,Private,40,low
45,Bachelor or higher,Never married,Male,Private,49,high
61,High school,Never married,Female,Private,40,low
22,Some college,Never married,Male,Private,40,low
42,Bachelor or higher,Never married,Female,Private,58,low
77,Bachelor or higher,Previously married,Female,Private,40,low
65,Bachelor or higher,Previously married,Female,Private,48,low
28,Some college,Never married,Male,Private,33,low
40,High school,Previously married,Female,Private,40,low
45,Some college,Previously married,Female,Private,40,low
42,High school,Married,Male,Private,48,high
29,Some college,Never married,Male,Private,40,low
39,Bachelor or higher,Married,Male,Private,40,low
37,High school,Never married,Male,Private,40,low
43,Some college,Married,Male,Private,40,low
32,High school,Married,Male,Self-employed,27,low
20,Some college,Never married,Male,Private,40,low
30,No high school,Previously married,Male,Private,40,low
40,High school,Never married,Male,Private,52,low
19,High school,Never married,Female,Private,29,low
25,High school,Never married,Female,Private,27,low
30,Bachelor or higher,Married,Female,Private,40,high
43,Bachelor or higher,Never married,Female,Private,49,high
48,Bachelor or higher,Married,Male,Private,50,high
38,High school,Never married,Male,Government,40,low
32,High school,Never married,Male,Private,40,low
36,Some college,Married,Male,Self-employed,63,low
48,Bachelor or higher,Married,Male,Private,59,high
22,Some college,Married,Male,Private,40,high
45,Bachelor or higher,Previously married,Female,Private,50,high
20,Some college,Never married,Male,Private,40,low
61,High school,Married,Male,Private,41,high
48,Some college,Married,Male,Private,40,low
26,High school,Never married,Male,Private,40,low
32,High school,Married,Male,Private,40,low
75,High school,Married,Male,Private,33,low
73,High school,Previously married,Female,Private,30,low
41,Bachelor or higher,Previously married,Female,Private,51,high
31,Some college,Never married,Female,Private,40,low
70,No high school,Married,Male,Private,49,low
19,High school,Never married,Male,Private,40,low
42,Bachelor or higher,Married,Male,Private,40,low
24,High school,Married,Male,Private,40,low
27,Some college,Married,Male,Private,40,low
24,High school,Never married,Female,Private,40,low
28,Some college,Never married,Male,Private,40,low
72,Bachelor or higher,Previously married,Female,Private,49,high
38,High school,Married,Male,Private,52,high
19,High school,Never married,Female,Private,40,low
50,High school,Married,Male,Government,40,low
34,Bachelor or higher,Married,Male,Private,40,high
23,High school,Married,Male,Private,40,low
46,Bachelor or higher,Married,Male,Government,50,high
49,Some college,Previously married,Female,Private,47,low
35,Some college,Never married,Female,Government,47,low
30,Bachelor or higher,Never married,Male,Private,47,high
18,Some college,Never married,Female,Private,40,low
31,High school,Never married,Female,Private,40,low
45,Bachelor or higher,Married,Male,Government,40,low
37,Bachelor or higher,Married,Male,Government,46,high
44,No high school,Married,Female,Private,40,low
47,High school,Previously married,Male,Private,40,low
51,Bachelor or higher,Previously married,Female,Private,49,low
40,High school,Never married,Female,Private,40,low
46,Bachelor or higher,Married,Male,Private,63,high
18,High school,Never married,Female,Government,57,low
31,Some college,Previously married,Female,Private,40,low
29,Some college,Never married,Female,Private,40,low
18,High school,Never married,Male,Private,40,low
24,High school,Never married,Male,Private,40,low
34,Some college,Previously married,Female,Private,49,low
46,High school,Married,Male,Private,40,low
32,Some college,Never married,Female,Private,40,low
35,Some college,Married,Male,Private,52,high
34,Bachelor or higher,Never married,Male,Private,40,low
61,Bachelor or higher,Never married,Male,Self-employed,65,low
43,Bachelor or higher,Never married,Male,Private,48,high
35,High school,Married,Male,Private,49,low
29,High school,Married,Female,Private,85,high
30,Bachelor or higher,Never married,Female,Private,50,low
54,Some college,Married,Male,Government,40,low
22,Some college,Married,Male,Self-employed,68,low
62,Some college,Previously married,Female,Government,48,low
47,No high school,Previously married,Female,Private,79,low
55,Some college,Married,Male,Private,40,high
50,Bachelor or higher,Married,Male,Government,40,low
40,No high school,Never married,Female,Private,58,low
28,Some college,Married,Male,Private,40,low
49,High school,Married,Male,Private,53,high
77,High school,Previously married,Female,Private,50,high
20,High school,Never married,Male,Private,40,low
43,High school,Previously married,Male,Self-employed,80,low
51,High school,Married,Male,Self-employed,40,low
41,High school,Married,Male,Government,49,high
23,Some college,Never married,Male,Private,49,low
33,High school,Never married,Male,Private,40,low
53,No high school,Married,Female,Private,37,low
45,No high school,Previously married,Female,Private,40,low
55,Bachelor or higher,Never married,Female,Private,46,high
41,Bachelor or higher,Married,Female,Private,51,high
56,Some college,Never married,Male,Private,40,low
75,High school,Previously married,Female,Private,40,low
46,High school,Married,Male,Self-employed,81,low
28,High school,Married,Male,Private,40,low
71,High school,Married,Male,Private,41,low
31,High school,Married,Male,Self-employed,40,low
41,High school,Married,Female,Private,52,low
32,Bachelor or higher,Previously married,Female,Private,16,low
88,Bachelor or higher,Previously married,Male,Private,53,high
31,Bachelor or higher,Married,Male,Private,60,high
56,Bachelor or higher,Married,Male,Private,40,high
61,No high school,Previously married,Male,Private,48,low
46,Bachelor or higher,Married,Male,Government,61,high
37,High school,Never married,Female,Private,40,low
49,High school,Previously married,Female,Private,48,low
59,No high school,Never married,Male,Private,40,low
23,High school,Married,Male,Private,40,low
23,High school,Never married,Male,Private,40,low
24,High school,Never married,Male,Government,40,low
21,Some college,Never married,Male,Private,40,low
31,Bachelor or higher,Married,Male,Self-employed,53,high
19,High school,Never married,Female,Private,40,low
28,Some college,Never married,Male,Private,40,low
19,Some college,Never married,Male,Private,29,low
36,High school,Married,Male,Government,40,low
22,High school,Married,Male,Private,34,low
35,High school,Previously married,Female,Private,40,low
37,Some college,Previously married,Female,Private,48,low
69,Bachelor or higher,Previously married,Female,Private,40,low
37,High school,Previously married,Female,Private,50,low
38,Some college,Never married,Female,Private,40,low
23,High school,Never married,Male,Private,40,low
44,High school,Married,Male,Private,40,low
42,High school,Married,Male,Private,28,low
15,Some college,Never married,Male,Private,40,low
30,No high school,Married,Male,Private,40,low
39,No high school,Married,Male,Private,56,low
39,High school,Married,Male,Private,40,low
19,Some college,Never married,Male,Private,46,low
44,High school,Married,Male,Private,44,low
38,High school,Married,Male,Private,42,low
40,High school,Married,Male,Government,56,low
81,Some college,Previously married,Female,Private,40,low
47,High school,Previously married,Male,Private,40,low
36,High school,Never married,Male,Private,40,low
55,High school,Married,Male,Self-employed,40,low
21,Some college,Never married,Male,Private,68,low
56,No high school,Married,Female,Private,40,low
22,No high school,Never married,Male,Private,40,low
49,Bachelor or higher,Married,Female,Government,40,low
29,High school,Never married,Male,Private,48,low
24,Some college,Never married,Male,Government,40,low
32,High school,Married,Male,Private,48,low
18,High school,Never married,Male,Private,40,low
19,Some college,Never married,Female,Private,40,low
29,High school,Never married,Male,Private,46,low
28,High school,Married,Male,Private,40,high
44,No high school,Married,Male,Private,57,low
46,Some college,Previously married,Female,Private,25,high
34,Some college,Never married,Female,Private,31,high
24,Some college,Never married,Male,Self-employed,28,low
37,Some college,Previously married,Female,Private,49,low
25,No high school,Married,Male,Private,38,low
31,Bachelor or higher,Previously married,Female,Self-employed,47,high
64,Bachelor or higher,Previously married,Female,Private,48,low
35,High school,Previously married,Male,Private,40,low
41,High school,Previously married,Female,Private,40,low
14,Some college,Never married,Male,Private,40,low
57,Some college,Previously married,Female,Private,50,low
30,Bachelor or higher,Never married,Male,Private,40,low
27,High school,Never married,Female,Private,50,low
23,Some college,Never married,Male,Government,40,low
37,No high school,Previously married,Female,Private,22,low
20,High school,Never married,Male,Government,40,low
40,Bachelor or higher,Never married,Female,Government,40,low
46,Some college,Previously married,Female,Private,49,low
62,No high school,Married,Male,Self-employed,40,low
22,High school,Never married,Male,Private,19,low
27,Some college,Previously married,Female,Private,40,high
32,High school,Married,Male,Private,40,low
34,High school,Never married,Male,Self-employed,96,low
29,Bachelor or higher,Never married,Male,Private,40,low
20,High school,Never married,Female,Private,26,low
62,High school,Married,Female,Private,32,low
48,Bachelor or higher,Married,Male,Private,26,low
39,Some college,Never married,Female,Government,40,low
36,Some college,Married,Male,Self-employed,60,low
31,Bachelor or higher,Never married,Female,Private,34,low
38,High school,Married,Male,Private,49,high
46,Bachelor or higher,Married,Male,Government,40,low
34,No high school,Married,Male,Private,40,low
20,Some college,Never married,Female,Private,40,low
37,Some college,Never married,Male,Private,40,low
52,Some college,Married,Male,Private,40,low
48,Bachelor or higher,Married,Female,Private,40,high
22,High school,Never married,Male,Private,20,low
20,High school,Never married,Female,Private,45,low
40,High school,Married,Male,Government,40,low
27,High school,Married,Male,Private,40,low
18,High school,Never married,Male,Private,40,low
22,Some college,Never married,Female,Private,40,low
47,Bachelor or higher,Previously married,Female,Private,47,low
42,No high school,Married,Male,Self-employed,40,low
42,Some college,Married,Male,Private,40,low
18,Some college,Married,Male,Private,40,low
41,High school,Married,Male,Self-employed,26,low
24,High school,Married,Male,Private,40,low
79,Some college,Married,Male,Self-employed,39,low
50,High school,Previously married,Female,Private,40,low
57,Some college,Previously married,Female,Private,40,low
27,Bachelor or higher,Never married,Male,Government,40,low
42,No high school,Married,Male,Private,38,low
37,Bachelor or higher,Previously married,Female,Government,40,low
41,No high school,Previously married,Male,Private,28,low
34,Some college,Never married,Female,Private,40,low
50,No high school,Married,Male,Private,48,low
47,Some college,Married,Male,Private,52,high
46,High school,Previously married,Female,Private,53,low
22,High school,Never married,Female,Private,40,low
42,High school,Married,Male,Self-employed,40,low
42,High school,Married,Male,Private,40,low
23,High school,Never married,Male,Private,40,low
24,High school,Never married,Male,Government,40,low
40,Some college,Married,Male,Self-employed,30,low
85,No high school,Previously married,Female,Self-employed,33,low
37,Some college,Married,Male,Self-employed,40,low
30,High school,Never married,Female,Government,24,low
45,Bachelor or higher,Married,Male,Private,48,high
57,Some college,Married,Male,Private,37,low
23,High school,Never married,Male,Private,22,low
53,High school,Previously married,Female,Government,22,low
25,Some college,Never married,Male,Private,40,low
39,Bachelor or higher,Previously married,Female,Private,49,low
22,Bachelor or higher,Never married,Male,Private,17,low
63,High school,Married,Male,Self-employed,50,low
35,No high school,Previously married,Female,Private,40,low
28,Bachelor or higher,Never married,Male,Government,40,low
64,High school,Previously married,Female,Private,40,low
38,No high school,Married,Female,Private,40,low
36,Bachelor or higher,Previously married,Male,Private,52,high
45,High school,Never married,Male,Private,30,low
42,High school,Married,Male,Private,49,high
25,High school,Married,Male,Self-employed,52,high
43,High school,Married,Male,Private,21,low
24,Some college,Married,Male,Private,40,low
45,Bachelor or higher,Never married,Male,Self-employed,41,low
32,Some college,Never married,Female,Government,40,low
37,Bachelor or higher,Never married,Male,Government,40,low
49,High school,Married,Male,Private,40,low
23,Bachelor or higher,Never married,Male,Private,60,low
30,Bachelor or higher,Never married,Female,Private,40,low
35,Some college,Married,Male,Private,40,low
39,Bachelor or higher,Never married,Male,Government,40,low
40,High school,Married,Male,Private,53,low
41,No high school,Married,Male,Private,40,low
61,Bachelor or higher,Never married,Male,Government,40,low
22,Some college,Married,Male,Private,32,low
29,Bachelor or higher,Never married,Male,Private,51,high
54,High school,Married,Male,Private,40,low
19,High school,Never married,Male,Private,40,low
42,Bachelor or higher,Married,Male,Government,40,high
49,Bachelor or higher,Married,Male,Private,52,high
42,Bachelor or higher,Married,Male,Private,48,high
56,Bachelor or higher,Married,Male,Private,51,high
24,High school,Never married,Male,Government,40,low
16,Some college,Never married,Male,Private,25,low
41,High school,Never married,Female,Private,53,low
60,No high school,Married,Male,Private,60,low
48,Some college,Previously married,Female,Private,40,low
26,Bachelor or higher,Never married,Male,Government,40,low
25,Some college,Married,Male,Government,40,low
29,High school,Married,Male,Private,40,low
52,High school,Never married,Male,Private,40,low
30,Bachelor or higher,Married,Male,Private,48,high
27,No high school,Never married,Male,Private,40,low
67,No high school,Married,Male,Private,40,low
27,Some college,Never married,Male,Private,18,low
33,Bachelor or higher,Married,Male,Private,40,low
33,No high school,Previously married,Male,Private,50,low
20,High school,Married,Male,Self-employed,30,low
47,High school,Married,Male,Private,40,low
23,High school,Never married,Female,Government,23,low
38,High school,Married,Male,Government,40,low
52,Bachelor or higher,Married,Male,Government,50,high
27,Bachelor or higher,Previously married,Female,Private,60,low
44,No high school,Never married,Male,Private,40,low
51,High school,Previously married,Female,Private,20,low
64,No high school,Previously married,Female,Private,40,low
43,High school,Never married,Female,Private,40,low
30,High school,Married,Male,Private,53,high
27,High school,Married,Male,Private,40,low
39,High school,Previously married,Male,Private,40,low
16,Some college,Never married,Male,Private,40,low
50,Bachelor or higher,Previously married,Female,Private,48,high
36,Some college,Married,Male,Self-employed,47,low
53,No high school,Married,Male,Private,40,low
23,Some college,Never married,Female,Private,45,low
27,High school,Never married,Female,Government,40,low
28,Some college,Never married,Male,Private,40,low
35,High school,Never married,Male,Government,40,low
24,High school,Married,Male,Government,40,low
31,Bachelor or higher,Married,Male,Government,40,low
27,Bachelor or higher,Married,Male,Government,40,low
32,Bachelor or higher,Never married,Female,Private,48,high
21,Some college,Never married,Male,Private,40,low
52,High school,Married,Male,Private,40,high
27,Some college,Married,Female,Private,40,high
23,Some college,Previously married,Female,Private,44,low
35,Bachelor or higher,Never married,Female,Private,40,high
67,High school,Married,Male,Private,40,low
80,Some college,Previously married,Female,Self-employed,49,low
32,Some college,Previously married,Female,Private,40,low
46,No high school,Previously married,Female,Private,17,low
26,No high school,Previously married,Female,Private,40,low
30,High school,Married,Male,Self-employed,86,low
71,Some college,Married,Male,Private,32,low
39,Some college,Married,Male,Private,40,high
24,Some college,Married,Male,Self-employed,34,low
26,High school,Never married,Female,Private,32,low
35,High school,Married,Male,Private,40,low
46,Bachelor or higher,Previously married,Female,Government,40,low
58,Bachelor or higher,Married,Male,Private,49,high
34,High school,Never married,Male,Private,23,low
28,Bachelor or higher,Married,Male,Private,40,high
19,High school,Never married,Male,Private,30,low
41,Bachelor or higher,Married,Male,Private,57,high
19,Some college,Never married,Male,Private,40,low
36,High school,Never married,Female,Private,40,low
34,No high school,Married,Male,Private,40,low
51,Bachelor or higher,Married,Male,Private,48,high
17,Some college,Married,Male,Self-employed,40,low
53,Some college,Married,Male,Private,40,low
20,Some college,Never married,Female,Private,20,low
32,High school,Previously married,Male,Private,40,low
31,High school,Married,Male,Government,40,low
29,Some college,Never married,Female,Private,25,low
42,Bachelor or higher,Never married,Female,Private,40,low
29,Some college,Never married,Male,Private,40,low
50,High school,Married,Male,Government,40,low
43,High school,Previously married,Female,Private,50,low
33,High school,Never married,Female,Private,19,low
37,High school,Married,Male,Government,74,high
60,Bachelor or higher,Married,Male,Private,61,low
30,High school,Married,Male,Government,51,low
49,Bachelor or higher,Married,Male,Government,40,high
25,High school,Never married,Female,Private,40,low
31,Bachelor or higher,Married,Male,Private,61,high
35,High school,Never married,Male,Private,80,low
70,High school,Married,Male,Self-employed,40,low
24,High school,Never married,Male,Private,40,low
37,High school,Married,Female,Private,40,low
17,Some college,Never married,Female,Private,47,high
47,High school,Married,Male,Private,34,low
23,Some college,Never married,Male,Private,40,low
45,Some college,Previously married,Female,Private,46,high
28,High school,Previously married,Male,Private,40,low
39,Bachelor or higher,Married,Male,Self-employed,30,high
24,Bachelor or higher,Never married,Female,Private,60,high
36,High school,Married,Male,Government,40,low
21,Bachelor or higher,Never married,Female,Private,40,low
41,High school,Previously married,Male,Private,50,low
47,Bachelor or higher,Married,Male,Private,40,low
16,High school,Never married,Male,Private,40,low
32,Bachelor or higher,Never married,Female,Government,40,high
42,High school,Previously married,Male,Government,40,low
42,High school,Married,Male,Private,52,low
27,High school,Never married,Male,Private,28,low
30,Bachelor or higher,Married,Male,Government,40,low
39,High school,Previously married,Female,Private,40,low
32,Bachelor or higher,Married,Male,Private,48,high
44,High school,Married,Male,Private,49,high
89,High school,Married,Male,Self-employed,36,low
47,Bachelor or higher,Previously married,Female,Government,40,low
33,Bachelor or higher,Previously married,Male,Private,48,low
32,Some college,Married,Female,Private,40,high
35,High school,Never married,Male,Self-employed,64,low
68,No high school,Married,Male,Private,40,low
33,High school,Never married,Male,Private,32,low
31,Some college,Married,Male,Government,40,high
27,High school,Never married,Male,Private,40,low
51,Bachelor or higher,Married,Male,Self-employed,51,high
48,High school,Married,Female,Private,40,low
41,No high school,Married,Male,Private,41,low
17,Some college,Never married,Female,Private,40,low
32,Some college,Never married,Male,Private,67,low
27,Some college,Married,Male,Private,40,low
29,No high school,Married,Male,Private,40,low
36,High school,Married,Male,Private,40,low
25,Some college,Never married,Female,Private,40,low
65,High school,Married,Male,Self-employed,36,low
29,Some college,Never married,Male,Private,40,low
16,High school,Never married,Female,Private,20,low
46,High school,Married,Male,Private,40,low
27,Some college,Never married,Female,Private,33,low
27,High school,Never married,Male,Government,40,low
34,High school,Never married,Female,Government,40,low
52,Some college,Married,Female,Private,51,high
33,High school,Married,Male,Private,40,low
44,Some college,Never married,Female,Private,40,low
50,High school,Married,Male,Self-employed,40,high
39,Some college,Never married,Female,Government,40,low
33,Bachelor or higher,Never married,Female,Government,21,low
34,Bachelor or higher,Married,Male,Private,50,high
65,High school,Never married,Male,Self-employed,62,low
43,High school,Married,Male,Private,50,high
36,No high school,Previously married,Female,Private,40,low
68,Bachelor or higher,Previously married,Female,Private,14,low
63,Some college,Married,Male,Self-employed,50,high
42,No high school,Previously married,Female,Private,40,low
36,Some college,Married,Male,Private,40,high
64,No high school,Previously married,Female,Private,40,low
19,High school,Never married,Male,Government,40,low
27,High school,Married,Male,Private,40,low
21,Some college,Never married,Male,Private,50,high
68,Some college,Married,Male,Self-employed,50,low
24,High school,Married,Male,Self-employed,43,low
54,Bachelor or higher,Previously married,Female,Private,49,low
21,Some college,Never married,Female,Self-employed,32,low
53,High school,Never married,Female,Private,29,low
37,High school,Married,Female,Private,28,low
37,Some college,Previously married,Male,Private,40,low
30,High school,Never married,Male,Self-employed,52,low
48,Bachelor or higher,Married,Male,Private,51,high
72,High school,Previously married,Female,Private,51,low
22,Bachelor or higher,Never married,Male,Government,48,low
57,Some college,Married,Male,Self-employed,49,high
43,Bachelor or higher,Previously married,Female,Private,49,high
21,High school,Never married,Male,Private,40,low
41,No high school,Married,Male,Private,40,low
24,High school,Married,Male,Private,50,low
54,High school,Married,Male,Private,40,low
30,No high school,Previously married,Female,Private,30,low
23,Some college,Never married,Male,Private,40,low
45,Some college,Previously married,Female,Private,40,low
40,Bachelor or higher,Previously married,Female,Private,48,high
58,Bachelor or higher,Married,Male,Self-employed,63,high
49,Bachelor or higher,Married,Male,Government,52,high
20,Some college,Never married,Male,Private,50,low
33,Some college,Never married,Male,Private,40,low
42,Bachelor or higher,Married,Male,Private,60,high
34,Bachelor or higher,Previously married,Female,Private,49,low
31,High school,Never married,Male,Private,36,low
57,Some college,Married,Female,Private,40,low
39,Some college,Married,Male,Private,40,high
35,High school,Married,Female,Private,40,low
57,Some college,Married,Female,Private,50,high
44,Some college,Previously married,Female,Private,40,low
65,High school,Married,Female,Government,40,low
35,Some college,Married,Female,Government,40,low
42,Bachelor or higher,Previously married,Female,Private,45,low
64,Bachelor or higher,Married,Male,Government,40,low
43,High school,Married,Male,Private,40,low
35,Some college,Married,Male,Self-employed,40,low
51,Bachelor or higher,Married,Female,Private,48,high
56,Bachelor or higher,Married,Male,Private,47,low
57,No high school,Married,Male,Private,40,low
57,High school,Married,Male,Self-employed,21,low
22,Some college,Never married,Female,Private,39,low
23,High school,Married,Male,Private,40,low
31,Some college,Married,Male,Private,40,high
60,Bachelor or higher,Previously married,Female,Private,49,high
31,Bachelor or higher,Never married,Male,Private,73,low
27,Some college,Never married,Female,Government,40,low
33,Bachelor or higher,Married,Male,Government,40,low
48,Bachelor or higher,Previously married,Male,Private,40,low
22,High school,Married,Female,Private,40,low
39,Bachelor or higher,Married,Male,Government,51,high
28,Bachelor or higher,Previously married,Female,Private,73,low
49,Bachelor or higher,Married,Male,Private,51,high
36,Bachelor or higher,Married,Male,Self-employed,40,low
46,No high school,Previously married,Female,Private,49,low
35,High school,Married,Male,Private,53,low
33,Bachelor or higher,Never married,Female,Private,47,high
40,Bachelor or higher,Married,Male,Private,40,low
46,Bachelor or higher,Never married,Male,Government,40,low
17,Some college,Married,Male,Private,40,low
55,No high school,Married,Female,Private,58,low
38,High school,Married,Male,Government,40,low
23,High school,Married,Male,Self-employed,51,low
68,Bachelor or higher,Married,Male,Private,52,high
31,Some college,Never married,Female,Private,53,high
42,No high school,Never married,Male,Private,40,low
37,Bachelor or higher,Married,Male,Private,40,low
30,Bachelor or higher,Never married,Female,Private,50,high
29,Some college,Married,Male,Private,40,high
19,Some college,Never married,Male,Private,73,low
64,No high school,Never married,Female,Private,34,low
17,No high school,Married,Male,Private,40,low
38,High school,Married,Male,Private,40,low
39,Bachelor or higher,Married,Male,Private,40,low
39,Some college,Previously married,Female,Private,49,high
30,High school,Married,Female,Private,40,low
42,High school,Married,Female,Private,40,low
72,Bachelor or higher,Never married,Male,Private,49,low
44,High school,Married,Male,Private,40,low
38,Bachelor or higher,Previously married,Female,Private,49,high
40,Some college,Married,Male,Self-employed,48,low
57,Bachelor or higher,Married,Male,Private,50,low
43,Bachelor or higher,Never married,Female,Government,40,low
43,Bachelor or higher,Never married,Male,Private,51,low
44,Some college,Married,Female,Private,30,high
48,High school,Previously married,Female,Private,50,low
29,High school,Married,Male,Private,40,low
41,Some college,Married,Male,Self-employed,77,high
43,Bachelor or higher,Married,Male,Government,40,low
48,High school,Never married,Female,Government,40,low
24,High school,Married,Male,Government,36,low
41,High school,Married,Male,Private,40,low
31,No high school,Married,Male,Private,40,low
21,Some college,Never married,Male,Government,40,low
44,No high school,Married,Male,Private,40,low
43,Bachelor or higher,Previously married,Female,Private,48,high
23,High school,Never married,Male,Private,40,low
50,Bachelor or higher,Married,Male,Government,49,low
74,Bachelor or higher,Previously married,Male,Self-employed,41,low
49,High school,Previously married,Male,Private,50,low
53,High school,Married,Male,Private,40,low
16,Some college,Never married,Female,Private,40,low
50,Bachelor or higher,Married,Male,Self-employed,51,high
22,High school,Never married,Female,Government,40,low
47,Some college,Previously married,Female,Private,49,low
30,High school,Never married,Male,Private,40,low
35,Bachelor or higher,Never married,Male,Private,50,low
47,Bachelor or higher,Previously married,Female,Private,34,low
38,Some college,Never married,Female,Private,40,low
35,High school,Previously married,Female,Private,40,low
50,No high school,Married,Male,Private,40,low
35,Bachelor or higher,Married,Male,Private,94,high
47,High school,Married,Male,Government,40,low
35,High school,Married,Male,Private,40,low
30,Some college,Never married,Female,Government,48,low
27,High school,Married,Male,Private,40,low
21,Some college,Never married,Female,Private,30,low
47,Bachelor or higher,Married,Male,Private,47,high
46,No high school,Previously married,Female,Private,20,low
76,No high school,Previously married,Female,Private,29,low
28,High school,Married,Male,Self-employed,49,low
30,Bachelor or higher,Married,Male,Private,68,high
34,High school,Married,Male,Private,40,low
51,No high school,Married,Female,Private,40,low
29,High school,Married,Male,Government,40,low
29,Some college,Previously married,Female,Private,40,low
31,No high school,Never married,Male,Private,40,low
19,Some college,Never married,Male,Private,40,low
41,Bachelor or higher,Married,Male,Self-employed,62,high
38,High school,Married,Male,Self-employed,50,high
20,High school,Married,Male,Private,48,low
19,High school,Never married,Female,Private,40,low
27,No high school,Married,Male,Private,40,low
61,Some college,Married,Female,Private,60,high
30,High school,Married,Male,Private,44,low
19,High school,Never married,Male,Private,40,low
48,High school,Married,Male,Private,51,low
28,High school,Married,Male,Self-employed,32,low
25,Some college,Married,Male,Government,40,low
41,Bachelor or higher,Married,Male,Private,45,high
42,Bachelor or higher,Never married,Male,Private,60,low
45,Some college,Married,Male,Private,58,low
41,Some college,Married,Male,Private,40,high
53,Some college,Previously married,Female,Government,50,low
26,Some college,Married,Male,Private,40,high
38,Some college,Married,Male,Self-employed,63,low
25,High school,Married,Male,Private,40,low
53,High school,Previously married,Female,Private,40,low
45,Some college,Married,Male,Government,40,low
54,Bachelor or higher,Previously married,Male,Private,48,low
31,No high school,Married,Male,Private,40,low
34,Some college,Never married,Female,Private,40,low
40,Some college,Married,Male,Private,40,high
26,High school,Married,Male,Private,40,low
54,High school,Previously married,Female,Private,29,low
35,No high school,Married,Male,Private,31,low
48,Bachelor or higher,Married,Male,Government,40,low
32,Some college,Married,Male,Self-employed,47,low
45,Bachelor or higher,Previously married,Female,Private,52,low
53,Some college,Previously married,Female,Private,42,low
50,Bachelor or higher,Previously married,Female,Private,51,high
55,Some college,Married,Male,Private,62,high
32,High school,Married,Male,Self-employed,54,low
37,Some college,Married,Male,Self-employed,70,low
40,Bachelor or higher,Married,Female,Government,40,high
26,Some college,Never married,Male,Private,44,low
43,Bachelor or higher,Never married,Male,Private,40,low
30,Bachelor or higher,Previously married,Male,Private,40,low
59,High school,Married,Male,Self-employed,21,low
47,High school,Married,Male,Private,40,low
40,High school,Married,Male,Private,40,low
29,High school,Previously married,Male,Private,40,low
45,High school,Married,Male,Private,40,high
24,High school,Never married,Male,Private,28,low
40,Bachelor or higher,Married,Male,Private,40,high
47,Some college,Never married,Female,Private,40,low
33,Some college,Never married,Female,Private,53,low
48,Some college,Married,Male,Private,50,low
50,Bachelor or higher,Married,Male,Private,40,high
74,No high school,Previously married,Female,Private,29,low
42,High school,Previously married,Female,Government,40,low
20,Some college,Never married,Female,Private,40,low
30,Bachelor or higher,Never married,Female,Private,60,low
22,High school,Never married,Male,Private,40,low
23,Some college,Never married,Male,Private,52,low
20,Some college,Married,Male,Private,40,high
43,High school,Previously married,Female,Private,43,low
31,Bachelor or higher,Never married,Male,Government,40,low
27,High school,Married,Male,Private,40,low
39,Some college,Never married,Female,Government,40,low
57,Bachelor or higher,Married,Female,Private,40,high
40,Bachelor or higher,Never married,Male,Private,50,high
67,High school,Married,Male,Private,52,low
44,High school,Married,Male,Private,46,low
48,Some college,Married,Male,Private,40,low
41,Bachelor or higher,Never married,Male,Private,75,low
45,High school,Previously married,Female,Private,47,low
25,High school,Married,Male,Private,40,low
26,High school,Never married,Male,Government,81,low
20,Some college,Never married,Female,Private,40,low
40,Some college,Married,Female,Private,40,high
56,No high school,Previously married,Female,Private,40,low
31,Some college,Never married,Female,Government,40,low
22,Some college,Never married,Male,Private,40,low
38,No high school,Married,Male,Private,50,low
25,Some college,Never married,Female,Private,47,low
27,No high school,Never married,Female,Private,40,low
32,Some college,Never married,Female,Private,40,high
43,High school,Previously married,Male,Private,51,low
65,High school,Previously married,Female,Private,51,low
42,High school,Married,Female,Private,48,high
60,High school,Married,Male,Private,40,high
56,Bachelor or higher,Married,Male,Private,62,low
52,No high school,Previously married,Female,Private,25,low
70,No high school,Married,Male,Private,40,low
35,Bachelor or higher,Previously married,Male,Government,40,low
20,No high school,Never married,Female,Private,40,low
27,Some college,Never married,Female,Private,40,low
24,Some college,Never married,Female,Private,40,low
29,High school,Married,Male,Government,38,low
42,No high school,Married,Male,Private,28,low
21,High school,Never married,Female,Private,40,low
21,Some college,Married,Male,Private,40,high
43,Some college,Previously married,Male,Private,52,high
32,Bachelor or higher,Married,Male,Private,49,high
70,Bachelor or higher,Previously married,Female,Private,48,low
29,Some college,Never married,Female,Private,40,low
30,High school,Married,Male,Government,40,low
37,Bachelor or higher,Never married,Male,Government,40,low
28,Some college,Previously married,Male,Private,51,low
55,Bachelor or higher,Previously married,Female,Private,51,low
29,High school,Married,Male,Private,40,low
33,High school,Never married,Female,Private,40,low
52,No high school,Previously married,Female,Private,40,low
40,Bachelor or higher,Married,Male,Private,40,high
51,High school,Previously married,Female,Private,48,low
31,Bachelor or higher,Married,Male,Private,50,high
24,Some college,Never married,Female,Private,40,low
22,No high school,Never married,Male,Private,29,low
51,Bachelor or higher,Never married,Female,Private,40,low
37,Bachelor or higher,Married,Male,Private,40,low
34,Bachelor or higher,Never married,Male,Private,40,low
19,High school,Never married,Male,Private,40,low
30,High school,Never married,Male,Private,51,low
26,Some college,Never married,Male,Private,32,low
20,Some college,Married,Male,Private,40,low
68,High school,Previously married,Female,Private,49,low
44,Bachelor or higher,Never married,Female,Private,47,high
20,Some college,Never married,Male,Private,40,low
27,Some college,Never married,Male,Private,40,low
22,Some college,Never married,Male,Government,49,low
36,Bachelor or higher,Married,Male,Private,40,low
47,Bachelor or higher,Married,Male,Self-employed,33,low
31,High school,Never married,Female,Private,40,low
28,High school,Married,Male,Government,26,low
22,High school,Never married,Male,Private,41,low
48,Some college,Never married,Female,Private,59,low
15,High school,Never married,Female,Private,40,low
45,Some college,Never married,Male,Private,40,low
41,Some college,Married,Female,Private,40,high
48,High school,Previously married,Female,Private,40,low
28,Some college,Previously married,Male,Private,29,low
44,Some college,Never married,Female,Private,40,low
23,High school,Never married,Male,Private,40,low
34,Some college,Never married,Female,Private,48,high
48,Some college,Previously married,Female,Private,50,low
23,High school,Never married,Female,Government,40,low
26,Some college,Never married,Female,Government,40,low
18,Some college,Married,Male,Private,40,low
39,No high school,Married,Female,Private,40,low
30,High school,Married,Male,Private,40,low
39,Some college,Married,Female,Private,48,high
41,Bachelor or higher,Married,Male,Self-employed,61,high
42,High school,Married,Male,Private,48,high
84,Bachelor or higher,Married,Male,Self-employed,63,low
35,Some college,Never married,Female,Private,40,high
27,No high school,Never married,Female,Private,40,low
21,High school,Never married,Male,Private,31,low
47,High school,Previously married,Female,Government,40,low
42,Some college,Previously married,Female,Private,41,low
18,Some college,Married,Male,Private,40,low
43,Bachelor or higher,Previously married,Female,Private,46,low
50,Bachelor or higher,Married,Male,Government,40,high
36,Bachelor or higher,Married,Female,Private,40,high
36,Some college,Married,Male,Government,40,low
43,Bachelor or higher,Married,Male,Private,40,low
58,No high school,Previously married,Female,Private,38,low
46,High school,Married,Female,Private,40,high
20,Some college,Married,Male,Self-employed,40,low
47,High school,Never married,Female,Private,29,low
43,Bachelor or higher,Married,Male,Private,40,high
26,High school,Never married,Male,Private,29,low
44,High school,Previously married,Female,Private,49,low
21,High school,Never married,Male,Private,40,low
87,No high school,Previously married,Female,Private,48,low
41,High school,Married,Female,Private,51,high
64,High school,Previously married,Female,Private,50,low
48,Bachelor or higher,Never married,Female,Private,48,low
28,No high school,Previously married,Female,Private,40,low
25,Bachelor or higher,Married,Male,Government,40,high
20,Some college,Married,Male,Private,40,low
34,High school,Married,Male,Private,40,low
34,No high school,Never married,Female,Private,40,low
34,Some college,Never married,Female,Government,40,low
43,Bachelor or higher,Married,Male,Private,51,high
57,No high school,Married,Male,Private,40,low
34,High school,Married,Male,Government,40,low
71,High school,Previously married,Female,Private,49,low
40,Some college,Married,Female,Private,40,low
28,High school,Never married,Female,Government,17,low
32,High school,Previously married,Female,Private,40,low
41,Bachelor or higher,Married,Male,Private,40,high
29,Some college,Married,Male,Private,40,high
44,No high school,Married,Male,Private,40,low
22,Some college,Never married,Female,Private,40,high
60,High school,Married,Male,Government,32,low
36,Bachelor or higher,Married,Male,Self-employed,33,low
29,High school,Never married,Female,Private,25,low
42,No high school,Never married,Female,Private,31,low
65,No high school,Married,Male,Private,61,low
53,High school,Married,Male,Self-employed,26,low
21,High school,Married,Male,Private,52,low
45,High school,Previously married,Female,Private,51,low
41,High school,Married,Male,Self-employed,40,low
28,Some college,Never married,Male,Private,40,low
62,Bachelor or higher,Married,Male,Self-employed,64,high
17,High school,Never married,Male,Government,40,low
61,No high school,Never married,Female,Private,40,low
41,Bachelor or higher,Never married,Male,Private,55,high
30,High school,Married,Male,Private,40,low
24,No high school,Never married,Male,Private,40,low
28,High school,Never married,Female,Private,40,low
76,High school,Previously married,Male,Self-employed,33,low
33,High school,Never married,Male,Private,86,low
30,Bachelor or higher,Never married,Female,Private,31,low
32,Some college,Never married,Male,Private,40,low
46,High school,Married,Male,Government,40,low
46,High school,Married,Male,Government,40,low
69,Some college,Previously married,Female,Private,49,low
46,Some college,Never married,Female,Private,46,high
61,High school,Married,Male,Government,49,low
58,Bachelor or higher,Married,Male,Private,33,high
23,High school,Never married,Male,Private,40,low
25,Some college,Married,Male,Private,40,low
21,High school,Never married,Female,Private,40,low
37,Some college,Never married,Female,Private,40,low
24,High school,Married,Male,Private,40,low
74,Some college,Previously married,Female,Self-employed,41,low
32,No high school,Married,Male,Private,59,low
49,Some college,Married,Male,Private,40,low
33,Bachelor or higher,Never married,Male,Private,40,low
45,Some college,Never married,Female,Private,26,low
38,No high school,Married,Male,Private,40,low
50,Bachelor or higher,Previously married,Female,Private,49,high
30,Some college,Never married,Female,Private,40,low
31,Some college,Married,Male,Private,48,high
17,Some college,Never married,Male,Private,40,low
35,High school,Previously married,Female,Private,51,low
34,Some college,Married,Female,Private,40,high
46,High school,Married,Male,Private,52,low
21,High school,Married,Male,Private,40,low
18,High school,Never married,Male,Private,40,low
45,High school,Married,Male,Private,40,high
53,High school,Previously married,Female,Private,36,high
37,High school,Married,Male,Private,50,low
41,High school,Married,Male,Private,50,low
39,High school,Married,Male,Private,32,low
32,No high school,Married,Male,Private,40,low
43,High school,Previously married,Female,Private,32,low
38,Some college,Never married,Male,Private,50,high
44,High school,Previously married,Female,Private,47,low
20,Some college,Never married,Female,Private,40,low
37,High school,Married,Male,Government,40,low
33,High school,Married,Male,Government,33,high
15,Some college,Never married,Male,Private,40,low
43,High school,Never married,Male,Government,65,low
37,High school,Previously married,Male,Government,40,low
21,High school,Married,Male,Self-employed,51,low
28,High school,Married,Male,Government,40,low
33,Some college,Previously married,Male,Private,40,low
18,High school,Never married,Female,Private,40,low
49,High school,Married,Male,Self-employed,52,high
18,Some college,Never married,Male,Private,49,low
57,Bachelor or higher,Married,Male,Private,49,high
55,High school,Never married,Male,Self-employed,36,low
28,High school,Never married,Female,Private,40,low
22,High school,Never married,Male,Private,40,low
20,Some college,Never married,Male,Private,40,low
35,Some college,Never married,Male,Private,40,low
21,High school,Never married,Female,Private,72,low
34,Bachelor or higher,Never married,Male,Private,63,high
23,Some college,Married,Male,Private,40,low
44,Bachelor or higher,Married,Female,Private,40,high
21,High school,Married,Male,Private,40,low
42,Bachelor or higher,Married,Male,Private,40,high
46,Some college,Married,Male,Private,60,high
34,No high school,Married,Male,Private,49,low
37,High school,Married,Male,Government,40,low
28,High school,Never married,Male,Government,40,low
21,Bachelor or higher,Never married,Female,Private,48,low
40,High school,Married,Male,Private,28,low
38,Some college,Married,Male,Private,40,high
18,Some college,Never married,Male,Government,40,low
36,High school,Never married,Female,Private,24,low
30,Bachelor or higher,Never married,Male,Private,61,low
61,Bachelor or higher,Married,Male,Self-employed,48,high
19,High school,Never married,Male,Private,40,low
23,Bachelor or higher,Never married,Female,Private,40,low
32,High school,Married,Male,Private,40,low
46,High school,Married,Male,Self-employed,51,high
24,High school,Never married,Male,Self-employed,75,low
46,Bachelor or higher,Never married,Male,Private,60,high
55,No high school,Previously married,Female,Private,40,low
35,No high school,Married,Male,Private,40,low
52,No high school,Married,Male,Private,49,low
29,Bachelor or higher,Previously married,Female,Private,45,low
46,High school,Previously married,Male,Private,40,low
23,High school,Married,Male,Private,33,low
29,Some college,Never married,Male,Private,40,low
46,Some college,Married,Male,Self-employed,62,high
17,High school,Never married,Male,Private,40,low
20,Some college,Never married,Male,Private,40,low
41,High school,Never married,Male,Private,40,low
23,High school,Never married,Female,Government,61,low
38,High school,Married,Female,Private,50,low
26,Bachelor or higher,Never married,Male,Government,40,low
37,Bachelor or higher,Never married,Male,Government,28,low
40,No high school,Married,Male,Private,40,low
52,High school,Married,Male,Private,40,low
39,Some college,Married,Male,Private,40,low
30,High school,Married,Male,Private,40,low
40,High school,Married,Male,Self-employed,45,low
17,Some college,Never married,Male,Private,40,low
22,High school,Never married,Female,Private,36,low
50,Some college,Previously married,Female,Private,40,high
21,Bachelor or higher,Never married,Male,Private,51,low
32,High school,Never married,Female,Private,40,low
50,Bachelor or higher,Married,Male,Private,40,low
22,High school,Never married,Male,Private,51,low
54,Bachelor or higher,Previously married,Female,Private,47,high
31,Some college,Married,Male,Private,40,low
38,Some college,Married,Male,Government,40,low
53,High school,Previously married,Female,Private,45,low
36,No high school,Married,Male,Private,40,low
33,Bachelor or higher,Married,Male,Private,48,high
33,High school,Never married,Male,Self-employed,28,low
24,High school,Never married,Female,Private,28,low
17,Some college,Never married,Male,Private,40,low
29,Some college,Never married,Female,Private,40,low
28,High school,Never married,Male,Government,40,low
50,Bachelor or higher,Married,Male,Private,40,high
24,High school,Married,Male,Private,40,low
45,Bachelor or higher,Married,Male,Private,40,high
24,High school,Married,Male,Private,40,low
46,Some college,Married,Male,Private,48,high
33,Some college,Never married,Female,Private,40,low
45,Some college,Married,Male,Private,52,low
37,Some college,Married,Male,Private,47,high
16,Some college,Never married,Female,Private,40,low
35,Bachelor or higher,Married,Male,Private,50,high
30,High school,Married,Male,Government,40,low
27,Some college,Never married,Male,Government,40,low
18,Some college,Never married,Male,Private,40,low
40,Some college,Married,Male,Government,51,high
46,High school,Married,Male,Private,40,low
22,High school,Never married,Male,Private,40,low
43,Bachelor or higher,Never married,Male,Private,50,low
33,Some college,Married,Male,Private,40,high
23,High school,Never married,Female,Private,40,low
22,High school,Never married,Female,Private,73,low
32,Some college,Never married,Male,Private,49,low
37,High school,Married,Male,Government,40,low
47,Bachelor or higher,Married,Male,Private,40,high
38,Bachelor or higher,Never married,Male,Private,75,low
22,Some college,Never married,Female,Private,64,low
41,Bachelor or higher,Married,Male,Private,40,low
22,Some college,Previously married,Female,Government,40,low
36,Some college,Married,Male,Private,40,low
26,High school,Married,Male,Private,40,low
46,Bachelor or higher,Previously married,Female,Private,31,low
35,Some college,Previously married,Female,Private,33,low
30,Some college,Married,Male,Private,40,high
47,Some college,Never married,Female,Private,40,low
46,Bachelor or higher,Married,Male,Private,50,high
40,Bachelor or higher,Previously married,Female,Private,71,low
32,High school,Married,Male,Self-employed,53,low
42,Bachelor or higher,Never married,Male,Government,40,low
23,High school,Never married,Male,Private,40,low
23,Some college,Never married,Female,Private,40,low
47,Bachelor or higher,Previously married,Male,Government,40,low
39,Some college,Never married,Female,Private,23,low
26,High school,Married,Female,Private,40,low
46,High school,Previously married,Female,Government,47,low
35,Some college,Previously married,Female,Private,29,low
45,No high school,Never married,Male,Private,40,low
26,Some college,Never married,Female,Private,47,high
22,High school,Married,Male,Private,40,low
46,High school,Previously married,Female,Private,40,low
23,High school,Never married,Male,Private,49,low
39,Bachelor or higher,Never married,Female,Private,40,low
58,Bachelor or higher,Married,Male,Self-employed,43,low
54,No high school,Never married,Female,Private,40,low
39,High school,Married,Male,Private,40,low
37,High school,Married,Male,Private,51,low
43,Some college,Never married,Female,Private,40,high
39,Bachelor or higher,Never married,Male,Private,60,high
33,High school,Married,Male,Private,50,low
29,High school,Previously married,Male,Private,40,low
29,Some college,Never married,Female,Private,40,low
50,Bachelor or higher,Previously married,Female,Private,48,low
30,High school,Never married,Male,Government,40,low
18,Some college,Married,Male,Self-employed,29,low
55,Bachelor or higher,Married,Male,Private,40,high
39,Some college,Previously married,Female,Private,40,high
82,High school,Married,Male,Self-employed,52,low
85,Bachelor or higher,Previously married,Female,Private,50,low
55,Some college,Married,Male,Private,30,high
55,Bachelor or higher,Previously married,Female,Private,49,low
68,Bachelor or higher,Never married,Female,Private,40,high
67,Bachelor or higher,Previously married,Male,Private,40,high
29,High school,Previously married,Male,Private,50,low
73,No high school,Married,Male,Private,36,low
35,High school,Married,Male,Self-employed,51,low
42,High school,Married,Male,Private,40,low
36,High school,Married,Male,Government,40,low
31,Some college,Previously married,Male,Private,40,low
54,No high school,Previously married,Female,Private,23,low
39,High school,Previously married,Male,Private,31,low
22,Some college,Never married,Male,Government,25,low
20,Some college,Never married,Male,Private,40,low
53,No high school,Married,Male,Private,40,low
22,High school,Never married,Male,Private,33,low
34,Some college,Married,Female,Private,47,high
39,Some college,Married,Male,Private,40,low
32,Some college,Married,Male,Government,40,low
22,No high school,Never married,Male,Private,40,low
33,Some college,Previously married,Female,Private,40,low
51,Bachelor or higher,Married,Male,Private,40,low
34,Bachelor or higher,Never married,Female,Private,40,low
48,High school,Married,Male,Private,40,high
33,Bachelor or higher,Never married,Male,Private,40,high
18,High school,Previously married,Male,Private,29,low
27,No high school,Never married,Female,Private,40,low
39,Bachelor or higher,Married,Male,Government,50,high
27,Some college,Never married,Female,Private,40,high
37,High school,Previously married,Female,Government,40,low
34,High school,Previously married,Female,Private,49,low
50,Some college,Previously married,Female,Private,40,low
54,Bachelor or higher,Married,Male,Private,40,high
35,Bachelor or higher,Married,Male,Private,40,high
72,No high school,Previously married,Female,Private,50,low
35,Bachelor or higher,Married,Male,Private,40,low
31,High school,Married,Female,Private,51,high
37,High school,Married,Male,Self-employed,90,low
52,High school,Married,Male,Self-employed,51,low
54,Bachelor or higher,Married,Male,Private,48,high
23,High school,Married,Male,Private,51,low
19,Some college,Never married,Male,Private,40,low
34,No high school,Previously married,Male,Private,34,low
16,Some college,Never married,Female,Private,28,low
27,Some college,Never married,Male,Private,40,low
26,Some college,Never married,Female,Private,40,low
25,Some college,Married,Male,Private,40,low
28,Some college,Married,Male,Private,49,high
49,Bachelor or higher,Married,Male,Self-employed,40,high
32,High school,Married,Male,Government,50,high
21,Some college,Previously married,Female,Private,40,low
36,Some college,Married,Female,Private,50,low
50,No high school,Married,Male,Private,40,low
44,Some college,Previously married,Female,Private,40,low
68,No high school,Previously married,Female,Private,25,low
46,High school,Married,Male,Private,40,low
51,No high school,Previously married,Female,Private,29,low
27,Some college,Never married,Female,Private,66,low
49,High school,Married,Male,Self-employed,40,low
32,High school,Married,Male,Private,40,low
18,Some college,Never married,Male,Private,40,low
39,Some college,Married,Male,Private,49,high
48,Some college,Married,Male,Self-employed,51,low
30,High school,Married,Male,Government,40,low
43,No high school,Married,Male,Private,40,low
56,High school,Previously married,Female,Private,48,low
19,High school,Never married,Male,Government,40,low
42,No high school,Married,Male,Private,40,low
46,Bachelor or higher,Married,Male,Private,50,high
69,No high school,Previously married,Female,Private,28,low
53,Bachelor or higher,Married,Male,Government,40,low
21,High school,Never married,Male,Private,40,low
51,Bachelor or higher,Married,Male,Private,45,high
24,No high school,Never married,Female,Private,40,low
52,High school,Married,Male,Self-employed,40,low
55,No high school,Married,Male,Private,40,low
22,High school,Never married,Male,Self-employed,40,low
30,Bachelor or higher,Married,Male,Self-employed,50,low
34,Some college,Never married,Male,Private,40,low
51,High school,Married,Male,Private,40,low
75,Bachelor or higher,Previously married,Female,Private,51,low
40,Bachelor or higher,Previously married,Female,Private,50,low
28,Bachelor or higher,Married,Male,Government,40,low
29,High school,Married,Male,Government,40,low
53,High school,Married,Male,Self-employed,52,low
57,Some college,Married,Male,Private,40,low
23,Some college,Never married,Male,Private,40,low
27,High school,Married,Male,Self-employed,48,low
37,High school,Never married,Female,Private,74,low
31,Some college,Previously married,Female,Private,40,low
20,High school,Married,Male,Private,40,low
44,Bachelor or higher,Married,Male,Private,50,high
41,High school,Previously married,Female,Government,40,low
33,High school,Married,Male,Private,52,low
23,High school,Married,Male,Private,40,low
30,No high school,Married,Male,Private,40,low
23,Bachelor or higher,Never married,Male,Private,48,low
26,Bachelor or higher,Never married,Female,Private,23,low
20,Some college,Married,Male,Government,40,high
61,High school,Married,Male,Self-employed,31,low
32,High school,Married,Male,Private,40,low
24,Bachelor or higher,Never married,Female,Private,40,low
37,Some college,Previously married,Female,Private,40,high
39,Bachelor or higher,Previously married,Male,Government,40,low
44,No high school,Married,Male,Private,40,low
25,Some college,Never married,Male,Private,40,low
30,Some college,Married,Female,Private,40,low
62,No high school,Previously married,Female,Private,40,low
32,Some college,Married,Male,Private,40,high
42,Bachelor or higher,Married,Female,Private,49,high
28,Some college,Married,Male,Private,40,low
44,Some college,Married,Male,Private,40,low
35,Bachelor or higher,Married,Male,Private,52,high
33,No high school,Married,Male,Private,40,low
20,Some college,Never married,Male,Government,40,low
52,Bachelor or higher,Married,Female,Private,47,high
43,Some college,Married,Male,Private,50,high
18,Some college,Never married,Female,Private,40,low
26,High school,Married,Male,Self-employed,40,low
20,High school,Never married,Male,Private,40,low
40,High school,Married,Male,Private,50,high
25,Some college,Married,Male,Private,40,low
58,No high school,Married,Male,Self-employed,40,low
38,Some college,Never married,Female,Private,40,low
38,Bachelor or higher,Previously married,Male,Private,40,low
20,Some college,Married,Male,Private,40,high
48,High school,Previously married,Female,Private,36,low
35,High school,Married,Male,Private,51,high
36,High school,Married,Male,Private,51,low
40,Some college,Married,Male,Self-employed,32,low
35,No high school,Married,Male,Private,40,low
35,Some college,Never married,Female,Government,40,low
26,High school,Married,Male,Self-employed,51,low
31,High school,Never married,Male,Private,40,low
29,High school,Never married,Male,Private,40,low
61,Bachelor or higher,Previously married,Female,Private,50,low
54,Some college,Married,Male,Self-employed,42,low
37,Some college,Married,Male,Private,51,low
40,High school,Married,Male,Government,40,low
30,Bachelor or higher,Married,Female,Private,40,high
64,Some college,Previously married,Female,Government,28,high
32,Bachelor or higher,Married,Male,Private,40,high
48,Bachelor or higher,Married,Male,Private,61,low
55,No high school,Married,Male,Private,49,low
56,No high school,Previously married,Female,Private,19,low
35,High school,Married,Male,Private,40,low
45,Bachelor or higher,Previously married,Male,Private,46,low
26,High school,Never married,Female,Government,40,low
56,High school,Married,Male,Private,40,low
71,High school,Married,Male,Self-employed,77,low
41,High school,Previously married,Female,Private,40,low
46,Bachelor or higher,Married,Male,Private,40,high
37,Some college,Previously married,Male,Private,43,low
27,High school,Never married,Male,Government,40,low
46,High school,Married,Male,Private,61,low
52,High school,Married,Male,Private,40,high
45,High school,Previously married,Female,Private,40,low
74,No high school,Previously married,Female,Private,40,low
44,High school,Married,Male,Private,41,low
46,Some college,Married,Male,Private,51,high
42,Some college,Never married,Male,Private,40,low
35,Bachelor or higher,Previously married,Female,Private,83,high
33,Some college,Never married,Female,Government,40,low
41,Some college,Married,Female,Government,40,high
31,Some college,Married,Male,Private,40,low
19,Some college,Married,Male,Private,40,low
25,Some college,Never married,Female,Private,40,low
30,No high school,Married,Male,Private,40,low
33,High school,Previously married,Female,Private,51,low
30,Bachelor or higher,Never married,Male,Private,40,low
27,Bachelor or higher,Never married,Female,Private,40,low
32,Bachelor or higher,Married,Male,Private,61,high
31,Some college,Previously married,Female,Private,47,low
41,Bachelor or higher,Previously married,Female,Private,47,low
40,Some college,Married,Female,Private,40,low
48,Some college,Never married,Female,Private,67,low
36,Bachelor or higher,Never married,Female,Private,30,low
40,Some college,Married,Male,Private,57,low
40,Bachelor or higher,Never married,Male,Government,68,low
29,Some college,Previously married,Female,Private,49,high
83,No high school,Married,Male,Private,27,low
43,Bachelor or higher,Never married,Female,Government,40,low
46,Bachelor or higher,Married,Male,Government,32,low
26,Bachelor or higher,Never married,Female,Private,40,low
27,High school,Married,Male,Private,40,low
40,High school,Married,Male,Private,40,low
41,Bachelor or higher,Married,Male,Private,40,high
16,High school,Never married,Male,Private,40,low
31,Some college,Never married,Male,Private,47,low
47,Bachelor or higher,Married,Male,Government,40,high
37,Some college,Married,Male,Government,40,low
55,No high school,Married,Male,Private,40,low
38,High school,Never married,Male,Private,69,low
48,Some college,Married,Male,Self-employed,47,high
20,Some college,Never married,Female,Private,40,low
33,Bachelor or higher,Previously married,Male,Private,40,low
51,Bachelor or higher,Previously married,Female,Private,40,low
38,High school,Married,Female,Private,40,low
41,High school,Previously married,Female,Private,40,low
29,Some college,Married,Male,Private,40,high
33,Bachelor or higher,Married,Male,Government,58,low
28,No high school,Previously married,Male,Private,40,low
23,High school,Never married,Female,Private,40,low
32,Bachelor or higher,Never married,Male,Private,40,low
22,High school,Never married,Female,Government,40,low
17,High school,Never married,Female,Private,18,low
42,No high school,Married,Male,Private,40,low
45,Some college,Previously married,Male,Private,48,low
66,Some college,Married,Male,Private,51,high
37,Some college,Married,Male,Private,45,low
43,High school,Married,Male,Private,49,low
81,Some college,Married,Male,Self-employed,47,low
22,High school,Never married,Female,Government,34,low
25,No high school,Married,Male,Private,49,low
62,Some college,Married,Male,Government,40,low
34,High school,Married,Male,Government,40,low
45,Bachelor or higher,Married,Male,Government,40,low
48,Some college,Married,Male,Private,40,low
43,Some college,Married,Male,Private,59,high
22,High school,Never married,Female,Private,40,low
47,High school,Previously married,Female,Private,50,low
36,High school,Married,Male,Government,40,low
37,Bachelor or higher,Never married,Male,Private,40,low
33,Some college,Married,Female,Private,40,low
41,Bachelor or higher,Married,Male,Private,40,low
50,Bachelor or higher,Never married,Male,Private,40,high
40,High school,Married,Female,Private,47,high
43,Bachelor or higher,Married,Male,Private,52,high
21,Some college,Never married,Male,Private,40,low
25,Some college,Never married,Female,Private,40,low
45,No high school,Married,Male,Private,40,low
44,Some college,Married,Male,Private,40,low
51,Some college,Married,Male,Private,40,high
32,High school,Previously married,Female,Private,22,low
44,Some college,Previously married,Female,Private,48,high
24,Bachelor or higher,Never married,Male,Government,40,low
23,High school,Never married,Female,Government,40,low
43,High school,Previously married,Female,Private,49,low
71,No high school,Previously married,Female,Private,24,low
33,Some college,Married,Male,Government,40,low
36,Bachelor or higher,Married,Male,Self-employed,53,high
18,No high school,Never married,Male,Private,40,low
40,Bachelor or higher,Never married,Male,Private,55,high
39,High school,Married,Male,Self-employed,57,low
36,No high school,Married,Male,Private,40,low
36,Some college,Married,Male,Private,62,high
64,No high school,Married,Male,Private,40,low
88,Bachelor or higher,Previously married,Male,Private,40,low
34,Some college,Never married,Female,Private,40,low
27,Bachelor or higher,Married,Male,Private,52,high
26,High school,Married,Male,Private,40,low
40,Some college,Married,Male,Private,51,high
41,Some college,Never married,Female,Private,40,low
36,Some college,Married,Male,Self-employed,80,low
21,Some college,Never married,Male,Private,60,low
53,High school,Previously married,Female,Private,47,low
37,Some college,Previously married,Male,Private,40,low
42,High school,Married,Male,Government,40,high
54,Bachelor or higher,Previously married,Female,Private,40,low
27,High school,Never married,Male,Private,40,low
65,Some college,Married,Male,Private,40,low
35,High school,Never married,Male,Private,50,low
38,Some college,Married,Male,Self-employed,35,low
55,High school,Married,Male,Self-employed,50,low
40,High school,Married,Male,Private,49,low
26,Bachelor or higher,Never married,Male,Government,40,low
58,High school,Married,Male,Self-employed,40,low
76,Some college,Married,Male,Self-employed,80,low
38,High school,Married,Male,Private,51,low
33,No high school,Married,Male,Private,40,low
31,Bachelor or higher,Married,Male,Private,40,high
42,Some college,Married,Male,Self-employed,35,high
24,No high school,Never married,Female,Private,23,low
44,High school,Previously married,Female,Private,47,low
22,High school,Married,Male,Private,49,low
35,High school,Married,Male,Private,40,low
26,High school,Married,Male,Government,40,low
26,Some college,Never married,Male,Private,35,low
58,Some college,Married,Male,Private,51,high
32,Bachelor or higher,Previously married,Male,Private,52,high
33,High school,Previously married,Female,Private,40,low
22,High school,Married,Male,Private,53,low
46,High school,Married,Female,Private,40,high
26,No high school,Married,Male,Private,40,low
19,High school,Married,Male,Private,40,low
50,High school,Previously married,Female,Private,42,low
50,Bachelor or higher,Never married,Female,Private,65,high
30,High school,Never married,Female,Government,40,low
29,High school,Married,Female,Private,40,low
21,High school,Married,Male,Government,40,low
52,No high school,Married,Male,Private,48,low
39,Bachelor or higher,Married,Male,Government,40,low
33,Bachelor or higher,Never married,Female,Private,19,low
26,High school,Married,Female,Private,40,low
35,High school,Married,Male,Private,40,low
18,High school,Never married,Male,Private,40,low
58,High school,Married,Male,Private,51,high
23,Some college,Married,Male,Government,40,high
29,High school,Married,Male,Private,40,low
41,Bachelor or higher,Married,Male,Government,40,low
31,High school,Married,Male,Government,40,low
37,Some college,Married,Male,Private,40,low
22,Some college,Married,Male,Private,40,low
43,High school,Previously married,Female,Private,49,low
21,Some college,Married,Male,Government,40,low
32,Bachelor or higher,Married,Male,Private,40,low
46,High school,Previously married,Female,Private,50,low
33,Bachelor or higher,Never married,Male,Private,58,low
33,Some college,Married,Male,Private,40,high
29,Bachelor or higher,Married,Male,Private,50,low
29,Bachelor or higher,Never married,Male,Private,50,low
44,No high school,Married,Female,Private,39,low
23,Some college,Never married,Female,Private,40,low
47,High school,Married,Male,Private,51,low
54,High school,Married,Male,Self-employed,40,low
40,No high school,Married,Male,Private,40,low
50,Some college,Previously married,Female,Private,40,low
29,High school,Never married,Female,Private,36,low
28,Bachelor or higher,Never married,Male,Private,40,low
46,High school,Married,Male,Private,51,low
59,Some college,Married,Female,Private,30,high
60,High school,Married,Male,Private,40,low
48,Bachelor or higher,Married,Male,Private,50,high
41,Some college,Previously married,Female,Government,40,low
22,High school,Married,Female,Private,40,low
42,Bachelor or higher,Married,Male,Private,40,low
27,Bachelor or higher,Never married,Male,Self-employed,64,low
25,High school,Married,Male,Self-employed,40,low
36,No high school,Married,Male,Private,40,low
23,High school,Never married,Female,Private,19,low
28,High school,Married,Male,Government,40,low
53,Some college,Previously married,Female,Private,18,low
49,High school,Married,Female,Private,49,low
26,Some college,Previously married,Female,Private,40,low
31,Some college,Never married,Male,Private,83,low
49,Some college,Married,Male,Self-employed,40,low
22,High school,Never married,Male,Private,71,low
30,Some college,Married,Male,Private,51,high
41,No high school,Married,Male,Private,40,low
22,High school,Married,Male,Private,40,low
25,Some college,Never married,Female,Private,40,low
23,Bachelor or higher,Never married,Male,Private,40,low
28,High school,Never married,Male,Private,40,low
48,High school,Married,Male,Private,40,low
52,Bachelor or higher,Previously married,Female,Private,53,high
19,High school,Never married,Male,Private,48,low
45,Some college,Married,Male,Self-employed,63,high
35,Some college,Married,Male,Private,40,low
38,No high school,Previously married,Female,Private,40,low
28,Bachelor or higher,Never married,Male,Government,40,low
38,High school,Married,Male,Self-employed,53,low
29,High school,Never married,Female,Government,40,low
61,Some college,Previously married,Female,Private,40,low
45,Some college,Married,Male,Self-employed,50,high
36,Bachelor or higher,Never married,Male,Private,75,low
18,Some college,Never married,Female,Private,40,low
18,Some college,Married,Female,Private,40,low
43,Some college,Never married,Female,Government,40,low
25,Some college,Never married,Female,Private,40,low
28,Bachelor or higher,Married,Male,Private,40,high
47,Bachelor or higher,Married,Male,Private,40,high
26,Some college,Never married,Female,Private,25,low
34,Some college,Never married,Female,Private,40,low
41,High school,Married,Male,Private,40,low
37,Bachelor or higher,Previously married,Female,Private,48,high
28,High school,Never married,Female,Private,60,low
33,High school,Never married,Male,Private,40,low
22,High school,Never married,Male,Private,40,low
25,Some college,Married,Male,Government,40,low
34,Some college,Married,Female,Private,39,high
42,High school,Married,Male,Private,40,low
19,Some college,Never married,Male,Private,40,low
56,Some college,Previously married,Female,Private,40,high
36,Some college,Married,Male,Self-employed,40,low
35,Bachelor or higher,Married,Male,Private,40,high
49,High school,Married,Male,Private,40,low
16,Some college,Never married,Female,Private,40,low
20,Some college,Never married,Female,Government,40,low
55,No high school,Previously married,Female,Private,40,low
30,High school,Never married,Female,Private,50,low
21,High school,Never married,Female,Private,40,low
35,Some college,Previously married,Female,Private,40,low
31,Bachelor or higher,Never married,Male,Government,40,low
35,Some college,Never married,Male,Government,40,low
48,High school,Married,Male,Private,50,high
32,Bachelor or higher,Married,Male,Private,40,low
22,No high school,Never married,Female,Private,42,low
34,Some college,Never married,Female,Private,49,low
56,High school,Married,Male,Self-employed,40,low
49,Bachelor or higher,Married,Male,Private,40,high
53,Bachelor or higher,Previously married,Female,Private,51,low
50,Some college,Married,Male,Self-employed,51,low
25,High school,Never married,Male,Private,40,low
41,No high school,Married,Male,Private,24,low
53,Some college,Previously married,Female,Government,44,low
34,Some college,Never married,Female,Private,40,low
20,Some college,Never married,Female,Private,40,low
38,Some college,Previously married,Female,Private,53,low
56,High school,Previously married,Female,Private,34,low
44,Some college,Previously married,Female,Private,40,low
20,Some college,Never married,Male,Private,48,low
50,Bachelor or higher,Married,Male,Private,40,high
34,High school,Never married,Female,Private,62,low
49,Bachelor or higher,Married,Male,Private,48,high
42,High school,Married,Male,Private,40,low
25,Some college,Married,Male,Self-employed,46,high
61,High school,Previously married,Male,Private,51,low
46,Some college,Never married,Female,Private,22,low
27,Some college,Never married,Male,Private,40,low
30,Bachelor or higher,Married,Male,Private,40,high
38,Bachelor or higher,Previously married,Female,Private,46,low
43,No high school,Never married,Female,Private,40,low
34,High school,Married,Male,Private,40,low
67,Bachelor or higher,Previously married,Male,Self-employed,51,low
31,High school,Never married,Male,Private,38,low
64,No high school,Married,Male,Private,40,low
31,Bachelor or higher,Married,Male,Government,28,high
28,High school,Married,Male,Private,40,high
25,Some college,Married,Female,Private,40,low
39,High school,Never married,Female,Government,40,low
55,No high school,Previously married,Female,Private,24,low
25,High school,Never married,Female,Government,40,low
20,No high school,Never married,Female,Private,27,low
23,Some college,Never married,Female,Private,14,low
52,Bachelor or higher,Married,Male,Private,50,high
30,Bachelor or higher,Married,Male,Private,61,high
46,High school,Married,Male,Private,40,high
48,High school,Married,Male,Self-employed,30,high
18,Bachelor or higher,Never married,Male,Private,40,low
27,High school,Married,Male,Government,49,low
22,Some college,Never married,Female,Private,40,low
16,Some college,Never married,Male,Government,40,low
41,High school,Married,Male,Private,40,low
66,Bachelor or higher,Never married,Male,Private,49,low
43,Some college,Previously married,Female,Private,40,low
24,High school,Never married,Female,Private,39,low
40,High school,Married,Male,Private,40,low
39,Bachelor or higher,Married,Male,Private,50,high
80,High school,Married,Male,Self-employed,50,high
55,Bachelor or higher,Previously married,Female,Private,40,low
69,Bachelor or higher,Previously married,Female,Private,50,low
47,No high school,Previously married,Female,Private,45,low
62,Some college,Previously married,Female,Private,40,low
14,Some college,Never married,Male,Private,40,low
41,High school,Married,Male,Private,40,low
33,High school,Married,Male,Government,40,low
39,No high school,Never married,Female,Private,23,low
52,Some college,Married,Male,Private,40,low
41,No high school,Married,Male,Private,35,low
30,High school,Married,Male,Self-employed,40,low
34,Bachelor or higher,Married,Male,Private,51,high
21,Bachelor or higher,Never married,Male,Private,40,low
44,Bachelor or higher,Previously married,Female,Private,40,high
27,No high school,Never married,Female,Private,40,low
27,High school,Never married,Female,Private,27,low
37,Some college,Married,Female,Private,40,high
40,Some college,Previously married,Female,Government,40,low
48,High school,Married,Male,Private,40,low
20,High school,Married,Male,Government,40,low
33,High school,Married,Male,Self-employed,29,high
49,High school,Married,Male,Government,40,low
33,High school,Never married,Female,Government,49,low
22,Some college,Never married,Female,Private,40,low
49,Some college,Married,Male,Private,40,high
45,High school,Previously married,Male,Private,40,low
32,Bachelor or higher,Married,Male,Government,22,low
72,High school,Married,Male,Self-employed,35,low
31,Bachelor or higher,Married,Male,Government,40,low
41,High school,Married,Male,Private,51,high
44,Bachelor or higher,Married,Male,Private,40,high
43,High school,Previously married,Male,Private,30,low
48,Some college,Previously married,Female,Private,49,high
23,High school,Married,Male,Private,40,low
40,Some college,Previously married,Female,Private,50,low
42,Bachelor or higher,Married,Female,Private,40,high
35,Bachelor or higher,Never married,Male,Private,40,low
24,High school,Married,Male,Private,40,low
18,Some college,Never married,Male,Private,40,low
34,Some college,Never married,Female,Private,40,low
44,Some college,Never married,Female,Private,25,low
43,High school,Married,Male,Government,40,low
47,Some college,Married,Male,Self-employed,59,low
43,High school,Previously married,Female,Private,48,low
34,Bachelor or higher,Never married,Male,Private,40,low
26,Some college,Married,Male,Self-employed,41,low
39,Bachelor or higher,Previously married,Male,Private,50,low
26,Some college,Never married,Male,Private,40,low
24,Bachelor or higher,Married,Male,Private,49,high
25,Some college,Never married,Female,Government,61,low
43,Some college,Never married,Male,Private,40,low
24,Some college,Never married,Female,Private,40,low
58,High school,Married,Male,Private,49,low
50,High school,Married,Male,Self-employed,40,low
35,Some college,Married,Male,Self-employed,38,low
47,Bachelor or higher,Never married,Female,Private,40,low
54,No high school,Never married,Female,Private,40,low
42,High school,Married,Male,Private,50,high
42,High school,Married,Male,Private,40,high
34,No high school,Married,Male,Private,40,low
51,High school,Married,Male,Government,40,low
16,High school,Never married,Female,Government,40,low
29,Bachelor or higher,Married,Male,Private,40,high
20,High school,Never married,Male,Self-employed,35,low
35,High school,Married,Male,Self-employed,44,low
25,High school,Never married,Female,Private,40,low
23,Bachelor or higher,Never married,Female,Private,40,low
42,Bachelor or higher,Never married,Male,Government,40,low
33,Bachelor or higher,Previously married,Male,Government,40,low
39,Bachelor or higher,Never married,Female,Private,60,high
51,High school,Previously married,Female,Private,48,low
43,High school,Never married,Male,Private,40,low
42,Some college,Never married,Female,Private,40,low
24,High school,Married,Female,Government,44,low
45,Bachelor or higher,Previously married,Male,Government,40,low
18,High school,Never married,Male,Private,24,low
36,Some college,Married,Male,Self-employed,63,high
49,No high school,Married,Male,Private,40,low
40,No high school,Married,Male,Private,40,low
43,Bachelor or higher,Married,Male,Private,49,high
58,No high school,Married,Male,Self-employed,38,low
52,High school,Previously married,Male,Private,84,low
43,High school,Previously married,Male,Private,40,low
30,High school,Married,Male,Private,40,low
26,Some college,Married,Male,Private,40,low
43,Bachelor or higher,Previously married,Female,Private,58,high
41,Some college,Married,Male,Private,40,high
41,Bachelor or higher,Never married,Female,Private,40,low
22,High school,Never married,Male,Private,40,low
72,No high school,Married,Male,Private,40,low
27,No high school,Never married,Male,Private,40,low
31,High school,Married,Male,Self-employed,40,low
62,High school,Married,Male,Private,40,high
56,No high school,Married,Female,Private,48,low
64,Bachelor or higher,Married,Male,Private,40,low
42,Some college,Married,Male,Government,40,low
28,Some college,Never married,Female,Government,40,low
38,Some college,Previously married,Male,Private,38,low
25,No high school,Never married,Female,Private,35,low
31,High school,Married,Male,Private,40,low
31,No high school,Married,Male,Private,29,low
32,High school,Never married,Male,Private,46,low
23,Some college,Previously married,Male,Private,32,low
43,Some college,Previously married,Male,Private,52,low
18,Some college,Never married,Male,Private,64,low
48,Some college,Previously married,Female,Private,40,low
41,High school,Previously married,Male,Government,51,low
67,High school,Previously married,Female,Self-employed,34,low
26,No high school,Never married,Female,Private,33,low
40,Bachelor or higher,Never married,Male,Private,40,low
51,No high school,Married,Female,Private,19,low
30,Bachelor or higher,Previously married,Female,Private,48,low
46,High school,Married,Male,Self-employed,47,low
56,No high school,Married,Male,Private,30,low
39,Bachelor or higher,Previously married,Male,Private,40,low
33,No high school,Married,Male,Private,40,low
52,No high school,Married,Female,Private,40,low
25,Some college,Never married,Female,Private,49,high
37,High school,Married,Male,Private,41,low
14,Some college,Never married,Female,Government,40,low
45,Bachelor or higher,Married,Male,Private,50,high
29,Bachelor or higher,Never married,Male,Private,40,high
48,Some college,Previously married,Female,Private,40,low
29,High school,Never married,Female,Private,16,low
29,Bachelor or higher,Never married,Male,Private,40,low
44,High school,Married,Male,Private,40,low
17,Some college,Never married,Male,Private,40,low
33,High school,Previously married,Female,Private,40,low
42,No high school,Previously married,Female,Private,26,low
18,Some college,Married,Male,Private,40,low
47,High school,Married,Male,Private,50,low
33,Bachelor or higher,Never married,Male,Government,60,low
44,Bachelor or higher,Married,Male,Private,40,high
19,Some college,Married,Male,Private,40,low
31,Some college,Never married,Male,Private,40,low
28,Some college,Never married,Male,Private,80,high
38,Some college,Never married,Female,Private,40,low
40,Bachelor or higher,Never married,Male,Government,40,low
30,Bachelor or higher,Married,Male,Self-employed,50,high
34,High school,Never married,Female,Government,40,low
40,High school,Married,Male,Government,40,low
65,Bachelor or higher,Married,Male,Government,40,low
18,Some college,Never married,Male,Government,40,low
48,Bachelor or higher,Married,Male,Private,49,high
59,High school,Never married,Female,Self-employed,37,low
30,Some college,Married,Male,Government,40,low
36,High school,Married,Male,Private,40,low
39,High school,Married,Male,Private,53,low
23,High school,Never married,Male,Private,40,low
44,No high school,Never married,Female,Private,40,low
28,Some college,Never married,Male,Private,40,low
19,Some college,Never married,Male,Private,40,low
35,Bachelor or higher,Never married,Male,Private,40,low
23,Some college,Never married,Female,Private,48,low
34,Bachelor or higher,Married,Male,Private,40,high
28,High school,Never married,Female,Private,40,low
74,Bachelor or higher,Previously married,Female,Private,46,low
24,Some college,Married,Male,Private,48,low
22,Bachelor or higher,Never married,Female,Government,40,low
44,Bachelor or higher,Never married,Female,Government,40,low
51,No high school,Married,Male,Private,40,low
40,Bachelor or higher,Married,Male,Government,40,low
26,High school,Married,Male,Private,40,low
50,No high school,Previously married,Female,Private,45,low
23,Some college,Never married,Male,Self-employed,52,low
38,Some college,Never married,Male,Private,39,low
48,No high school,Married,Male,Private,40,low
22,Some college,Never married,Male,Private,68,low
41,Some college,Married,Male,Private,40,high
59,Some college,Previously married,Female,Private,40,low
17,Some college,Never married,Male,Private,40,low
20,Bachelor or higher,Married,Male,Government,40,low
37,Bachelor or higher,Married,Male,Government,40,low
32,Bachelor or higher,Previously married,Female,Private,49,low
34,High school,Married,Male,Self-employed,43,low
66,High school,Married,Male,Private,50,high
36,High school,Married,Male,Private,40,low
31,Bachelor or higher,Previously married,Female,Government,48,low
30,Bachelor or higher,Previously married,Female,Government,75,low
37,Bachelor or higher,Married,Male,Private,50,high
36,No high school,Never married,Male,Private,40,low
36,Bachelor or higher,Never married,Female,Private,48,high
42,No high school,Never married,Male,Private,40,low
42,Some college,Married,Male,Self-employed,45,low
18,High school,Never married,Female,Private,14,low
35,High school,Never married,Male,Self-employed,37,low
37,High school,Never married,Male,Private,40,low
36,No high school,Previously married,Female,Private,33,low
52,High school,Married,Male,Government,40,low
42,High school,Married,Male,Private,40,low
43,High school,Married,Male,Self-employed,62,low
45,High school,Married,Male,Private,49,low
35,Some college,Previously married,Female,Private,45,low
63,High school,Married,Male,Self-employed,40,low
24,Some college,Married,Female,Private,32,low
17,High school,Never married,Male,Private,40,low
38,Bachelor or higher,Never married,Female,Private,40,low
29,Bachelor or higher,Married,Male,Private,52,high
26,High school,Never married,Male,Government,40,low
20,High school,Never married,Male,Private,49,low
18,Bachelor or higher,Never married,Male,Private,40,low
56,No high school,Previously married,Male,Private,40,low
29,Some college,Married,Male,Government,40,low
37,No high school,Previously married,Female,Private,49,low
28,Bachelor or higher,Never married,Male,Private,60,low
35,High school,Married,Male,Private,40,low
52,Bachelor or higher,Never married,Male,Private,51,high
23,High school,Married,Male,Private,40,low
40,Some college,Married,Male,Self-employed,62,low
24,High school,Never married,Male,Private,40,low
80,High school,Previously married,Female,Private,48,low
19,Some college,Never married,Female,Private,52,low
52,Bachelor or higher,Married,Male,Self-employed,62,high
29,Some college,Never married,Female,Private,30,low
33,High school,Married,Male,Government,40,low
23,High school,Married,Male,Private,40,low
22,Some college,Never married,Female,Private,40,low
30,High school,Never married,Male,Private,49,low
41,High school,Married,Male,Self-employed,45,low
27,No high school,Married,Male,Private,35,low
54,Some college,Married,Male,Self-employed,50,low
52,No high school,Married,Male,Self-employed,58,low
29,Bachelor or higher,Never married,Female,Private,47,low
34,High school,Married,Male,Private,40,low
62,High school,Married,Female,Self-employed,51,low
43,Bachelor or higher,Married,Male,Private,50,high
68,Some college,Previously married,Female,Private,27,low
50,Bachelor or higher,Previously married,Female,Private,51,low
76,High school,Previously married,Female,Private,34,low
40,Bachelor or higher,Married,Male,Private,61,low
39,Bachelor or higher,Previously married,Female,Private,49,low
39,Bachelor or higher,Married,Male,Private,51,high
29,No high school,Married,Male,Private,34,low
49,High school,Never married,Female,Government,40,low
46,Some college,Previously married,Female,Private,40,low
30,Some college,Never married,Female,Private,26,low
28,Bachelor or higher,Married,Male,Government,40,low
30,High school,Never married,Male,Private,40,low
30,No high school,Previously married,Male,Private,40,low
51,Bachelor or higher,Married,Male,Private,40,low
67,Bachelor or higher,Married,Male,Private,49,high
52,Some college,Married,Male,Private,40,high
45,High school,Married,Female,Private,40,low
29,High school,Married,Male,Private,40,low
43,Bachelor or higher,Married,Female,Private,40,low
35,Some college,Married,Male,Self-employed,63,low
31,Some college,Married,Male,Private,21,low
16,High school,Never married,Male,Government,40,low
40,Some college,Previously married,Female,Private,48,low
54,Some college,Married,Male,Private,40,high
40,High school,Married,Male,Private,32,high
40,Bachelor or higher,Married,Male,Private,60,high
50,No high school,Previously married,Female,Private,29,low
25,Some college,Never married,Male,Private,40,low
53,High school,Married,Male,Self-employed,40,low
41,Bachelor or higher,Previously married,Female,Government,40,low
27,Some college,Never married,Female,Private,40,low
52,Bachelor or higher,Married,Male,Private,49,high
43,Bachelor or higher,Never married,Female,Private,40,high
18,High school,Never married,Female,Private,40,low
33,Bachelor or higher,Married,Male,Private,40,low
39,High school,Married,Male,Private,40,low
45,High school,Never married,Male,Government,40,low
25,Some college,Married,Male,Self-employed,47,low
31,No high school,Married,Male,Private,40,low
56,Bachelor or higher,Previously married,Female,Private,68,high
24,High school,Never married,Male,Private,40,low
27,Bachelor or higher,Never married,Male,Private,64,low
42,Some college,Married,Male,Private,40,high
46,Bachelor or higher,Previously married,Male,Private,51,high
39,No high school,Previously married,Female,Private,40,low
57,High school,Married,Male,Private,40,low
58,High school,Married,Male,Private,32,low
43,High school,Married,Male,Self-employed,40,low
54,Bachelor or higher,Married,Male,Private,50,high
43,Some college,Married,Male,Private,40,low
45,Bachelor or higher,Never married,Male,Government,40,low
29,Some college,Never married,Male,Private,40,low
75,No high school,Previously married,Female,Private,27,low
40,Some college,Previously married,Female,Private,40,low
42,Some college,Married,Male,Self-employed,52,high
40,Some college,Previously married,Female,Government,40,low
44,Bachelor or higher,Never married,Male,Private,73,high
51,Some college,Married,Male,Self-employed,40,low
37,Bachelor or higher,Married,Male,Private,49,high
40,Some college,Previously married,Male,Private,48,low
45,No high school,Married,Female,Private,60,low
25,Some college,Married,Male,Government,40,high
39,Bachelor or higher,Married,Male,Private,50,high
44,High school,Married,Male,Private,40,low
30,High school,Married,Female,Private,27,low
39,Bachelor or higher,Never married,Male,Private,40,high
56,High school,Married,Male,Private,63,low
22,High school,Never married,Male,Private,40,low
29,Some college,Previously married,Female,Private,51,low
34,High school,Married,Male,Self-employed,39,low
53,Some college,Married,Male,Private,40,low
36,High school,Married,Male,Private,34,low
49,Bachelor or higher,Married,Male,Private,50,high
38,Bachelor or higher,Married,Male,Private,48,high
23,High school,Never married,Female,Government,40,low
24,High school,Married,Male,Private,44,low
32,Bachelor or higher,Never married,Female,Private,40,low
44,No high school,Previously married,Female,Private,40,low
43,High school,Married,Male,Private,40,high
31,Some college,Married,Male,Government,37,low
19,High school,Never married,Female,Private,40,low
43,No high school,Previously married,Female,Private,35,low
20,Some college,Never married,Female,Government,26,low
38,Some college,Married,Male,Private,47,high
47,Bachelor or higher,Married,Male,Private,47,high
38,High school,Married,Male,Self-employed,39,low
43,High school,Previously married,Female,Private,51,low
24,High school,Married,Male,Government,40,low
33,Bachelor or higher,Never married,Male,Private,55,high
41,High school,Married,Male,Private,40,low
29,High school,Previously married,Female,Private,40,low
52,Bachelor or higher,Married,Male,Private,50,high
35,High school,Married,Male,Government,51,high
33,Bachelor or higher,Married,Male,Private,62,high
24,Some college,Never married,Male,Private,40,low
20,Bachelor or higher,Never married,Female,Private,44,low
59,High school,Married,Male,Self-employed,53,high
41,High school,Married,Male,Government,40,low
26,High school,Never married,Female,Private,35,low
20,Some college,Never married,Male,Private,22,low
57,Bachelor or higher,Previously married,Male,Private,62,low
35,High school,Married,Male,Self-employed,27,low
32,High school,Never married,Male,Private,61,low
28,High school,Never married,Male,Private,40,low
29,Some college,Married,Male,Private,40,high
18,High school,Never married,Male,Private,40,low
39,Bachelor or higher,Previously married,Female,Private,34,low
25,High school,Married,Male,Self-employed,40,high
60,High school,Married,Male,Private,61,low
53,High school,Married,Male,Self-employed,29,low
34,High school,Previously married,Male,Private,40,low
56,Bachelor or higher,Previously married,Female,Private,51,low
60,High school,Married,Female,Private,40,low
31,Some college,Never married,Male,Private,40,low
28,High school,Never married,Male,Private,40,low
28,Bachelor or higher,Never married,Male,Government,40,low
37,Bachelor or higher,Married,Male,Government,40,high
18,High school,Never married,Male,Government,40,low
56,High school,Never married,Male,Private,51,low
54,Some college,Married,Male,Self-employed,50,low
42,No high school,Previously married,Female,Private,40,low
44,High school,Married,Male,Private,40,high
39,Bachelor or higher,Married,Male,Private,63,high
19,Some college,Never married,Male,Private,40,low
35,Some college,Married,Male,Private,40,low
45,No high school,Previously married,Female,Private,46,low
53,Some college,Married,Male,Private,40,low
61,High school,Married,Male,Self-employed,40,low
20,High school,Never married,Male,Private,40,low
42,Bachelor or higher,Married,Female,Private,66,high
23,High school,Never married,Male,Government,29,low
29,High school,Married,Male,Private,40,high
22,Bachelor or higher,Never married,Male,Private,40,low
37,High school,Married,Female,Private,40,low
61,High school,Never married,Female,Private,49,low
14,Some college,Never married,Female,Private,40,low
35,Some college,Married,Male,Private,40,high
26,Some college,Never married,Male,Self-employed,37,high
34,Bachelor or higher,Never married,Male,Private,49,low
45,Some college,Married,Male,Private,40,low
61,Some college,Married,Female,Government,40,low
23,High school,Married,Male,Private,40,low
44,Some college,Never married,Female,Private,40,low
45,High school,Never married,Female,Private,40,low
40,Some college,Previously married,Female,Private,40,low
63,Bachelor or higher,Married,Female,Private,57,high
65,High school,Previously married,Female,Government,40,low
47,Bachelor or higher,Married,Male,Private,40,high
29,No high school,Married,Male,Private,40,low
65,Some college,Previously married,Male,Self-employed,60,low
35,Some college,Previously married,Female,Private,40,high
23,High school,Married,Male,Private,40,low
21,Some college,Never married,Female,Private,40,low
28,High school,Married,Male,Private,50,low
25,High school,Married,Male,Private,40,low
55,High school,Married,Female,Private,40,low
42,Bachelor or higher,Married,Male,Government,40,low
36,No high school,Married,Male,Government,40,low
20,High school,Never married,Female,Private,29,low
32,Bachelor or higher,Married,Male,Private,38,low
19,High school,Never married,Male,Government,40,low
20,High school,Married,Male,Private,40,low
26,Some college,Married,Male,Private,40,low
31,High school,Never married,Male,Private,33,low
40,Bachelor or higher,Previously married,Female,Government,40,low
46,Some college,Married,Male,Private,37,high
25,Some college,Never married,Female,Private,28,low
36,Some college,Never married,Male,Private,49,high
46,No high school,Previously married,Female,Private,40,low
32,Some college,Never married,Female,Private,40,low
71,High school,Previously married,Female,Private,30,low
43,High school,Previously married,Female,Private,40,low
66,Bachelor or higher,Previously married,Female,Private,50,high
41,Some college,Previously married,Female,Government,40,low
31,High school,Married,Male,Private,40,high
22,Some college,Never married,Male,Private,40,low
47,High school,Married,Male,Self-employed,51,low
62,Bachelor or higher,Previously married,Male,Government,50,low
62,High school,Previously married,Female,Private,40,low
42,No high school,Married,Male,Private,40,low
42,High school,Previously married,Female,Private,46,low
18,High school,Never married,Female,Private,24,low
47,High school,Married,Male,Government,40,high
38,Bachelor or higher,Never married,Female,Government,39,low
43,Bachelor or higher,Married,Male,Private,61,high
26,High school,Married,Male,Private,50,low
44,Bachelor or higher,Married,Male,Private,48,high
30,High school,Never married,Male,Government,26,low
50,Bachelor or higher,Married,Male,Private,53,high
71,Some college,Married,Male,Self-employed,38,low
36,No high school,Married,Male,Private,40,low
23,High school,Married,Male,Private,40,low
44,Bachelor or higher,Never married,Male,Private,40,low
24,Some college,Never married,Female,Private,40,low
31,High school,Married,Male,Private,40,low
59,No high school,Previously married,Female,Private,24,low
23,Some college,Married,Male,Government,40,low
48,Some college,Married,Female,Private,40,low
32,High school,Married,Male,Private,40,high
47,Some college,Married,Male,Private,60,low
29,No high school,Married,Male,Private,40,low
40,High school,Married,Male,Government,40,low
35,Bachelor or higher,Married,Female,Private,40,high
35,No high school,Previously married,Female,Private,40,low
35,No high school,Married,Female,Private,40,low
29,No high school,Previously married,Male,Private,49,low
26,High school,Married,Male,Self-employed,63,low
24,High school,Married,Male,Private,46,low
40,Bachelor or higher,Married,Male,Private,40,high
42,Some college,Married,Female,Private,48,high
52,High school,Married,Male,Private,40,low
31,Bachelor or higher,Married,Male,Government,40,low
34,Some college,Married,Male,Private,40,high
45,Bachelor or higher,Married,Male,Government,40,high
45,High school,Never married,Male,Private,40,low
42,High school,Married,Male,Government,48,low
40,Bachelor or higher,Never married,Male,Private,40,low
60,Bachelor or higher,Married,Male,Government,59,high
43,Bachelor or higher,Previously married,Female,Private,40,high
27,Some college,Never married,Male,Private,54,low
32,Bachelor or higher,Never married,Male,Private,49,low
20,Some college,Never married,Female,Private,32,low
28,Bachelor or higher,Married,Male,Government,40,low
37,Bachelor or higher,Never married,Male,Government,40,high
22,High school,Married,Male,Private,39,low
28,Some college,Never married,Female,Private,40,low
33,Bachelor or higher,Never married,Female,Private,60,low
23,High school,Never married,Male,Private,40,low
36,Bachelor or higher,Previously married,Female,Private,40,high
47,Some college,Married,Male,Private,48,high
20,High school,Never married,Male,Private,40,low
75,Bachelor or higher,Previously married,Female,Private,40,low
31,High school,Married,Male,Self-employed,40,high
58,No high school,Married,Male,Private,49,low
60,Bachelor or higher,Previously married,Female,Private,24,low
53,High school,Married,Male,Private,49,low
18,High school,Never married,Male,Private,40,low
44,Some college,Never married,Female,Private,40,high
39,High school,Married,Male,Private,40,low
36,High school,Never married,Male,Government,40,low
22,High school,Never married,Female,Private,48,low
45,Bachelor or higher,Married,Male,Private,47,high
61,No high school,Married,Male,Private,40,low
28,Some college,Never married,Female,Private,40,high
51,Some college,Previously married,Female,Private,25,low
22,Some college,Never married,Female,Private,19,low
89,Bachelor or higher,Married,Male,Self-employed,51,low
46,Bachelor or higher,Married,Male,Self-employed,73,high
75,Bachelor or higher,Previously married,Female,Private,30,low
47,Some college,Previously married,Female,Private,40,low
38,Some college,Married,Male,Government,40,high
27,High school,Never married,Male,Government,40,low
47,High school,Previously married,Male,Private,48,low
36,No high school,Married,Male,Self-employed,40,low
41,Bachelor or higher,Married,Male,Government,40,low
44,Bachelor or higher,Married,Male,Self-employed,40,low
40,Bachelor or higher,Never married,Male,Private,40,low
42,High school,Previously married,Female,Private,40,low
16,High school,Never married,Male,Private,22,low
56,High school,Previously married,Male,Private,50,low
22,Some college,Never married,Male,Private,28,low
55,High school,Married,Male,Private,51,high
29,High school,Never married,Male,Private,40,low
39,No high school,Married,Male,Private,40,low
33,Some college,Never married,Male,Self-employed,39,low
42,High school,Previously married,Female,Private,21,low
31,No high school,Previously married,Male,Private,51,low
21,High school,Never married,Male,Private,40,low
46,Bachelor or higher,Previously married,Male,Government,51,high
24,Some college,Never married,Male,Government,61,low
56,Some college,Previously married,Female,Private,52,low
29,High school,Never married,Male,Private,40,low
40,Bachelor or higher,Previously married,Female,Private,49,low
30,Bachelor or higher,Married,Male,Private,49,high
30,Bachelor or higher,Never married,Male,Government,40,low
20,Some college,Never married,Male,Private,40,low
27,Some college,Never married,Female,Government,40,high
34,Some college,Married,Female,Government,40,low
46,Bachelor or higher,Married,Male,Private,50,high
37,Some college,Married,Male,Private,40,low
27,Some college,Married,Male,Private,49,low
23,High school,Married,Male,Private,40,low
36,High school,Never married,Male,Private,46,low
56,High school,Married,Male,Government,40,low
37,Some college,Never married,Female,Private,15,low
38,No high school,Married,Male,Private,40,low
54,High school,Married,Male,Private,39,low
56,High school,Married,Male,Private,48,low
31,No high school,Previously married,Female,Private,40,low
25,Some college,Married,Male,Self-employed,51,low
29,Some college,Married,Male,Government,40,low
44,High school,Married,Male,Private,51,low
33,Bachelor or higher,Never married,Female,Private,40,low
16,High school,Never married,Male,Private,40,low
19,High school,Married,Male,Private,44,low
35,Bachelor or higher,Married,Male,Government,40,low
24,Some college,Never married,Male,Private,40,low
49,Some college,Previously married,Female,Private,40,low
26,Some college,Married,Male,Private,40,low
26,Some college,Never married,Female,Government,40,low
43,High school,Married,Male,Private,40,high
38,Some college,Married,Female,Private,40,low
52,Bachelor or higher,Previously married,Male,Private,50,high
40,High school,Married,Male,Private,47,low
17,High school,Never married,Female,Private,34,low
60,Bachelor or higher,Married,Male,Private,60,high
31,Some college,Married,Male,Private,40,high
21,Some college,Never married,Female,Private,19,low
32,High school,Previously married,Female,Private,50,low
21,Some college,Never married,Male,Government,40,low
22,High school,Never married,Female,Private,37,low
39,Bachelor or higher,Never married,Male,Private,61,high
62,Bachelor or higher,Previously married,Male,Self-employed,50,low
42,High school,Married,Female,Private,40,low
45,No high school,Previously married,Female,Private,13,low
48,High school,Married,Male,Self-employed,59,low
21,Some college,Never married,Male,Private,34,low
43,Bachelor or higher,Married,Male,Government,58,high
22,Some college,Married,Male,Government,68,low
29,Some college,Never married,Female,Private,49,low
42,Bachelor or higher,Never married,Male,Private,40,low
21,High school,Never married,Male,Private,40,low
20,High school,Married,Male,Private,40,low
24,Bachelor or higher,Never married,Female,Private,40,low
28,Bachelor or higher,Never married,Female,Private,49,high
23,No high school,Married,Male,Private,40,low
49,Some college,Married,Male,Private,40,low
37,Bachelor or higher,Previously married,Male,Private,59,low
44,Some college,Married,Male,Self-employed,46,high
43,Some college,Married,Male,Private,40,low
32,Some college,Never married,Male,Private,40,high
49,High school,Married,Male,Private,51,low
31,Some college,Married,Female,Private,40,high
19,Some college,Married,Male,Private,49,low
30,Bachelor or higher,Married,Male,Private,52,high
39,Bachelor or higher,Previously married,Female,Private,73,low
31,Some college,Never married,Female,Private,40,low
29,High school,Never married,Male,Private,40,low
39,Some college,Married,Female,Government,40,high
21,Some college,Never married,Male,Private,40,high
44,High school,Previously married,Male,Private,29,low
37,Bachelor or higher,Never married,Male,Private,31,low
18,High school,Never married,Male,Private,40,low
35,Some college,Married,Male,Self-employed,50,low
33,Bachelor or higher,Married,Female,Government,47,high
24,High school,Never married,Male,Private,40,low
30,High school,Married,Male,Private,59,low
37,Bachelor or higher,Married,Male,Private,47,high
22,No high school,Married,Male,Private,40,low
41,Bachelor or higher,Never married,Male,Private,27,low
37,Bachelor or higher,Previously married,Female,Private,48,low
17,Some college,Never married,Male,Private,40,low
25,High school,Never married,Male,Private,40,low
44,Bachelor or higher,Married,Male,Private,40,high
18,High school,Never married,Female,Private,23,low
29,Some college,Never married,Male,Government,40,low
19,High school,Never married,Female,Private,56,low
44,No high school,Previously married,Female,Private,29,low
33,High school,Never married,Female,Private,40,low
50,Bachelor or higher,Married,Male,Self-employed,62,high
55,Bachelor or higher,Married,Male,Private,40,high
36,Bachelor or higher,Married,Male,Private,40,high
39,High school,Married,Male,Private,50,low
52,No high school,Married,Male,Private,40,low
28,High school,Married,Male,Private,40,low
32,Bachelor or higher,Married,Male,Government,40,low
27,Some college,Never married,Male,Private,49,high
27,Some college,Never married,Male,Private,56,low
53,High school,Married,Male,Private,32,low
35,Bachelor or higher,Previously married,Female,Private,47,low
26,High school,Never married,Female,Private,40,low
25,No high school,Married,Male,Private,32,low
35,High school,Never married,Female,Private,40,low
36,High school,Married,Male,Self-employed,40,low
85,Bachelor or higher,Previously married,Male,Self-employed,43,low
16,High school,Never married,Male,Private,23,low
73,High school,Previously married,Female,Private,48,low
36,Some college,Married,Male,Self-employed,79,high
30,Some college,Married,Male,Self-employed,41,low
16,Some college,Never married,Female,Private,40,low
43,High school,Married,Male,Government,91,low
41,Bachelor or higher,Never married,Female,Private,50,low
57,High school,Previously married,Female,Private,40,low
50,Some college,Married,Male,Private,40,high
64,High school,Married,Male,Private,35,low
30,High school,Married,Male,Private,40,low
40,High school,Married,Male,Private,52,low
48,Bachelor or higher,Married,Male,Self-employed,62,high
44,High school,Married,Male,Private,40,low
32,No high school,Never married,Female,Private,40,low
21,High school,Married,Male,Government,40,low
26,High school,Never married,Male,Private,40,low
36,Bachelor or higher,Married,Male,Government,40,high
77,No high school,Married,Female,Private,40,low
18,High school,Never married,Male,Private,40,low
33,Bachelor or higher,Never married,Male,Private,40,low
27,High school,Married,Male,Government,40,low
29,High school,Never married,Female,Government,40,low
37,Bachelor or higher,Married,Male,Government,40,low
20,No high school,Never married,Male,Private,48,low
44,Bachelor or higher,Married,Male,Private,40,high
21,High school,Never married,Male,Private,40,low
20,Bachelor or higher,Married,Male,Government,40,low
21,High school,Married,Male,Private,47,low
22,High school,Never married,Female,Government,40,low
46,High school,Married,Male,Self-employed,50,low
42,No high school,Previously married,Male,Private,38,low
50,Bachelor or higher,Previously married,Female,Private,47,low
18,Some college,Never married,Male,Private,40,low
44,High school,Married,Male,Self-employed,35,low
47,Bachelor or higher,Previously married,Male,Private,46,high
49,High school,Married,Male,Private,53,low
54,High school,Married,Male,Private,40,low
34,High school,Married,Male,Government,40,low
51,No high school,Married,Female,Private,40,low
49,Some college,Married,Male,Private,40,high
44,Bachelor or higher,Never married,Female,Private,50,high
34,Some college,Never married,Female,Private,40,low
34,Bachelor or higher,Previously married,Female,Self-employed,53,low
32,High school,Married,Male,Private,40,high
63,Bachelor or higher,Previously married,Female,Private,28,high
33,Bachelor or higher,Never married,Male,Private,40,low
18,Some college,Never married,Female,Private,40,low
38,Bachelor or higher,Married,Male,Private,45,low
38,Some college,Married,Male,Private,40,low
21,Some college,Never married,Male,Private,65,low
33,High school,Never married,Female,Private,32,low
51,High school,Previously married,Female,Private,40,low
84,Some college,Previously married,Female,Private,49,low
16,Some college,Never married,Male,Private,33,low
34,No high school,Married,Male,Private,40,low
50,Bachelor or higher,Previously married,Female,Private,27,low
46,High school,Married,Male,Private,40,low
31,High school,Married,Male,Government,40,low
57,No high school,Previously married,Female,Private,38,low
57,High school,Married,Male,Self-employed,42,low
44,Some college,Married,Male,Private,42,low
23,Some college,Married,Male,Private,34,low
18,No high school,Never married,Female,Private,40,low
33,High school,Married,Male,Private,40,low
33,Some college,Never married,Male,Private,40,low
66,High school,Previously married,Female,Government,48,low
53,High school,Married,Male,Private,28,low
19,Some college,Married,Male,Private,30,low
48,High school,Married,Male,Government,40,low
34,High school,Married,Male,Private,49,low
24,Some college,Never married,Female,Private,48,high
72,High school,Married,Male,Private,40,low
21,High school,Never married,Male,Private,40,low
46,Some college,Previously married,Female,Private,40,low
41,Bachelor or higher,Never married,Male,Private,62,low
37,No high school,Married,Male,Private,40,low
39,Some college,Married,Male,Private,40,high
40,No high school,Never married,Female,Private,32,low
31,Some college,Never married,Female,Government,43,low
49,High school,Previously married,Female,Private,47,low
24,High school,Never married,Male,Private,40,low
21,High school,Never married,Male,Private,40,low
63,Some college,Previously married,Female,Private,50,low
33,Some college,Previously married,Female,Private,40,low
48,Bachelor or higher,Married,Male,Private,40,low
65,Bachelor or higher,Previously married,Female,Private,28,low
42,Some college,Previously married,Male,Private,40,low
22,High school,Married,Male,Private,40,low
58,High school,Married,Male,Self-employed,62,low
43,High school,Married,Male,Self-employed,40,low
40,No high school,Married,Male,Private,40,low
44,High school,Previously married,Female,Government,40,low
15,Some college,Never married,Female,Private,40,low
26,Some college,Never married,Female,Private,40,low
52,Some college,Married,Male,Self-employed,96,low
48,High school,Previously married,Female,Private,40,low
17,Some college,Never married,Male,Private,40,low
51,High school,Married,Male,Private,40,low
20,High school,Married,Male,Self-employed,36,low
41,Some college,Married,Male,Private,62,high
39,Bachelor or higher,Previously married,Male,Private,58,low
26,High school,Married,Male,Private,50,low
39,High school,Previously married,Female,Private,49,high
21,No high school,Married,Male,Private,40,low
23,High school,Married,Male,Self-employed,39,low
57,Some college,Married,Male,Self-employed,59,low
33,High school,Married,Male,Private,40,low
32,No high school,Married,Male,Private,40,low
22,High school,Never married,Female,Private,23,low
19,Some college,Never married,Male,Private,40,low
47,High school,Never married,Female,Private,40,low
65,No high school,Previously married,Female,Private,22,low
36,High school,Never married,Male,Self-employed,36,low
32,High school,Never married,Male,Private,31,low
58,Bachelor or higher,Married,Male,Government,40,low
35,Some college,Never married,Female,Private,32,low
18,High school,Never married,Male,Private,40,low
65,High school,Married,Male,Self-employed,50,low
20,Some college,Never married,Male,Private,40,low
47,Some college,Married,Male,Self-employed,39,low
40,Some college,Never married,Female,Private,26,low
62,High school,Married,Male,Government,40,low
41,Some college,Never married,Female,Government,40,low
18,High school,Never married,Male,Government,40,low
37,Bachelor or higher,Married,Male,Government,40,low
20,Some college,Never married,Female,Private,40,low
50,High school,Married,Male,Self-employed,40,low
32,Bachelor or higher,Married,Male,Private,40,low
40,High school,Married,Male,Self-employed,53,low
53,No high school,Married,Female,Private,40,low
20,High school,Married,Male,Private,40,low
29,High school,Never married,Male,Private,40,low
19,High school,Never married,Male,Private,40,low
58,Some college,Married,Male,Private,50,high
82,High school,Married,Female,Private,37,low
45,Bachelor or higher,Married,Male,Government,40,high
30,Some college,Never married,Female,Government,40,low
27,Some college,Never married,Female,Private,44,low
21,High school,Never married,Female,Private,40,low
29,Bachelor or higher,Never married,Male,Private,40,low
33,High school,Married,Male,Self-employed,46,low
39,High school,Previously married,Female,Private,32,low
49,Some college,Married,Male,Private,40,low
24,High school,Never married,Female,Private,30,low
23,High school,Married,Male,Private,49,low
20,Some college,Never married,Female,Private,40,low
20,Some college,Never married,Female,Government,40,low
25,Some college,Never married,Female,Private,40,low
43,Some college,Married,Male,Private,40,low
43,Some college,Married,Male,Self-employed,40,high
54,Some college,Previously married,Female,Private,17,low
50,Bachelor or higher,Married,Male,Government,48,high
44,Some college,Previously married,Female,Private,40,low
42,High school,Married,Male,Government,60,low
47,Bachelor or higher,Married,Male,Self-employed,40,low
22,Some college,Married,Male,Private,40,low
44,Some college,Previously married,Female,Private,48,high
34,High school,Married,Male,Government,40,low
33,High school,Married,Male,Private,40,low
29,High school,Married,Male,Government,44,low
37,Some college,Married,Male,Private,40,high
55,No high school,Married,Male,Private,39,low
20,High school,Never married,Female,Government,40,low
33,Bachelor or higher,Married,Male,Private,40,high
19,Some college,Never married,Male,Private,40,low
54,No high school,Married,Male,Private,40,low
46,High school,Married,Male,Private,40,low
27,Some college,Never married,Male,Private,40,low
44,Some college,Never married,Male,Government,53,low
39,High school,Married,Female,Private,54,low
34,Some college,Never married,Male,Private,40,low
49,Some college,Married,Female,Private,47,high
27,Some college,Never married,Male,Private,22,low
98,High school,Married,Male,Self-employed,40,low
55,Some college,Married,Female,Private,40,high
36,Bachelor or higher,Married,Male,Government,40,low
49,Bachelor or higher,Married,Male,Government,40,high
29,Some college,Never married,Male,Private,40,low
34,Some college,Never married,Male,Private,40,low
27,High school,Married,Male,Self-employed,27,low
75,High school,Previously married,Male,Self-employed,50,low
47,Bachelor or higher,Never married,Male,Private,40,high
50,Some college,Never married,Female,Private,40,low
30,Bachelor or higher,Never married,Male,Private,71,low
36,Bachelor or higher,Never married,Male,Private,40,low
38,No high school,Married,Male,Private,29,low
43,Bachelor or higher,Married,Male,Private,49,high
33,High school,Married,Male,Private,51,low
32,Some college,Never married,Female,Private,40,low
47,Bachelor or higher,Previously married,Female,Private,40,high
25,High school,Married,Male,Private,40,low
51,Some college,Previously married,Female,Government,40,low
35,Some college,Previously married,Female,Private,49,high
49,High school,Previously married,Female,Private,50,low
68,High school,Married,Male,Self-employed,52,low
64,No high school,Married,Male,Self-employed,58,low
28,Some college,Married,Male,Private,40,high
44,High school,Never married,Male,Self-employed,35,low
23,High school,Married,Male,Self-employed,52,low
32,High school,Married,Male,Private,40,low
33,Some college,Married,Male,Self-employed,40,low
40,Bachelor or higher,Married,Male,Private,62,high
38,Some college,Never married,Male,Private,40,low
41,Some college,Previously married,Male,Private,49,low
31,Some college,Married,Male,Private,40,low
61,High school,Married,Female,Private,50,high
45,High school,Married,Male,Private,40,low
36,Some college,Married,Male,Private,40,low
34,High school,Never married,Male,Self-employed,60,low
64,High school,Previously married,Female,Private,49,low
39,Some college,Never married,Female,Government,27,low
32,Some college,Never married,Male,Private,40,low
31,No high school,Married,Male,Private,27,low
54,Bachelor or higher,Previously married,Female,Private,52,low
46,Bachelor or higher,Previously married,Female,Private,52,high
32,High school,Married,Male,Government,40,low
36,High school,Married,Male,Private,43,low
44,No high school,Married,Male,Private,49,low
42,Bachelor or higher,Married,Male,Private,56,high
32,No high school,Never married,Female,Private,23,low
42,High school,Married,Male,Government,63,low
48,Bachelor or higher,Never married,Male,Private,48,high
41,Some college,Never married,Female,Private,29,high
22,High school,Married,Male,Private,36,low
26,Some college,Married,Female,Private,40,high
33,High school,Previously married,Male,Private,49,low
36,High school,Married,Male,Private,40,low
32,Bachelor or higher,Never married,Female,Government,40,high
24,Bachelor or higher,Never married,Female,Private,29,low
76,Bachelor or higher,Married,Male,Private,52,high
41,Bachelor or higher,Married,Female,Government,40,low
28,Bachelor or higher,Never married,Female,Private,50,low
35,Bachelor or higher,Previously married,Male,Private,47,low
24,Bachelor or higher,Married,Male,Self-employed,61,high
33,No high school,Never married,Male,Private,40,low
28,Some college,Never married,Female,Private,48,low
27,No high school,Married,Male,Private,40,low
59,Bachelor or higher,Married,Male,Private,36,high
44,Bachelor or higher,Married,Male,Private,40,high
28,No high school,Married,Male,Self-employed,26,low
38,High school,Married,Female,Private,46,low
38,High school,Married,Male,Private,61,low
23,Bachelor or higher,Never married,Male,Private,40,low
52,No high school,Married,Male,Private,40,low
69,Some college,Previously married,Male,Self-employed,40,low
61,High school,Married,Male,Self-employed,40,low
46,Some college,Previously married,Female,Government,45,low
30,No high school,Married,Male,Private,40,low
31,High school,Previously married,Male,Private,51,low
23,High school,Never married,Male,Private,40,low
27,High school,Married,Male,Government,31,low
43,Some college,Married,Male,Private,40,high
25,No high school,Married,Male,Private,40,low
30,Some college,Never married,Male,Self-employed,44,low
33,High school,Married,Male,Private,40,low
25,Bachelor or higher,Never married,Male,Private,40,low
46,High school,Married,Male,Private,27,high
19,Some college,Married,Male,Private,40,high
56,High school,Married,Male,Private,40,low
41,Bachelor or higher,Never married,Female,Private,48,high
44,Some college,Married,Male,Private,40,low
22,High school,Never married,Male,Private,40,low
33,Bachelor or higher,Never married,Female,Private,62,high
28,Some college,Married,Male,Private,40,low
50,Some college,Previously married,Female,Self-employed,25,low
46,Some college,Married,Male,Private,46,low
28,No high school,Married,Male,Private,40,low
41,No high school,Married,Male,Private,40,low
47,High school,Married,Male,Private,40,high
23,High school,Never married,Male,Private,77,low
59,Bachelor or higher,Married,Male,Government,40,high
20,High school,Never married,Male,Private,40,low
32,Some college,Never married,Male,Self-employed,53,low
33,No high school,Never married,Female,Private,40,low
19,Some college,Never married,Male,Private,58,low
21,High school,Never married,Female,Private,40,low
16,Some college,Never married,Female,Private,36,low
58,Some college,Married,Male,Self-employed,74,high
32,Some college,Never married,Male,Self-employed,60,low
34,High school,Married,Male,Government,40,high
20,High school,Never married,Female,Government,40,low
31,Bachelor or higher,Never married,Female,Private,50,high
23,High school,Never married,Male,Private,40,low
38,Bachelor or higher,Married,Female,Private,59,high
24,Bachelor or higher,Never married,Female,Private,70,low
55,High school,Previously married,Female,Private,40,low
27,High school,Married,Male,Private,62,low
21,High school,Married,Male,Private,40,low
27,No high school,Previously married,Female,Private,40,low
18,High school,Never married,Male,Private,50,low
21,High school,Never married,Female,Private,60,low
29,High school,Married,Female,Private,40,low
42,Bachelor or higher,Previously married,Female,Private,48,high
45,No high school,Never married,Male,Private,40,low
42,Some college,Previously married,Female,Private,40,high
33,No high school,Married,Male,Private,40,low
46,Bachelor or higher,Married,Male,Private,52,high
48,High school,Previously married,Female,Private,50,low
35,Some college,Married,Male,Government,50,high
35,Some college,Previously married,Female,Government,49,low
32,High school,Married,Male,Private,40,low
52,High school,Married,Male,Self-employed,98,low
34,No high school,Married,Male,Private,40,low
32,Some college,Never married,Male,Private,27,low
47,High school,Married,Male,Self-employed,49,high
22,High school,Never married,Female,Government,32,low
43,Bachelor or higher,Married,Male,Private,40,high
42,Some college,Never married,Female,Private,29,low
37,Some college,Previously married,Female,Private,59,high
24,Some college,Never married,Female,Private,23,low
45,Bachelor or higher,Married,Male,Private,40,high
42,Some college,Previously married,Female,Private,40,low
20,High school,Never married,Male,Private,36,low
51,Bachelor or higher,Married,Male,Private,39,high
20,High school,Never married,Male,Private,40,low
46,High school,Married,Male,Private,40,high
39,High school,Married,Male,Private,40,low
38,Bachelor or higher,Married,Male,Private,50,high
31,High school,Married,Male,Self-employed,40,low
50,No high school,Previously married,Female,Private,24,low
27,Some college,Never married,Female,Private,40,low
49,Bachelor or higher,Previously married,Female,Private,40,low
68,High school,Married,Male,Government,86,low
79,No high school,Previously married,Female,Private,27,low
30,Bachelor or higher,Married,Male,Government,40,low
23,Some college,Never married,Male,Private,40,low
34,High school,Never married,Male,Private,40,low
37,No high school,Married,Male,Private,40,low
34,Some college,Previously married,Female,Private,35,low
39,High school,Married,Male,Private,40,high
31,Some college,Never married,Female,Government,23,low
67,No high school,Previously married,Female,Private,40,low
49,No high school,Married,Male,Private,40,low
26,High school,Never married,Female,Private,40,low
51,No high school,Married,Male,Private,25,low
41,High school,Married,Male,Government,40,low
19,Some college,Never married,Male,Private,40,low
39,Some college,Married,Male,Government,40,low
27,High school,Never married,Male,Private,79,low
33,Some college,Married,Male,Private,40,low
29,Bachelor or higher,Never married,Female,Private,40,low
51,Bachelor or higher,Married,Male,Private,49,high
39,Some college,Never married,Male,Private,46,low
39,High school,Married,Male,Private,40,high
36,High school,Married,Male,Private,40,low
58,Bachelor or higher,Married,Male,Private,60,high
89,High school,Previously married,Male,Private,29,low
39,No high school,Married,Male,Private,40,high
40,Some college,Married,Male,Self-employed,50,high
34,High school,Married,Male,Self-employed,52,low
64,Bachelor or higher,Married,Male,Private,62,high
42,Bachelor or higher,Married,Female,Private,47,high
44,Bachelor or higher,Previously married,Female,Private,40,low
19,Some college,Never married,Male,Government,40,low
29,Some college,Never married,Male,Government,40,low
25,Bachelor or higher,Never married,Female,Government,40,low
50,No high school,Never married,Female,Private,48,low
44,High school,Married,Female,Private,40,low
35,Some college,Previously married,Male,Private,40,low
38,No high school,Previously married,Male,Private,48,low
36,Bachelor or higher,Married,Male,Private,40,high
17,High school,Never married,Male,Private,35,low
45,Some college,Previously married,Female,Private,40,low
15,Some college,Never married,Male,Private,40,low
38,High school,Married,Male,Self-employed,44,low
33,Bachelor or higher,Never married,Female,Government,40,low
55,No high school,Married,Male,Private,40,low
35,Bachelor or higher,Married,Male,Private,45,high
42,High school,Married,Male,Private,50,low
51,High school,Married,Male,Private,40,low
45,High school,Previously married,Female,Private,48,low
34,High school,Married,Male,Private,40,high
48,No high school,Married,Female,Private,40,low
32,Bachelor or higher,Never married,Male,Government,40,low
57,High school,Married,Male,Private,40,high
36,High school,Previously married,Male,Private,48,low
35,Some college,Previously married,Female,Government,49,low
38,No high school,Married,Female,Private,40,low
27,High school,Never married,Male,Private,40,low
30,High school,Previously married,Female,Private,36,low
42,Bachelor or higher,Married,Male,Government,40,low
26,Bachelor or higher,Never married,Female,Government,40,low
48,Some college,Married,Male,Private,52,high
27,High school,Never married,Female,Private,40,low
36,Some college,Married,Male,Private,50,high
25,Bachelor or higher,Never married,Female,Private,56,low
24,High school,Married,Male,Private,40,low
24,Some college,Married,Male,Private,40,high
60,Bachelor or higher,Previously married,Female,Private,22,high
32,Some college,Married,Male,Private,40,high
30,High school,Never married,Female,Private,18,low
32,Some college,Married,Male,Private,40,low
38,Bachelor or higher,Previously married,Female,Private,51,low
81,Bachelor or higher,Married,Male,Self-employed,60,low
25,Some college,Never married,Male,Private,40,low
21,High school,Never married,Female,Private,40,low
28,High school,Never married,Male,Government,74,low
55,No high school,Previously married,Female,Private,40,low
20,Some college,Never married,Male,Private,40,low
28,Bachelor or higher,Married,Male,Private,73,high
19,High school,Never married,Female,Private,40,low
83,Some college,Married,Male,Self-employed,40,high
38,Bachelor or higher,Married,Male,Government,40,high
36,Bachelor or higher,Previously married,Male,Private,38,high
35,Bachelor or higher,Married,Male,Government,40,high
23,High school,Married,Male,Private,40,low
35,High school,Married,Male,Private,48,low
28,High school,Married,Male,Private,61,low
62,Some college,Married,Male,Private,40,low
31,Some college,Previously married,Male,Private,40,high
55,High school,Married,Male,Private,40,high
55,No high school,Previously married,Female,Private,48,low
35,High school,Never married,Male,Private,40,low
65,No high school,Married,Female,Private,28,low
44,Some college,Married,Male,Private,40,high
49,High school,Previously married,Female,Private,49,low
20,High school,Married,Male,Self-employed,49,low
40,No high school,Previously married,Female,Private,22,low
28,Some college,Never married,Female,Private,40,low
24,High school,Married,Male,Private,39,low
32,High school,Never married,Male,Private,23,low
44,High school,Never married,Female,Private,49,high
26,High school,Married,Male,Private,40,low
42,High school,Married,Male,Private,40,low
30,Some college,Never married,Female,Private,21,high
47,No high school,Married,Male,Private,40,low
32,Bachelor or higher,Married,Male,Private,40,high
63,High school,Married,Female,Private,49,high
31,Some college,Married,Male,Private,51,high
57,Bachelor or higher,Married,Male,Private,51,high
41,No high school,Previously married,Male,Private,45,low
36,High school,Married,Male,Private,40,low
75,High school,Previously married,Female,Private,50,high
47,Bachelor or higher,Previously married,Female,Government,28,low
41,High school,Married,Male,Self-employed,52,low
27,Bachelor or higher,Never married,Male,Private,67,low
30,Some college,Never married,Male,Private,40,low
23,High school,Married,Male,Private,33,low
46,High school,Married,Male,Self-employed,52,high
49,High school,Married,Female,Government,40,low
44,High school,Married,Female,Private,40,low
45,Bachelor or higher,Married,Female,Private,50,high
38,High school,Never married,Female,Private,40,low
50,Some college,Married,Male,Self-employed,37,low
26,High school,Never married,Female,Private,27,low
33,Some college,Married,Male,Private,52,high
35,Bachelor or higher,Married,Male,Private,61,high
24,High school,Never married,Male,Private,40,low
70,Some college,Married,Male,Private,51,high
27,High school,Married,Male,Private,40,low
33,Some college,Never married,Male,Private,46,low
35,High school,Married,Male,Private,40,high
48,Some college,Previously married,Female,Private,40,high
40,High school,Married,Male,Private,40,low
37,No high school,Married,Female,Private,40,low
26,Some college,Married,Female,Private,40,high
22,Some college,Never married,Female,Private,40,low
36,Bachelor or higher,Never married,Male,Government,60,high
25,Some college,Never married,Female,Private,32,high
23,No high school,Never married,Male,Private,26,low
40,High school,Married,Male,Private,40,low
45,High school,Married,Male,Self-employed,51,low
28,High school,Married,Male,Private,50,low
59,High school,Married,Male,Government,40,low
43,Bachelor or higher,Previously married,Female,Private,50,low
22,Some college,Never married,Female,Private,40,low
24,Some college,Never married,Female,Private,40,low
40,No high school,Married,Male,Private,16,low
48,High school,Married,Male,Private,40,high
52,Bachelor or higher,Married,Male,Private,49,high
33,High school,Married,Male,Private,51,high
24,Bachelor or higher,Never married,Male,Private,40,high
31,High school,Never married,Female,Government,41,low
60,No high school,Never married,Female,Private,40,low
40,Some college,Married,Male,Private,50,high
39,Some college,Previously married,Female,Government,27,low
89,High school,Previously married,Male,Self-employed,33,low
28,Some college,Married,Male,Private,50,low
27,No high school,Never married,Male,Private,40,low
62,Bachelor or higher,Married,Male,Self-employed,50,high
26,High school,Married,Male,Government,40,low
68,Some college,Married,Male,Self-employed,32,low
21,High school,Never married,Male,Private,33,low
29,No high school,Married,Male,Private,40,low
50,Bachelor or higher,Married,Male,Private,50,high
37,No high school,Previously married,Female,Private,29,low
17,Some college,Never married,Female,Private,31,low
33,High school,Married,Male,Private,42,low
52,Bachelor or higher,Previously married,Female,Private,20,low
23,High school,Never married,Female,Government,29,low
43,Bachelor or higher,Married,Male,Private,61,high
34,Some college,Previously married,Female,Government,40,low
51,Some college,Previously married,Male,Self-employed,94,low
31,High school,Married,Male,Self-employed,23,low
57,Some college,Married,Female,Private,40,high
69,High school,Never married,Male,Private,42,low
29,Bachelor or higher,Never married,Male,Private,40,low
42,No high school,Previously married,Female,Private,40,low
30,Some college,Never married,Female,Private,27,low
45,No high school,Married,Male,Private,40,low
32,Bachelor or higher,Married,Male,Private,40,high
42,No high school,Never married,Male,Private,40,low
52,No high school,Married,Male,Private,17,low
35,No high school,Married,Male,Private,31,low
17,Some college,Married,Male,Government,40,low
25,Bachelor or higher,Never married,Male,Private,47,low
33,Bachelor or higher,Never married,Female,Government,40,low
39,Some college,Previously married,Female,Private,40,low
38,Some college,Married,Male,Private,40,low
24,Bachelor or higher,Never married,Male,Private,40,low
39,High school,Married,Male,Private,40,low
39,High school,Never married,Male,Private,47,low
39,Bachelor or higher,Never married,Male,Government,60,low
33,Some college,Never married,Female,Private,40,low
21,High school,Never married,Female,Private,40,low
26,Some college,Never married,Female,Private,40,low
16,Some college,Never married,Male,Government,40,low
48,High school,Married,Male,Private,40,low
28,High school,Never married,Male,Private,40,low
53,High school,Married,Male,Private,40,low
44,Bachelor or higher,Previously married,Female,Private,55,high
38,No high school,Never married,Male,Private,57,low
43,Some college,Married,Male,Private,40,low
45,No high school,Married,Male,Private,40,low
59,High school,Never married,Female,Private,41,low
63,No high school,Married,Male,Self-employed,34,low
43,Some college,Previously married,Female,Private,49,high
56,Bachelor or higher,Married,Male,Self-employed,62,high
40,High school,Married,Male,Private,40,low
58,Bachelor or higher,Married,Male,Private,29,low
43,Bachelor or higher,Married,Female,Private,40,high
39,Bachelor or higher,Previously married,Male,Private,51,low
55,High school,Married,Male,Private,40,low
44,Bachelor or higher,Married,Male,Private,40,high
21,Some college,Married,Male,Private,40,low
37,Bachelor or higher,Married,Male,Private,40,high
40,High school,Previously married,Female,Private,36,low
27,Bachelor or higher,Never married,Male,Government,40,low
68,High school,Previously married,Male,Private,45,low
29,Bachelor or higher,Never married,Male,Private,82,high
49,Bachelor or higher,Married,Male,Private,51,high
33,Bachelor or higher,Never married,Female,Government,25,low
56,No high school,Married,Male,Private,58,low
58,High school,Never married,Male,Private,90,low
34,Bachelor or higher,Never married,Female,Private,40,high
37,Some college,Married,Male,Private,40,high
43,Bachelor or higher,Previously married,Male,Private,40,low
34,Bachelor or higher,Never married,Male,Private,48,high
51,High school,Married,Male,Self-employed,40,low
46,Bachelor or higher,Never married,Female,Private,50,high
36,Bachelor or higher,Married,Male,Private,51,high
32,Bachelor or higher,Married,Male,Government,40,low
50,High school,Married,Male,Self-employed,94,low
47,High school,Previously married,Female,Private,68,low
37,Bachelor or higher,Married,Male,Government,40,high
49,High school,Previously married,Female,Private,49,low
50,Bachelor or higher,Married,Female,Government,40,high
55,Some college,Married,Male,Private,41,high
30,High school,Previously married,Male,Private,47,low
32,Bachelor or higher,Never married,Male,Private,47,high
40,High school,Married,Male,Private,64,low
55,High school,Married,Male,Self-employed,31,low
30,High school,Married,Male,Private,53,high
44,Some college,Married,Male,Self-employed,36,low
19,No high school,Never married,Male,Private,40,low
26,High school,Never married,Male,Private,69,low
29,Bachelor or higher,Married,Male,Government,40,high
37,Some college,Married,Male,Private,40,low
50,Some college,Previously married,Female,Government,40,low
60,Bachelor or higher,Previously married,Female,Private,40,low
43,High school,Married,Male,Self-employed,53,low
21,Bachelor or higher,Never married,Male,Private,40,low
30,Some college,Never married,Male,Government,40,low
43,Bachelor or higher,Previously married,Male,Private,50,low
61,No high school,Previously married,Male,Private,39,low
59,High school,Married,Male,Private,40,low
39,No high school,Never married,Male,Private,40,low
51,No high school,Married,Male,Private,40,low
30,High school,Married,Male,Private,40,low
35,High school,Previously married,Female,Private,66,low
37,Bachelor or higher,Never married,Male,Government,40,low
46,Bachelor or higher,Previously married,Female,Private,16,low
24,High school,Never married,Female,Government,67,low
51,No high school,Married,Male,Private,33,low
36,Some college,Never married,Female,Private,40,low
49,High school,Married,Male,Private,40,low
16,Some college,Married,Female,Private,40,low
21,Bachelor or higher,Married,Male,Government,40,low
53,No high school,Married,Male,Government,40,low
31,Some college,Never married,Female,Private,49,low
15,High school,Never married,Male,Government,40,low
59,High school,Married,Male,Self-employed,53,low
27,Some college,Married,Male,Private,40,high
34,Bachelor or higher,Never married,Female,Private,89,high
36,High school,Previously married,Male,Private,48,low
47,Some college,Previously married,Male,Private,40,low
28,Bachelor or higher,Married,Male,Private,50,high
30,Some college,Married,Male,Private,40,low
24,Bachelor or higher,Never married,Female,Private,40,low
37,Bachelor or higher,Previously married,Female,Private,46,low
36,High school,Married,Male,Government,49,low
26,No high school,Never married,Male,Private,31,low
45,Bachelor or higher,Married,Male,Government,40,high
22,Some college,Previously married,Male,Private,51,high
29,High school,Never married,Female,Private,42,low
44,No high school,Married,Male,Private,40,low
31,Bachelor or higher,Married,Female,Private,40,high
19,Some college,Never married,Female,Government,40,low
32,High school,Married,Male,Private,29,low
33,Some college,Never married,Female,Private,40,high
34,Bachelor or higher,Never married,Male,Private,40,low
31,High school,Married,Female,Private,40,low
23,No high school,Never married,Female,Private,36,low
20,Some college,Never married,Female,Government,40,low
69,Bachelor or higher,Previously married,Female,Private,40,low
68,Some college,Previously married,Male,Private,40,low
41,High school,Married,Female,Private,40,low
20,Bachelor or higher,Never married,Male,Government,40,low
52,No high school,Married,Male,Private,38,low
58,High school,Previously married,Female,Private,35,low
59,No high school,Married,Male,Self-employed,40,low
39,Bachelor or higher,Married,Male,Self-employed,59,low
35,Some college,Previously married,Female,Private,40,low
36,Bachelor or higher,Married,Male,Private,40,low
35,Some college,Married,Male,Self-employed,51,high
27,Some college,Never married,Female,Private,34,low
41,No high school,Married,Male,Private,40,low
41,High school,Previously married,Female,Private,40,low
48,Bachelor or higher,Married,Female,Private,47,high
22,High school,Never married,Female,Private,40,low
41,Some college,Previously married,Female,Private,40,low
36,High school,Married,Female,Private,50,high
41,High school,Married,Male,Private,40,low
61,Some college,Married,Male,Self-employed,40,low
24,Some college,Married,Male,Private,40,low
52,No high school,Previously married,Male,Private,39,low
60,Some college,Previously married,Female,Private,52,high
30,High school,Never married,Male,Private,50,low
14,Some college,Never married,Male,Government,40,low
46,High school,Previously married,Female,Private,48,low
31,High school,Married,Female,Private,40,high
90,Some college,Married,Male,Self-employed,52,low
16,No high school,Never married,Male,Private,40,low
37,Bachelor or higher,Never married,Female,Private,40,low
58,High school,Married,Female,Private,40,low
31,Some college,Never married,Male,Private,40,low
29,High school,Never married,Male,Private,40,low
31,No high school,Never married,Female,Private,40,low
24,Some college,Married,Female,Private,33,low
43,Bachelor or higher,Married,Male,Private,50,high
42,High school,Never married,Male,Private,41,low
42,Bachelor or higher,Previously married,Female,Private,48,high
40,High school,Married,Male,Private,40,low
25,High school,Married,Male,Private,40,low
56,Bachelor or higher,Previously married,Female,Private,55,high
28,Some college,Married,Male,Private,40,low
28,High school,Married,Male,Private,40,low
43,No high school,Never married,Male,Private,37,low
44,Bachelor or higher,Married,Male,Private,50,high
29,High school,Never married,Female,Private,40,low
46,High school,Previously married,Female,Private,47,low
38,Some college,Married,Male,Private,40,low
31,High school,Never married,Female,Private,40,low
21,Some college,Never married,Male,Private,40,low
22,High school,Never married,Female,Private,40,low
29,High school,Married,Male,Private,40,low
31,Bachelor or higher,Married,Male,Government,40,low
23,Some college,Married,Male,Private,40,low
22,Some college,Never married,Male,Private,40,low
20,Some college,Never married,Male,Private,40,low
36,High school,Married,Male,Private,40,low
33,High school,Married,Male,Private,40,low
33,High school,Married,Male,Private,40,low
29,Bachelor or higher,Never married,Male,Private,58,high
22,High school,Married,Male,Private,40,low
51,Some college,Married,Male,Private,28,low
27,High school,Married,Male,Self-employed,40,low
41,Bachelor or higher,Never married,Male,Government,40,low
40,High school,Married,Male,Private,40,high
53,Bachelor or higher,Married,Male,Private,40,low
48,Some college,Previously married,Female,Private,40,low
38,High school,Married,Male,Self-employed,42,high
34,High school,Married,Male,Government,40,low
20,High school,Never married,Female,Private,40,low
29,Some college,Married,Female,Private,40,low
31,Some college,Never married,Female,Private,49,low
25,Bachelor or higher,Never married,Male,Government,40,low
33,High school,Never married,Female,Government,40,low
17,High school,Never married,Female,Government,31,low
43,High school,Married,Male,Private,40,low
44,Some college,Married,Male,Private,40,low
62,Bachelor or higher,Previously married,Female,Private,51,low
27,Bachelor or higher,Never married,Female,Government,68,low
36,Bachelor or higher,Never married,Female,Private,40,low
47,Some college,Never married,Male,Private,34,high
47,No high school,Married,Male,Private,40,low
25,Some college,Never married,Female,Private,40,low
23,High school,Married,Male,Private,40,low
30,Bachelor or higher,Never married,Male,Private,40,low
48,No high school,Married,Male,Private,40,low
34,High school,Previously married,Female,Private,45,low
37,No high school,Married,Male,Private,63,low
16,High school,Never married,Male,Private,40,low
32,Some college,Never married,Female,Government,40,low
46,Bachelor or higher,Never married,Male,Private,50,high
25,High school,Never married,Female,Private,40,low
45,High school,Married,Male,Private,50,low
20,Some college,Never married,Male,Private,40,low
