age,education,marital_status,sex,workclass,hours_per_week,income
32,High school,Married,Male,Private,57,low
30,Some college,Never married,Female,Government,27,low
33,No high school,Never married,Female,Private,70,low
44,High school,Previously married,Female,Self-employed,40,low
36,Some college,Married,Male,Government,40,high
31,High school,Previously married,Female,Private,40,low
42,Bachelor or higher,Married,Male,Private,45,low
58,Bachelor or higher,Married,Male,Private,47,high
48,Bachelor or higher,Married,Male,Government,57,low
21,Bachelor or higher,Never married,Male,Private,31,low
52,No high school,Married,Male,Private,40,high
34,High school,Married,Female,Private,47,low
30,Some college,Never married,Female,Private,20,low
49,High school,Married,Female,Private,31,low
56,High school,Previously married,Female,Private,25,low
47,Bachelor or higher,Married,Male,Government,61,high
24,Some college,Never married,Female,Private,46,low
27,High school,Previously married,Female,Private,40,low
56,High school,Married,Female,Private,40,low
31,Bachelor or higher,Married,Female,Private,47,high
70,Some college,Never married,Male,Private,25,low
23,Some college,Never married,Male,Private,45,low
45,Bachelor or higher,Married,Male,Private,50,high
45,Bachelor or higher,Married,Male,Private,46,high
43,High school,Previously married,Female,Private,40,low
56,High school,Previously married,Female,Private,44,low
53,High school,Married,Female,Private,31,low
52,High school,Never married,Male,Private,46,low
38,High school,Married,Male,Private,45,low
34,Some college,Never married,Female,Private,63,low
43,Bachelor or higher,Married,Male,Private,60,high
34,Some college,Married,Female,Private,20,low
24,High school,Never married,Male,Private,40,low
64,Bachelor or higher,Married,Male,Government,40,high
33,No high school,Married,Male,Self-employed,36,low
33,High school,Married,Male,Self-employed,47,low
26,High school,Never married,Male,Private,40,low
18,Some college,Never married,Male,Private,27,low
30,No high school,Never married,Male,Private,57,low
31,Some college,Married,Male,Private,56,high
19,High school,Never married,Male,Private,58,low
51,Some college,Never married,Female,Private,40,low
53,Bachelor or higher,Married,Male,Government,48,high
28,Some college,Never married,Male,Private,18,low
48,High school,Married,Male,Private,40,low
27,Bachelor or higher,Married,Male,Private,40,high
24,Some college,Never married,Female,Private,19,low
57,High school,Married,Male,Private,40,low
27,High school,Married,Female,Private,23,low
27,Some college,Never married,Male,Private,23,low
42,Bachelor or higher,Married,Male,Government,56,high
30,No high school,Never married,Female,Private,47,low
66,Bachelor or higher,Married,Male,Private,40,high
35,High school,Never married,Female,Private,28,low
29,Bachelor or higher,Never married,Female,Private,9,low
62,High school,Married,Male,Government,27,low
34,High school,Never married,Male,Private,24,low
36,High school,Married,Female,Private,50,low
23,Bachelor or higher,Never married,Male,Private,47,low
29,Some college,Never married,Female,Private,40,low
21,Some college,Married,Male,Private,40,low
64,High school,Previously married,Female,Private,46,high
50,Bachelor or higher,Married,Female,Private,49,low
20,High school,Never married,Female,Private,40,low
31,Some college,Never married,Male,Private,27,low
31,Some college,Never married,Male,Private,14,low
52,High school,Married,Female,Private,40,low
29,Some college,Never married,Female,Private,59,low
51,Some college,Married,Female,Private,57,high
36,High school,Married,Male,Private,40,low
32,High school,Never married,Female,Private,24,low
53,No high school,Married,Female,Private,40,low
31,High school,Never married,Female,Private,12,low
57,High school,Previously married,Female,Private,40,low
32,No high school,Never married,Male,Private,19,low
36,High school,Never married,Male,Private,48,low
33,High school,Never married,Male,Private,40,low
42,High school,Married,Male,Private,18,low
34,Some college,Previously married,Female,Private,26,low
34,Some college,Married,Male,Private,40,low
63,High school,Married,Female,Private,40,high
47,High school,Married,Male,Private,59,high
28,Bachelor or higher,Married,Male,Private,40,high
35,Some college,Never married,Female,Private,13,low
43,High school,Married,Male,Private,46,low
41,Bachelor or higher,Never married,Female,Private,49,low
62,High school,Married,Male,Private,79,low
25,No high school,Never married,Female,Private,23,low
57,High school,Married,Male,Private,57,low
20,Some college,Never married,Male,Private,17,low
45,Bachelor or higher,Married,Male,Government,65,high
47,High school,Married,Male,Private,40,high
55,High school,Married,Male,Private,47,low
37,Some college,Never married,Female,Private,40,low
60,High school,Never married,Female,Government,40,high
33,Bachelor or higher,Married,Male,Private,46,high
33,Some college,Married,Male,Private,40,low
42,High school,Married,Female,Private,27,low
56,High school,Previously married,Female,Private,47,low
34,Some college,Married,Male,Private,48,high
30,Some college,Never married,Male,Private,22,low
20,High school,Never married,Male,Private,40,low
28,No high school,Never married,Male,Private,24,low
28,Some college,Never married,Male,Private,47,low
25,Some college,Married,Male,Private,46,low
34,Bachelor or higher,Never married,Male,Private,45,low
38,Some college,Never married,Female,Private,48,low
21,Some college,Never married,Male,Private,48,low
25,Some college,Never married,Female,Private,19,low
29,Some college,Never married,Female,Private,46,low
54,High school,Married,Female,Private,40,high
37,Bachelor or higher,Married,Male,Government,48,high
67,High school,Never married,Male,Private,40,low
37,High school,Never married,Female,Government,40,low
52,Some college,Married,Male,Private,40,high
55,High school,Married,Male,Private,59,low
44,High school,Never married,Male,Government,40,low
45,Some college,Never married,Male,Private,40,low
56,High school,Married,Male,Self-employed,62,low
58,High school,Married,Male,Private,40,low
20,No high school,Never married,Male,Private,46,low
32,Bachelor or higher,Married,Female,Private,40,high
24,High school,Never married,Male,Private,40,low
27,Bachelor or higher,Never married,Female,Private,22,low
39,Bachelor or higher,Never married,Male,Government,40,low
44,No high school,Married,Male,Private,40,low
32,Bachelor or higher,Married,Male,Government,40,high
30,High school,Never married,Male,Private,23,low
48,Some college,Married,Female,Private,49,high
46,High school,Married,Male,Private,65,low
24,High school,Never married,Male,Private,40,low
25,No high school,Never married,Male,Private,11,low
55,High school,Married,Female,Self-employed,47,high
28,Bachelor or higher,Married,Male,Private,40,low
22,Some college,Never married,Male,Private,40,low
42,Bachelor or higher,Married,Female,Private,46,high
33,High school,Married,Male,Private,40,low
34,High school,Married,Male,Private,33,low
36,Some college,Never married,Female,Government,40,low
31,No high school,Never married,Male,Private,26,low
41,High school,Married,Female,Private,40,low
36,Some college,Never married,Female,Private,56,low
17,No high school,Never married,Male,Private,18,low
42,High school,Married,Male,Self-employed,57,low
33,Some college,Never married,Male,Private,40,low
33,High school,Never married,Male,Private,39,low
39,High school,Never married,Male,Private,22,low
21,No high school,Never married,Female,Private,46,low
36,Some college,Married,Female,Private,45,high
52,Bachelor or higher,Married,Female,Government,40,high
36,High school,Married,Male,Private,40,low
36,Bachelor or higher,Married,Male,Private,45,low
25,Some college,Never married,Male,Private,40,low
66,High school,Married,Male,Private,40,low
22,Some college,Never married,Male,Private,40,low
43,Bachelor or higher,Married,Male,Private,40,high
80,High school,Married,Female,Private,40,low
32,Some college,Never married,Female,Private,40,low
61,High school,Previously married,Female,Private,40,low
58,Bachelor or higher,Married,Male,Private,57,high
72,High school,Previously married,Female,Private,23,low
32,High school,Married,Male,Private,40,low
28,Bachelor or higher,Married,Male,Private,40,high
45,Bachelor or higher,Married,Male,Private,40,high
43,Some college,Never married,Male,Private,40,low
20,Some college,Never married,Male,Private,48,low
42,Bachelor or higher,Married,Male,Private,44,high
36,High school,Married,Male,Private,40,high
38,High school,Married,Male,Self-employed,47,high
51,High school,Married,Male,Government,50,low
44,Bachelor or higher,Married,Male,Private,59,high
24,High school,Never married,Male,Government,57,low
57,Bachelor or higher,Married,Male,Private,40,high
35,High school,Never married,Male,Private,40,low
42,Bachelor or higher,Married,Female,Private,40,high
27,High school,Never married,Female,Private,40,low
60,High school,Married,Male,Private,57,low
58,High school,Married,Male,Private,51,high
50,High school,Married,Male,Private,35,low
37,No high school,Married,Male,Private,47,low
53,No high school,Previously married,Male,Private,27,low
35,Bachelor or higher,Previously married,Female,Private,12,low
22,High school,Never married,Male,Private,46,low
34,High school,Never married,Male,Private,33,low
79,High school,Never married,Male,Private,40,low
33,High school,Married,Male,Private,32,low
46,Some college,Never married,Male,Self-employed,40,low
31,No high school,Married,Male,Private,40,low
57,High school,Previously married,Female,Private,40,low
32,High school,Never married,Female,Government,19,low
42,No high school,Never married,Female,Private,56,low
50,High school,Previously married,Female,Private,40,low
30,Some college,Married,Male,Private,27,low
23,No high school,Never married,Male,Private,40,low
57,High school,Married,Male,Private,40,high
41,Some college,Never married,Female,Private,40,low
32,Bachelor or higher,Married,Male,Private,26,high
29,No high school,Never married,Male,Private,28,low
25,High school,Married,Male,Private,40,low
24,High school,Never married,Male,Private,44,low
37,Some college,Never married,Male,Private,40,low
28,Some college,Married,Female,Private,40,low
48,High school,Married,Male,Private,40,low
23,Some college,Never married,Female,Private,44,low
23,High school,Never married,Male,Private,33,low
32,Bachelor or higher,Married,Female,Private,40,high
45,High school,Married,Female,Private,25,low
35,Some college,Never married,Female,Private,4,low
34,No high school,Previously married,Female,Private,47,low
23,High school,Married,Male,Private,40,low
61,High school,Never married,Male,Government,36,low
60,High school,Never married,Female,Private,40,low
27,Bachelor or higher,Never married,Female,Government,20,low
46,High school,Married,Male,Private,40,low
22,Some college,Never married,Male,Private,23,low
51,High school,Married,Female,Government,40,high
32,Some college,Never married,Female,Private,48,low
22,Some college,Never married,Male,Private,40,low
51,High school,Married,Male,Private,60,high
57,Bachelor or higher,Married,Female,Private,40,high
39,Some college,Married,Female,Private,47,high
62,High school,Never married,Female,Government,40,low
33,No high school,Never married,Male,Private,68,low
16,Some college,Never married,Male,Private,46,low
32,High school,Previously married,Male,Private,40,low
22,High school,Never married,Male,Private,40,low
34,High school,Married,Male,Private,40,low
31,High school,Never married,Male,Private,20,low
22,High school,Never married,Male,Private,40,low
26,Bachelor or higher,Married,Female,Private,40,high
21,Some college,Never married,Female,Private,49,low
33,No high school,Never married,Male,Private,28,low
49,High school,Married,Male,Private,47,high
35,High school,Married,Male,Government,48,low
37,Some college,Married,Male,Private,48,low
32,High school,Previously married,Male,Private,56,low
43,Bachelor or higher,Married,Female,Private,40,high
70,Some college,Never married,Female,Private,11,low
54,High school,Married,Male,Private,40,low
59,High school,Married,Male,Government,40,low
33,High school,Never married,Male,Private,15,low
35,High school,Married,Male,Private,40,low
35,Bachelor or higher,Never married,Female,Private,40,low
49,High school,Married,Male,Private,23,low
25,Some college,Never married,Male,Private,49,low
32,High school,Never married,Male,Private,24,low
43,High school,Previously married,Female,Private,40,low
42,No high school,Married,Male,Private,40,high
39,High school,Married,Male,Government,71,low
30,Some college,Never married,Female,Private,20,low
41,High school,Previously married,Female,Private,40,low
21,No high school,Married,Female,Private,40,low
38,Some college,Never married,Female,Private,19,low
69,High school,Married,Male,Private,40,low
66,High school,Never married,Male,Private,40,low
49,High school,Married,Male,Private,22,low
54,High school,Never married,Male,Private,21,low
38,Bachelor or higher,Married,Male,Private,31,low
31,High school,Never married,Male,Government,28,low
36,High school,Married,Male,Government,57,low
31,Some college,Never married,Male,Private,28,low
66,Bachelor or higher,Married,Female,Private,49,high
46,Some college,Married,Male,Government,54,high
36,High school,Previously married,Male,Private,26,low
19,Some college,Never married,Male,Private,40,low
30,Bachelor or higher,Never married,Female,Private,40,high
33,Bachelor or higher,Married,Female,Private,40,low
47,Bachelor or higher,Married,Male,Government,40,high
40,High school,Married,Male,Self-employed,58,low
42,Some college,Previously married,Female,Private,16,high
51,High school,Married,Male,Self-employed,32,low
27,Bachelor or higher,Married,Male,Private,45,high
20,Some college,Never married,Male,Private,49,low
56,High school,Married,Female,Private,40,high
52,Some college,Never married,Female,Private,25,low
28,High school,Married,Male,Private,58,high
46,Some college,Never married,Male,Government,24,low
34,High school,Previously married,Female,Private,44,low
60,Bachelor or higher,Married,Male,Government,60,high
23,High school,Never married,Male,Private,48,low
24,Some college,Never married,Male,Government,16,low
39,High school,Married,Male,Government,47,high
63,Bachelor or higher,Married,Male,Private,40,high
56,High school,Married,Male,Private,40,low
41,High school,Previously married,Female,Private,40,low
45,Bachelor or higher,Married,Male,Government,40,high
62,Bachelor or higher,Married,Male,Private,40,high
36,High school,Never married,Female,Private,40,low
29,High school,Never married,Female,Private,40,low
35,Some college,Never married,Male,Private,40,low
28,Bachelor or higher,Never married,Male,Private,40,low
35,Bachelor or higher,Married,Female,Government,40,low
30,Some college,Married,Male,Private,18,low
29,No high school,Previously married,Female,Private,40,low
35,Some college,Never married,Female,Private,29,low
55,High school,Married,Female,Private,40,low
44,Bachelor or higher,Married,Male,Government,58,high
33,High school,Never married,Female,Private,40,low
36,High school,Previously married,Female,Private,46,high
40,High school,Married,Male,Private,58,low
42,No high school,Married,Male,Private,40,high
37,Bachelor or higher,Married,Male,Private,56,high
32,High school,Married,Male,Private,40,low
33,No high school,Never married,Male,Private,46,low
25,High school,Married,Male,Private,26,low
30,Bachelor or higher,Married,Female,Private,45,high
31,Some college,Never married,Female,Private,40,low
32,Bachelor or higher,Never married,Female,Private,44,low
30,Bachelor or higher,Never married,Male,Private,40,high
45,High school,Married,Male,Government,55,low
26,High school,Never married,Male,Private,45,low
40,Some college,Never married,Female,Private,9,low
42,Some college,Married,Male,Government,58,high
46,High school,Never married,Female,Private,40,low
33,No high school,Never married,Female,Private,46,low
54,No high school,Married,Male,Private,29,low
34,Bachelor or higher,Married,Male,Private,40,high
26,High school,Never married,Male,Private,13,low
33,Some college,Never married,Male,Private,28,low
51,No high school,Never married,Female,Private,40,low
34,High school,Married,Male,Private,40,low
37,High school,Previously married,Female,Private,20,low
31,High school,Married,Female,Private,30,low
31,High school,Married,Male,Private,60,high
72,No high school,Married,Male,Private,12,low
61,High school,Never married,Male,Private,40,low
18,High school,Never married,Male,Private,27,low
32,No high school,Married,Male,Private,40,low
30,Some college,Previously married,Female,Private,20,low
36,No high school,Never married,Male,Private,68,low
28,Some college,Never married,Male,Private,61,low
39,High school,Previously married,Female,Private,40,low
72,High school,Previously married,Female,Private,23,low
35,Some college,Never married,Male,Private,19,low
28,High school,Married,Male,Private,65,low
30,Some college,Previously married,Female,Private,22,low
76,High school,Married,Male,Self-employed,57,low
23,Some college,Never married,Male,Private,25,low
31,Bachelor or higher,Married,Female,Private,40,high
42,Bachelor or higher,Married,Male,Private,40,high
42,High school,Married,Male,Private,49,high
31,Some college,Never married,Male,Private,19,low
45,High school,Married,Male,Private,40,low
44,Bachelor or higher,Married,Male,Private,58,high
33,Some college,Married,Male,Private,40,high
20,Some college,Never married,Male,Private,16,low
79,High school,Married,Male,Government,40,low
52,High school,Married,Female,Private,47,low
38,High school,Never married,Male,Private,46,low
46,High school,Married,Male,Government,48,low
36,Some college,Married,Female,Private,28,high
35,High school,Never married,Female,Private,35,low
29,High school,Married,Male,Private,40,low
35,Bachelor or higher,Married,Male,Government,58,high
35,Some college,Never married,Female,Private,46,low
31,High school,Never married,Male,Private,40,low
32,Some college,Never married,Female,Private,7,low
60,Some college,Previously married,Female,Government,47,low
43,Bachelor or higher,Previously married,Female,Private,40,low
59,Bachelor or higher,Married,Female,Private,40,high
50,Some college,Married,Female,Private,47,low
41,High school,Previously married,Female,Private,40,low
18,High school,Never married,Female,Private,44,low
45,High school,Married,Male,Private,40,low
38,High school,Married,Male,Private,40,low
45,High school,Married,Male,Private,46,low
23,Some college,Never married,Male,Private,40,low
33,Bachelor or higher,Never married,Female,Private,40,high
32,High school,Never married,Female,Private,20,low
34,Some college,Never married,Male,Private,28,low
38,High school,Married,Female,Private,24,low
26,Some college,Never married,Male,Private,30,low
63,High school,Married,Female,Government,40,low
31,High school,Never married,Male,Private,40,low
25,High school,Never married,Female,Private,47,low
55,High school,Married,Female,Private,47,low
42,Bachelor or higher,Married,Male,Private,37,high
32,High school,Never married,Male,Private,23,low
31,Bachelor or higher,Married,Male,Private,40,high
35,High school,Previously married,Female,Private,40,low
34,No high school,Never married,Male,Private,26,low
28,No high school,Married,Male,Private,63,low
30,High school,Never married,Male,Private,46,low
30,High school,Never married,Male,Private,30,low
40,Bachelor or higher,Married,Female,Private,40,high
44,High school,Previously married,Female,Private,32,low
57,Some college,Previously married,Female,Private,40,low
56,High school,Married,Male,Self-employed,30,low
57,High school,Married,Female,Self-employed,59,low
38,Bachelor or higher,Married,Male,Private,40,high
47,Bachelor or higher,Never married,Female,Government,40,low
31,High school,Previously married,Female,Private,40,low
50,No high school,Married,Male,Private,40,low
28,High school,Never married,Male,Government,40,low
29,Some college,Married,Male,Private,60,low
49,High school,Married,Male,Private,59,low
36,Some college,Never married,Female,Private,40,low
48,No high school,Never married,Male,Government,18,low
45,High school,Married,Male,Private,76,low
59,High school,Married,Male,Self-employed,61,low
29,Some college,Never married,Female,Private,40,low
44,High school,Married,Male,Private,40,low
60,Some college,Never married,Male,Government,50,low
30,High school,Married,Male,Private,40,low
52,Bachelor or higher,Married,Male,Private,48,low
40,Bachelor or higher,Married,Male,Private,40,high
31,Some college,Never married,Female,Private,40,high
45,Bachelor or higher,Never married,Female,Private,27,high
17,Some college,Never married,Female,Private,15,low
50,Bachelor or higher,Never married,Female,Private,27,low
23,Some college,Never married,Female,Private,19,low
49,Bachelor or higher,Married,Male,Government,40,high
60,Bachelor or higher,Married,Male,Government,59,high
62,High school,Married,Male,Private,47,low
40,High school,Never married,Male,Private,34,low
54,High school,Previously married,Female,Private,27,low
55,Bachelor or higher,Married,Male,Government,40,high
59,High school,Married,Female,Private,40,high
51,High school,Married,Male,Private,40,low
34,Some college,Never married,Male,Private,46,low
24,Some college,Never married,Male,Private,40,low
29,High school,Married,Male,Private,57,high
24,High school,Never married,Female,Private,48,low
30,High school,Previously married,Female,Private,29,low
30,Some college,Never married,Male,Private,32,low
23,Some college,Never married,Female,Private,16,low
56,High school,Previously married,Female,Private,18,low
38,High school,Never married,Female,Private,40,low
63,High school,Married,Male,Government,47,low
32,No high school,Married,Male,Private,40,low
28,High school,Married,Male,Private,40,low
45,No high school,Married,Male,Private,40,low
35,High school,Never married,Female,Private,40,low
43,Bachelor or higher,Married,Female,Private,34,high
42,Bachelor or higher,Married,Male,Private,57,low
35,Some college,Married,Male,Self-employed,40,low
28,High school,Never married,Male,Government,40,low
61,High school,Previously married,Female,Private,48,low
29,Some college,Never married,Male,Private,43,low
33,Some college,Never married,Female,Private,56,low
33,Some college,Never married,Male,Private,40,low
45,High school,Married,Male,Government,58,high
42,Bachelor or higher,Married,Male,Government,58,low
40,Bachelor or higher,Married,Male,Government,40,high
48,Bachelor or higher,Married,Male,Government,57,high
29,Bachelor or higher,Married,Male,Government,40,high
61,High school,Never married,Female,Private,30,low
24,High school,Previously married,Female,Private,40,low
33,High school,Never married,Male,Private,40,low
45,High school,Married,Male,Private,40,low
36,High school,Never married,Male,Private,40,low
32,High school,Never married,Male,Private,40,low
28,High school,Never married,Male,Private,40,low
26,Bachelor or higher,Married,Male,Private,40,high
50,Some college,Never married,Female,Self-employed,40,low
34,High school,Never married,Female,Private,12,low
37,High school,Never married,Female,Private,40,low
55,Bachelor or higher,Married,Female,Private,40,high
25,Some college,Never married,Male,Government,29,low
85,High school,Previously married,Female,Private,22,low
43,High school,Never married,Female,Private,40,low
40,Bachelor or higher,Married,Male,Government,48,high
30,No high school,Married,Male,Private,13,low
54,No high school,Married,Male,Private,57,low
31,Some college,Previously married,Female,Private,14,low
35,High school,Never married,Male,Private,40,low
35,Bachelor or higher,Married,Male,Government,50,low
47,High school,Married,Male,Private,40,low
32,High school,Never married,Female,Private,40,low
32,High school,Married,Female,Private,40,low
28,Some college,Never married,Male,Private,40,low
21,Some college,Never married,Female,Private,27,low
41,Bachelor or higher,Married,Female,Private,40,low
55,High school,Never married,Male,Private,28,low
22,Some college,Never married,Male,Private,26,low
34,No high school,Never married,Male,Private,25,low
44,Some college,Never married,Male,Private,21,low
57,High school,Married,Male,Private,61,low
20,High school,Never married,Male,Private,25,low
29,High school,Never married,Female,Private,46,low
52,Bachelor or higher,Never married,Female,Self-employed,20,low
22,Some college,Never married,Female,Private,25,low
42,No high school,Married,Male,Private,40,low
26,Some college,Never married,Female,Private,48,low
50,High school,Previously married,Female,Private,40,low
24,High school,Never married,Male,Private,16,low
34,Some college,Married,Male,Private,40,low
51,High school,Married,Male,Private,40,low
47,High school,Never married,Female,Government,40,low
65,Some college,Married,Female,Private,57,high
43,High school,Previously married,Female,Private,30,low
32,High school,Never married,Male,Private,40,low
30,High school,Previously married,Female,Private,63,low
51,Bachelor or higher,Married,Male,Private,46,high
51,High school,Previously married,Male,Private,40,low
26,Bachelor or higher,Never married,Female,Private,27,low
35,High school,Previously married,Female,Private,22,low
22,High school,Married,Male,Government,56,low
43,No high school,Married,Male,Private,57,low
57,No high school,Married,Male,Private,56,high
49,High school,Married,Male,Private,57,low
43,High school,Never married,Male,Private,25,low
32,High school,Never married,Female,Private,13,low
28,High school,Never married,Male,Private,40,low
24,High school,Never married,Male,Private,58,low
28,Bachelor or higher,Never married,Female,Private,40,low
33,High school,Married,Male,Private,40,high
51,High school,Previously married,Female,Private,40,low
31,Bachelor or higher,Never married,Male,Private,40,low
30,Some college,Never married,Female,Private,58,low
31,Some college,Never married,Male,Private,40,high
48,High school,Married,Male,Private,22,low
34,High school,Never married,Male,Government,40,low
43,High school,Married,Male,Government,44,high
55,High school,Married,Male,Government,54,high
58,High school,Married,Male,Self-employed,51,low
40,High school,Previously married,Female,Private,46,low
22,High school,Married,Male,Private,40,low
63,Bachelor or higher,Married,Male,Private,40,low
27,High school,Never married,Female,Private,46,low
51,Bachelor or higher,Never married,Female,Government,67,low
44,High school,Previously married,Female,Private,40,low
28,Bachelor or higher,Never married,Male,Private,40,low
45,Some college,Married,Female,Private,58,high
35,High school,Married,Male,Private,40,low
34,High school,Previously married,Female,Private,40,low
87,High school,Married,Male,Government,30,low
32,Some college,Never married,Female,Private,23,low
58,High school,Previously married,Female,Private,27,low
60,No high school,Married,Male,Government,40,low
33,High school,Never married,Male,Private,40,low
19,Some college,Married,Male,Private,40,low
19,Some college,Never married,Female,Private,25,low
29,High school,Never married,Female,Private,40,low
29,High school,Never married,Male,Private,65,low
43,Bachelor or higher,Married,Male,Private,58,high
40,High school,Married,Male,Private,40,low
25,Some college,Never married,Male,Private,40,low
19,Some college,Never married,Male,Private,49,low
35,High school,Never married,Male,Private,57,low
29,High school,Never married,Male,Private,22,low
50,Bachelor or higher,Married,Male,Private,40,high
30,Some college,Married,Male,Government,61,high
50,No high school,Married,Male,Private,40,low
44,Bachelor or higher,Never married,Female,Private,40,high
33,High school,Previously married,Female,Private,16,low
29,High school,Previously married,Female,Private,28,low
22,Some college,Never married,Male,Private,40,low
30,High school,Married,Male,Private,40,low
50,High school,Previously married,Female,Private,40,low
55,Bachelor or higher,Married,Male,Government,40,high
29,High school,Never married,Female,Private,40,low
30,High school,Never married,Male,Private,24,low
30,Some college,Never married,Male,Private,40,low
48,Bachelor or higher,Married,Male,Government,48,high
26,Some college,Never married,Male,Private,48,low
26,High school,Married,Male,Private,40,low
56,High school,Married,Male,Private,40,low
44,High school,Previously married,Female,Private,20,low
45,No high school,Married,Male,Private,53,low
44,Bachelor or higher,Never married,Male,Private,68,low
44,No high school,Never married,Male,Private,25,low
44,Bachelor or higher,Married,Female,Private,40,high
32,Bachelor or higher,Married,Male,Private,40,low
24,High school,Previously married,Female,Private,40,low
21,Some college,Never married,Female,Private,40,low
56,Some college,Never married,Male,Private,40,low
53,High school,Married,Female,Private,40,low
57,High school,Married,Female,Government,40,high
22,Some college,Never married,Female,Private,40,low
27,High school,Married,Female,Private,45,low
33,Bachelor or higher,Married,Male,Private,40,high
21,Bachelor or higher,Never married,Male,Private,37,low
44,High school,Married,Female,Private,46,low
45,Bachelor or higher,Married,Male,Government,56,high
29,Some college,Never married,Female,Private,47,low
22,High school,Never married,Female,Private,18,low
48,High school,Never married,Male,Private,40,low
64,High school,Married,Female,Private,40,high
34,High school,Never married,Male,Private,40,low
35,Some college,Never married,Male,Private,31,low
54,Bachelor or higher,Married,Male,Private,47,high
33,Bachelor or higher,Married,Male,Private,54,high
71,High school,Never married,Male,Government,23,low
33,Some college,Never married,Male,Private,33,low
33,High school,Married,Female,Private,40,low
32,Bachelor or higher,Married,Male,Private,40,high
48,High school,Never married,Female,Private,46,low
22,Some college,Never married,Female,Private,40,low
43,High school,Previously married,Female,Private,40,low
25,High school,Never married,Male,Private,40,low
48,High school,Married,Male,Private,40,low
30,Some college,Never married,Male,Private,40,low
51,Some college,Married,Female,Private,40,high
54,No high school,Married,Male,Private,64,low
33,High school,Married,Male,Private,57,high
65,High school,Married,Male,Private,40,high
47,High school,Married,Male,Government,40,low
30,Some college,Never married,Male,Private,40,low
31,Some college,Never married,Male,Private,46,low
34,Bachelor or higher,Married,Male,Private,59,high
22,High school,Never married,Male,Private,18,low
40,Bachelor or higher,Previously married,Female,Private,22,low
44,Some college,Never married,Female,Private,23,low
21,Some college,Never married,Female,Private,48,low
55,High school,Married,Male,Private,40,high
59,High school,Married,Male,Private,40,low
52,Some college,Married,Male,Private,40,low
79,Bachelor or higher,Married,Male,Government,65,high
61,High school,Previously married,Female,Private,40,low
55,High school,Married,Male,Private,40,low
67,Some college,Married,Female,Government,59,high
22,High school,Never married,Male,Private,63,low
29,High school,Never married,Female,Private,47,low
41,High school,Married,Male,Private,40,low
45,High school,Previously married,Female,Private,40,low
33,High school,Previously married,Female,Private,22,low
49,No high school,Married,Male,Private,40,high
45,High school,Married,Male,Private,40,low
23,High school,Never married,Female,Private,48,low
27,Some college,Married,Male,Government,60,high
32,Bachelor or higher,Never married,Female,Private,40,low
20,Some college,Never married,Male,Private,30,low
36,Bachelor or higher,Never married,Female,Private,22,low
54,Some college,Married,Male,Private,64,low
47,High school,Never married,Female,Private,23,low
30,Some college,Never married,Female,Private,26,low
23,Some college,Never married,Male,Private,40,low
25,Some college,Never married,Male,Private,23,low
43,Some college,Previously married,Female,Private,45,low
49,Some college,Never married,Female,Private,40,low
61,Some college,Never married,Male,Private,58,low
23,Some college,Married,Male,Private,18,high
28,High school,Married,Male,Private,40,low
56,High school,Married,Male,Self-employed,40,low
46,Bachelor or higher,Married,Male,Private,50,high
51,High school,Married,Male,Private,40,low
48,High school,Married,Male,Private,67,low
57,High school,Previously married,Female,Private,40,low
55,High school,Married,Female,Private,40,low
38,High school,Previously married,Female,Private,27,low
35,High school,Married,Male,Self-employed,9,low
54,Bachelor or higher,Married,Male,Private,40,high
34,High school,Married,Male,Self-employed,55,low
45,Some college,Never married,Female,Government,47,low
61,Bachelor or higher,Married,Male,Government,57,high
33,Some college,Never married,Male,Private,46,low
42,Some college,Previously married,Female,Private,23,low
49,High school,Married,Male,Private,47,low
31,High school,Previously married,Female,Private,40,low
52,Bachelor or higher,Married,Female,Private,45,high
47,High school,Married,Male,Private,45,low
36,Bachelor or higher,Never married,Female,Private,40,high
47,High school,Married,Male,Private,40,low
57,Bachelor or higher,Married,Female,Government,40,low
28,High school,Married,Male,Government,44,low
33,Some college,Never married,Female,Private,46,low
52,High school,Previously married,Female,Private,56,low
29,Bachelor or higher,Married,Male,Private,40,low
61,High school,Married,Male,Government,40,low
48,No high school,Married,Male,Private,46,low
53,Bachelor or higher,Married,Male,Private,44,low
39,High school,Previously married,Female,Private,40,low
31,High school,Previously married,Female,Private,40,low
28,Some college,Married,Female,Private,40,low
57,High school,Never married,Female,Private,58,low
53,High school,Married,Female,Private,58,high
22,Some college,Never married,Male,Private,20,low
31,No high school,Never married,Male,Private,40,low
41,Bachelor or higher,Married,Male,Private,40,high
41,High school,Never married,Male,Private,40,low
33,High school,Never married,Male,Private,22,low
25,Bachelor or higher,Never married,Male,Private,40,low
51,High school,Married,Male,Private,40,low
41,High school,Never married,Male,Self-employed,40,low
23,Some college,Never married,Male,Private,40,low
22,Some college,Never married,Male,Private,24,low
24,Some college,Never married,Male,Private,16,low
35,High school,Married,Male,Private,40,low
60,High school,Married,Male,Private,17,low
28,Bachelor or higher,Married,Male,Government,40,high
30,High school,Previously married,Female,Private,40,low
27,Some college,Never married,Male,Private,46,low
54,Some college,Previously married,Female,Private,40,low
30,Some college,Married,Female,Government,53,low
52,Bachelor or higher,Married,Female,Private,55,high
25,High school,Never married,Female,Private,40,low
29,No high school,Married,Male,Private,24,low
42,Bachelor or higher,Married,Male,Government,76,high
23,Some college,Married,Male,Private,48,low
43,Some college,Married,Male,Private,57,low
58,Bachelor or higher,Married,Male,Private,58,high
38,High school,Married,Male,Private,40,high
30,Bachelor or higher,Married,Female,Government,48,high
38,High school,Previously married,Female,Private,23,low
34,High school,Married,Male,Private,48,low
48,High school,Married,Male,Private,60,low
21,Some college,Never married,Female,Private,40,low
31,Some college,Never married,Female,Private,44,low
30,High school,Married,Male,Private,40,high
34,Some college,Never married,Male,Private,21,low
43,No high school,Never married,Male,Private,19,low
28,Bachelor or higher,Married,Male,Government,48,high
24,Some college,Never married,Female,Private,24,low
47,Some college,Previously married,Female,Private,19,low
61,No high school,Married,Male,Private,57,low
58,No high school,Married,Male,Private,40,high
50,Some college,Married,Male,Government,46,high
46,Some college,Never married,Female,Private,40,low
36,Some college,Never married,Male,Private,40,low
34,Bachelor or higher,Never married,Male,Government,40,low
27,High school,Married,Male,Government,40,low
27,Some college,Previously married,Female,Private,47,low
46,High school,Previously married,Female,Private,44,low
56,High school,Married,Female,Private,25,low
46,High school,Married,Female,Private,47,high
63,High school,Previously married,Female,Private,24,low
42,No high school,Married,Male,Private,40,high
20,No high school,Never married,Male,Self-employed,49,low
45,High school,Married,Male,Government,40,high
33,High school,Never married,Male,Government,29,low
42,High school,Married,Male,Private,40,high
34,Bachelor or higher,Married,Female,Private,48,high
58,Bachelor or higher,Previously married,Female,Private,40,low
33,Bachelor or higher,Never married,Female,Private,47,high
54,Some college,Married,Female,Private,20,low
32,Some college,Never married,Female,Private,57,low
47,High school,Never married,Male,Private,40,low
59,High school,Married,Male,Private,40,low
22,Some college,Never married,Male,Private,20,low
52,High school,Previously married,Female,Private,30,low
49,High school,Married,Male,Private,58,low
54,High school,Married,Male,Private,40,low
27,Some college,Never married,Male,Private,13,low
72,High school,Married,Male,Government,40,low
61,Bachelor or higher,Married,Female,Self-employed,40,high
34,Bachelor or higher,Never married,Male,Private,29,low
46,Bachelor or higher,Married,Female,Government,40,high
42,Bachelor or higher,Married,Female,Government,58,high
27,Some college,Never married,Male,Government,18,low
48,High school,Married,Female,Self-employed,51,low
35,Bachelor or higher,Never married,Female,Private,15,low
30,High school,Never married,Female,Private,27,low
48,High school,Married,Female,Private,40,high
45,Bachelor or higher,Married,Male,Private,40,high
52,High school,Married,Male,Private,47,low
58,High school,Married,Female,Private,40,high
47,Bachelor or higher,Married,Male,Private,40,high
23,Some college,Never married,Female,Private,33,low
29,No high school,Never married,Male,Private,23,low
31,High school,Married,Male,Private,54,low
41,High school,Married,Male,Self-employed,22,low
34,No high school,Never married,Male,Private,19,low
60,High school,Married,Male,Private,40,high
46,High school,Married,Female,Private,47,low
39,High school,Married,Male,Private,40,low
40,High school,Previously married,Female,Private,21,low
44,High school,Married,Male,Private,21,low
59,High school,Never married,Male,Self-employed,68,low
52,Bachelor or higher,Married,Male,Private,40,high
52,High school,Married,Male,Private,25,low
35,High school,Never married,Female,Private,16,low
52,High school,Married,Male,Private,40,low
22,High school,Never married,Female,Private,29,low
26,High school,Never married,Female,Private,16,low
47,High school,Married,Male,Private,26,low
64,High school,Married,Male,Private,40,low
50,High school,Married,Male,Private,40,low
42,Some college,Never married,Female,Private,40,low
27,Some college,Never married,Female,Private,40,low
28,Some college,Never married,Female,Private,40,low
29,Bachelor or higher,Married,Male,Private,63,low
30,Bachelor or higher,Never married,Female,Private,40,low
49,Some college,Married,Female,Private,40,low
37,Some college,Married,Male,Government,40,low
42,Some college,Never married,Female,Private,12,low
30,High school,Never married,Female,Private,21,low
42,Bachelor or higher,Never married,Male,Private,47,high
47,Some college,Never married,Male,Private,30,low
58,High school,Married,Male,Private,57,low
27,Some college,Married,Female,Private,46,low
50,High school,Married,Male,Private,40,high
43,Bachelor or higher,Married,Female,Private,40,high
25,Bachelor or higher,Never married,Male,Private,58,low
48,Bachelor or higher,Married,Male,Government,58,low
20,Some college,Never married,Male,Private,17,low
50,Bachelor or higher,Married,Male,Private,24,high
44,High school,Married,Male,Private,57,low
25,Some college,Never married,Female,Government,22,low
28,High school,Previously married,Female,Private,46,low
68,Some college,Never married,Female,Private,47,low
42,Some college,Married,Male,Private,40,high
30,High school,Never married,Male,Private,61,low
29,Some college,Never married,Female,Private,20,low
34,Some college,Never married,Female,Private,46,low
31,High school,Never married,Male,Private,25,low
50,High school,Previously married,Female,Private,44,low
34,No high school,Never married,Male,Private,40,low
56,High school,Married,Female,Private,40,low
46,High school,Previously married,Female,Private,47,low
54,High school,Married,Male,Private,40,low
60,High school,Married,Female,Self-employed,46,low
29,Some college,Married,Male,Self-employed,68,low
50,High school,Married,Male,Self-employed,23,low
39,Some college,Never married,Male,Private,23,low
48,High school,Married,Male,Private,20,low
28,Bachelor or higher,Never married,Male,Private,40,low
20,No high school,Never married,Male,Private,13,low
43,Bachelor or higher,Married,Female,Private,53,high
24,No high school,Married,Male,Private,40,low
43,Bachelor or higher,Married,Female,Private,40,high
50,High school,Previously married,Female,Government,21,low
36,High school,Married,Female,Private,47,low
49,High school,Previously married,Female,Private,40,low
24,No high school,Never married,Male,Private,20,low
48,High school,Married,Female,Private,40,low
42,Some college,Never married,Male,Private,47,low
36,Some college,Never married,Male,Private,26,low
47,Some college,Never married,Male,Self-employed,68,low
36,High school,Married,Male,Private,57,low
35,Bachelor or higher,Never married,Female,Private,40,low
33,Bachelor or higher,Married,Male,Private,44,low
36,No high school,Never married,Female,Private,22,low
34,High school,Married,Male,Self-employed,59,low
37,Bachelor or higher,Married,Male,Private,49,high
34,Bachelor or higher,Never married,Female,Private,21,low
32,Some college,Married,Male,Government,49,low
21,Some college,Previously married,Female,Private,24,low
35,No high school,Never married,Male,Private,40,low
47,Some college,Never married,Male,Government,40,low
35,Some college,Never married,Male,Private,40,low
47,High school,Married,Male,Private,65,low
25,High school,Married,Male,Private,24,low
45,High school,Married,Male,Private,63,low
35,High school,Never married,Female,Private,6,low
29,Some college,Never married,Female,Private,27,low
43,High school,Married,Male,Private,40,low
42,High school,Previously married,Female,Private,44,low
50,Bachelor or higher,Married,Male,Private,24,high
25,High school,Previously married,Male,Private,40,low
22,High school,Never married,Female,Private,24,low
30,High school,Never married,Male,Private,21,low
31,No high school,Married,Male,Government,40,high
50,High school,Married,Female,Private,40,low
61,Some college,Never married,Male,Private,24,low
35,No high school,Never married,Male,Private,46,low
37,No high school,Married,Male,Private,40,low
32,High school,Previously married,Female,Private,40,low
27,Bachelor or higher,Married,Male,Private,40,low
49,Some college,Never married,Female,Government,28,low
50,High school,Never married,Male,Private,40,low
24,No high school,Never married,Male,Private,15,low
32,High school,Never married,Male,Private,46,low
22,High school,Never married,Male,Private,40,low
23,Some college,Never married,Female,Private,26,low
28,No high school,Married,Male,Private,40,low
49,High school,Never married,Male,Private,40,low
55,High school,Married,Male,Private,40,low
44,High school,Previously married,Female,Private,48,low
22,No high school,Never married,Male,Private,71,low
55,Bachelor or higher,Married,Male,Private,40,high
45,Some college,Previously married,Female,Private,25,low
34,High school,Married,Male,Private,58,low
60,No high school,Married,Male,Private,59,low
30,Bachelor or higher,Married,Female,Private,45,high
30,Bachelor or higher,Married,Female,Government,40,high
53,High school,Married,Male,Private,40,low
25,Some college,Never married,Female,Private,44,high
49,High school,Married,Female,Private,40,high
31,High school,Previously married,Female,Private,40,high
57,Bachelor or higher,Married,Male,Private,40,high
20,Some college,Never married,Male,Private,25,low
43,High school,Married,Female,Private,40,low
23,Some college,Never married,Male,Private,18,low
37,Bachelor or higher,Married,Male,Government,68,low
51,High school,Married,Male,Private,40,low
31,High school,Never married,Male,Private,40,low
28,High school,Married,Male,Private,40,low
46,High school,Married,Male,Private,57,high
32,Some college,Never married,Female,Private,28,low
29,Bachelor or higher,Never married,Female,Private,45,low
46,Bachelor or higher,Married,Male,Self-employed,40,low
41,High school,Previously married,Female,Private,40,low
24,Some college,Never married,Female,Private,40,low
72,High school,Married,Male,Self-employed,40,low
28,High school,Never married,Male,Private,40,low
52,Bachelor or higher,Married,Female,Private,46,high
43,Bachelor or higher,Married,Male,Private,49,high
60,High school,Married,Male,Private,40,low
40,Some college,Married,Male,Private,40,high
29,High school,Previously married,Female,Private,40,low
36,Some college,Never married,Female,Government,49,low
32,Bachelor or higher,Married,Male,Private,40,high
54,Bachelor or higher,Married,Male,Private,61,high
54,High school,Previously married,Female,Private,46,low
34,High school,Married,Male,Private,40,low
59,High school,Married,Male,Self-employed,60,low
51,Bachelor or higher,Married,Male,Private,46,high
61,Bachelor or higher,Married,Female,Private,40,high
40,No high school,Married,Male,Private,31,low
21,Some college,Never married,Female,Private,24,low
48,Bachelor or higher,Married,Male,Private,59,high
48,High school,Previously married,Female,Private,40,low
23,High school,Never married,Male,Private,50,low
53,High school,Previously married,Female,Private,40,low
23,Some college,Never married,Male,Private,19,low
47,Bachelor or higher,Married,Male,Government,40,high
59,High school,Married,Male,Private,40,low
35,Bachelor or higher,Never married,Female,Private,40,high
29,High school,Never married,Female,Private,40,low
62,High school,Married,Male,Government,50,high
35,Some college,Never married,Female,Government,44,low
58,Bachelor or higher,Never married,Male,Private,58,low
51,High school,Married,Male,Private,40,high
57,High school,Married,Male,Private,57,high
28,Some college,Never married,Male,Private,23,low
23,High school,Never married,Male,Private,48,low
54,Some college,Never married,Female,Government,61,high
32,Some college,Never married,Female,Private,47,low
43,High school,Married,Male,Private,21,low
53,Bachelor or higher,Married,Male,Private,48,high
55,High school,Married,Male,Self-employed,59,low
30,High school,Never married,Male,Private,46,low
57,High school,Married,Male,Private,40,low
23,High school,Never married,Male,Private,40,low
75,High school,Married,Male,Government,40,low
61,Bachelor or higher,Married,Male,Private,49,high
43,Bachelor or higher,Married,Male,Private,46,high
53,High school,Married,Male,Private,35,low
34,Some college,Never married,Female,Private,40,low
70,Bachelor or higher,Married,Female,Government,26,high
31,Some college,Previously married,Female,Private,16,low
50,Some college,Married,Female,Private,40,high
33,Some college,Married,Male,Government,35,low
50,No high school,Married,Male,Government,56,low
31,No high school,Never married,Female,Private,46,low
24,Some college,Never married,Male,Private,40,low
36,Bachelor or higher,Married,Male,Private,40,high
38,High school,Married,Male,Private,69,high
20,Some college,Never married,Male,Private,19,low
30,No high school,Never married,Male,Private,12,low
46,High school,Married,Male,Private,60,low
57,High school,Married,Male,Private,40,high
29,Some college,Never married,Male,Government,30,low
23,High school,Never married,Male,Private,40,low
52,High school,Married,Female,Private,40,low
34,Some college,Never married,Female,Private,21,low
25,High school,Previously married,Female,Private,40,low
37,High school,Previously married,Female,Private,40,low
30,High school,Married,Female,Private,40,high
34,Bachelor or higher,Never married,Male,Private,22,low
46,Bachelor or higher,Never married,Female,Private,16,high
34,High school,Never married,Male,Private,57,low
22,Some college,Never married,Male,Private,47,low
54,Bachelor or higher,Married,Male,Private,40,high
30,Bachelor or higher,Married,Male,Private,61,high
52,Bachelor or higher,Married,Male,Private,40,high
58,High school,Previously married,Female,Self-employed,40,low
50,High school,Married,Male,Self-employed,51,low
30,Some college,Never married,Male,Private,40,low
29,Some college,Never married,Female,Private,40,low
46,High school,Previously married,Female,Private,40,low
55,High school,Married,Male,Private,40,low
51,High school,Previously married,Female,Private,25,low
35,Some college,Never married,Female,Private,46,low
51,Bachelor or higher,Married,Male,Government,57,high
58,Some college,Married,Female,Private,40,low
32,Bachelor or higher,Married,Male,Private,66,high
33,Bachelor or higher,Married,Male,Private,58,high
32,Some college,Never married,Female,Private,40,low
20,Some college,Never married,Female,Private,20,low
28,Some college,Never married,Male,Private,28,low
55,High school,Married,Male,Private,59,high
55,High school,Married,Female,Private,40,low
50,High school,Married,Female,Private,56,high
33,High school,Never married,Male,Private,19,low
47,No high school,Married,Male,Private,58,low
23,Some college,Never married,Male,Private,40,low
60,High school,Married,Male,Self-employed,60,low
47,High school,Never married,Male,Private,40,low
42,High school,Married,Male,Private,40,low
65,No high school,Previously married,Female,Private,40,low
60,High school,Never married,Male,Private,61,low
27,High school,Previously married,Female,Private,40,low
53,High school,Married,Male,Private,40,low
55,High school,Married,Male,Private,40,low
32,Some college,Never married,Male,Private,25,low
29,High school,Never married,Male,Private,32,low
55,High school,Married,Male,Private,45,low
52,Bachelor or higher,Married,Male,Private,59,high
34,High school,Married,Male,Private,57,high
32,High school,Married,Female,Private,48,low
29,Some college,Never married,Female,Private,40,high
35,No high school,Never married,Male,Private,40,low
19,Some college,Never married,Male,Private,21,low
42,High school,Married,Male,Private,40,low
32,High school,Never married,Male,Private,26,low
32,Some college,Never married,Female,Private,31,low
37,High school,Married,Male,Private,22,low
41,Some college,Previously married,Female,Private,37,low
44,High school,Previously married,Female,Private,50,low
31,Bachelor or higher,Married,Male,Private,40,high
45,Some college,Never married,Male,Private,58,low
29,High school,Never married,Female,Private,12,low
42,High school,Never married,Female,Private,49,low
31,High school,Married,Male,Self-employed,40,low
32,Some college,Never married,Female,Government,50,low
64,High school,Previously married,Female,Private,40,low
54,No high school,Married,Male,Government,59,low
33,High school,Never married,Male,Private,47,low
32,High school,Married,Male,Private,40,high
22,Some college,Never married,Male,Private,20,low
56,Bachelor or higher,Married,Male,Government,47,low
46,Some college,Never married,Female,Government,29,low
23,Some college,Never married,Male,Private,30,low
23,Some college,Never married,Male,Private,40,low
33,Bachelor or higher,Never married,Male,Private,40,low
39,Bachelor or higher,Married,Male,Private,29,high
32,Bachelor or higher,Married,Female,Private,58,high
60,High school,Never married,Female,Private,49,low
43,Bachelor or higher,Married,Male,Private,40,high
62,High school,Married,Male,Private,45,low
35,Some college,Never married,Male,Private,40,low
47,High school,Previously married,Female,Private,40,low
20,Some college,Never married,Male,Private,26,low
27,High school,Never married,Male,Private,40,low
47,High school,Previously married,Female,Private,40,low
55,High school,Married,Male,Private,40,high
28,No high school,Married,Male,Private,40,low
22,No high school,Married,Male,Private,40,low
53,High school,Married,Male,Private,41,low
22,Some college,Never married,Male,Private,23,low
58,High school,Never married,Female,Private,38,low
34,High school,Previously married,Female,Private,40,low
32,Some college,Married,Male,Private,40,high
59,High school,Never married,Male,Private,40,low
30,No high school,Never married,Male,Private,40,low
57,Some college,Never married,Female,Private,26,low
45,Bachelor or higher,Married,Female,Private,46,high
30,High school,Never married,Female,Private,19,low
63,High school,Married,Female,Private,40,low
54,Bachelor or higher,Married,Male,Government,60,high
31,Some college,Married,Male,Government,61,high
43,High school,Married,Male,Self-employed,40,low
43,Bachelor or higher,Married,Male,Government,56,high
67,High school,Previously married,Female,Private,40,low
54,Bachelor or higher,Married,Female,Private,40,high
28,High school,Never married,Female,Private,48,low
26,Some college,Never married,Male,Private,21,low
37,Some college,Previously married,Female,Private,44,low
23,Some college,Never married,Female,Private,45,low
28,Bachelor or higher,Never married,Male,Government,20,low
28,High school,Previously married,Female,Private,63,low
44,High school,Married,Female,Government,40,high
30,High school,Never married,Male,Self-employed,24,low
57,High school,Married,Male,Private,40,low
32,High school,Never married,Female,Private,22,low
24,High school,Never married,Male,Private,40,low
71,Bachelor or higher,Married,Male,Private,55,low
19,Some college,Never married,Male,Private,27,low
35,Bachelor or higher,Never married,Female,Private,40,low
45,High school,Married,Male,Private,40,low
54,Bachelor or higher,Married,Male,Private,40,high
30,Some college,Never married,Male,Private,14,low
52,High school,Previously married,Female,Private,45,low
29,Some college,Previously married,Male,Private,23,low
26,No high school,Never married,Male,Self-employed,40,low
37,No high school,Never married,Male,Private,40,low
30,Bachelor or higher,Never married,Male,Private,13,low
52,High school,Previously married,Female,Private,40,low
50,High school,Married,Female,Private,40,low
32,High school,Married,Female,Private,40,high
51,High school,Previously married,Female,Private,40,low
25,Some college,Never married,Female,Private,22,low
48,High school,Never married,Male,Private,40,low
29,Some college,Previously married,Female,Private,40,low
32,Some college,Never married,Male,Private,46,low
31,No high school,Married,Male,Private,56,low
47,Bachelor or higher,Married,Female,Private,47,high
54,Bachelor or higher,Never married,Female,Government,52,high
33,High school,Never married,Male,Government,23,low
33,High school,Never married,Female,Private,13,low
20,Some college,Never married,Female,Private,47,low
30,High school,Never married,Male,Government,40,low
33,Some college,Never married,Male,Private,49,low
42,Bachelor or higher,Married,Female,Government,47,high
18,Some college,Never married,Male,Private,46,low
33,High school,Never married,Female,Private,40,low
33,High school,Never married,Male,Private,40,low
20,Some college,Never married,Female,Private,21,low
46,Bachelor or higher,Never married,Male,Private,19,low
32,Some college,Never married,Female,Private,28,low
23,Some college,Never married,Male,Private,40,low
69,High school,Previously married,Male,Government,22,low
28,Bachelor or higher,Married,Female,Private,60,high
20,Some college,Never married,Male,Private,30,low
29,Some college,Never married,Male,Private,40,low
32,Some college,Never married,Male,Government,34,low
36,Some college,Previously married,Female,Private,40,high
53,High school,Married,Male,Private,40,low
40,High school,Never married,Male,Private,17,low
33,High school,Married,Male,Private,40,low
43,Some college,Never married,Female,Private,47,low
48,Bachelor or higher,Married,Male,Government,40,high
44,Some college,Never married,Female,Government,57,high
28,High school,Previously married,Female,Private,40,low
31,Some college,Never married,Male,Private,31,low
22,No high school,Never married,Male,Private,46,low
55,Bachelor or higher,Married,Male,Private,40,high
30,Some college,Never married,Female,Private,23,low
36,No high school,Married,Male,Private,23,low
51,High school,Married,Female,Private,40,low
47,High school,Married,Female,Private,59,low
49,Bachelor or higher,Married,Male,Private,40,high
57,High school,Previously married,Female,Private,45,low
30,High school,Never married,Female,Private,40,low
28,High school,Never married,Female,Private,40,low
47,High school,Married,Female,Private,40,low
59,Some college,Married,Male,Self-employed,72,low
46,High school,Previously married,Female,Private,40,low
31,High school,Previously married,Female,Private,47,low
38,High school,Never married,Male,Private,40,low
33,High school,Married,Female,Private,48,low
21,Some college,Never married,Male,Private,58,low
56,Bachelor or higher,Married,Male,Government,60,high
48,High school,Never married,Male,Self-employed,75,low
33,High school,Married,Male,Government,40,low
45,High school,Never married,Male,Private,23,low
49,High school,Married,Male,Private,40,low
34,High school,Married,Male,Private,40,low
65,High school,Married,Female,Self-employed,28,low
30,High school,Never married,Female,Private,48,low
53,High school,Married,Male,Self-employed,40,low
43,Bachelor or higher,Married,Male,Private,45,high
54,Some college,Married,Male,Private,59,low
46,High school,Married,Male,Government,40,low
33,Some college,Never married,Male,Private,40,low
61,High school,Previously married,Female,Government,30,low
36,No high school,Never married,Male,Private,24,low
57,Bachelor or higher,Married,Female,Government,40,high
60,High school,Married,Male,Private,40,low
33,High school,Married,Male,Private,47,low
51,Some college,Never married,Male,Private,16,low
58,Some college,Previously married,Female,Private,12,low
33,Bachelor or higher,Married,Male,Private,48,low
48,Bachelor or higher,Married,Male,Private,40,high
54,Bachelor or higher,Married,Female,Private,40,high
36,High school,Previously married,Female,Private,40,low
53,Some college,Never married,Male,Private,21,low
29,Some college,Never married,Male,Private,20,low
25,High school,Never married,Male,Private,40,low
55,High school,Married,Male,Government,40,high
57,High school,Married,Male,Private,40,low
37,High school,Married,Male,Government,55,low
54,High school,Previously married,Female,Private,40,low
59,Bachelor or higher,Married,Female,Private,40,high
62,High school,Married,Male,Private,40,low
32,High school,Married,Male,Private,45,low
35,No high school,Married,Male,Self-employed,40,low
24,Some college,Never married,Male,Private,16,low
32,High school,Never married,Male,Self-employed,40,low
25,Bachelor or higher,Never married,Male,Government,40,low
23,No high school,Previously married,Female,Private,21,low
35,High school,Never married,Female,Private,47,low
30,Some college,Never married,Female,Private,40,low
22,High school,Never married,Male,Private,20,low
41,No high school,Married,Male,Private,40,low
50,High school,Never married,Male,Private,14,low
57,Some college,Never married,Female,Private,40,low
32,Bachelor or higher,Never married,Male,Private,56,low
22,Some college,Never married,Male,Private,26,low
51,No high school,Never married,Male,Private,16,low
29,High school,Never married,Male,Private,40,low
28,High school,Never married,Male,Private,24,low
64,No high school,Married,Male,Private,63,low
28,Some college,Married,Male,Private,40,low
45,High school,Never married,Female,Private,40,high
34,Bachelor or higher,Married,Male,Private,47,high
36,Some college,Married,Male,Government,40,high
51,High school,Married,Female,Private,40,high
36,Some college,Previously married,Female,Private,40,low
41,High school,Married,Male,Government,55,low
26,High school,Never married,Male,Private,40,low
56,Bachelor or higher,Married,Female,Private,40,low
56,High school,Previously married,Female,Private,58,low
59,High school,Previously married,Female,Private,46,low
28,Bachelor or higher,Never married,Male,Private,55,low
24,High school,Never married,Male,Private,40,low
46,High school,Previously married,Female,Private,47,low
29,High school,Never married,Male,Private,47,low
30,No high school,Never married,Female,Private,49,low
31,Some college,Never married,Male,Government,47,low
31,Some college,Never married,Male,Private,29,low
53,Bachelor or higher,Married,Male,Private,40,low
22,Some college,Never married,Female,Private,26,low
34,Bachelor or higher,Never married,Male,Government,40,low
50,High school,Married,Male,Private,40,low
59,High school,Married,Male,Government,48,low
66,Bachelor or higher,Married,Male,Government,48,low
51,High school,Married,Male,Private,40,low
52,High school,Never married,Male,Private,40,low
48,Bachelor or higher,Married,Male,Private,40,high
32,Some college,Never married,Female,Private,40,high
30,High school,Never married,Male,Private,40,low
56,Bachelor or higher,Married,Male,Private,44,low
55,High school,Married,Male,Private,40,low
34,High school,Married,Male,Private,40,low
52,Bachelor or higher,Married,Male,Private,57,high
33,High school,Previously married,Female,Private,40,low
73,High school,Married,Male,Government,58,low
43,Some college,Married,Male,Self-employed,32,low
32,Bachelor or higher,Married,Female,Private,44,high
49,High school,Married,Male,Private,58,high
38,Bachelor or higher,Never married,Female,Private,23,high
42,High school,Never married,Female,Private,16,low
31,Some college,Never married,Female,Private,40,low
29,Some college,Never married,Female,Private,18,low
26,Bachelor or higher,Never married,Male,Private,59,low
33,No high school,Never married,Male,Private,19,low
34,Some college,Married,Female,Private,57,high
27,High school,Never married,Male,Private,20,low
33,Bachelor or higher,Never married,Female,Government,26,low
34,High school,Married,Male,Government,53,low
20,Bachelor or higher,Never married,Male,Government,17,low
47,High school,Never married,Male,Government,27,low
32,High school,Married,Male,Private,40,low
38,Some college,Married,Female,Private,40,high
30,Some college,Never married,Male,Government,48,low
22,Some college,Never married,Female,Private,20,low
24,Bachelor or higher,Never married,Female,Private,14,low
47,High school,Married,Male,Private,23,low
45,High school,Married,Male,Private,40,high
54,High school,Married,Male,Private,45,low
19,Some college,Married,Female,Private,16,high
40,High school,Married,Male,Government,53,low
59,Bachelor or higher,Married,Male,Private,40,high
66,High school,Never married,Male,Government,40,low
33,High school,Never married,Female,Private,40,low
44,Bachelor or higher,Married,Male,Private,40,high
30,High school,Married,Female,Private,22,low
17,Some college,Never married,Female,Private,11,low
55,High school,Married,Male,Private,23,low
34,Some college,Married,Female,Private,25,high
52,Some college,Never married,Male,Government,32,low
36,Bachelor or higher,Married,Female,Private,50,high
38,High school,Never married,Male,Private,40,low
33,High school,Married,Male,Government,21,low
34,No high school,Married,Male,Private,59,low
43,No high school,Married,Female,Private,48,low
31,Bachelor or higher,Never married,Male,Private,46,low
39,High school,Married,Male,Private,58,low
29,No high school,Married,Male,Private,40,low
20,Some college,Never married,Female,Private,20,low
49,High school,Married,Male,Government,48,low
44,High school,Married,Male,Private,40,low
39,High school,Previously married,Female,Private,40,low
40,Bachelor or higher,Married,Female,Private,40,high
25,Bachelor or higher,Married,Male,Private,60,high
29,Bachelor or higher,Never married,Male,Private,40,low
33,High school,Married,Male,Private,59,low
46,High school,Previously married,Female,Private,40,low
45,High school,Married,Male,Private,40,low
52,Bachelor or higher,Married,Male,Private,56,high
40,High school,Never married,Male,Private,40,low
51,High school,Married,Male,Private,45,high
21,Some college,Never married,Male,Government,34,low
22,High school,Never married,Male,Private,40,low
62,High school,Married,Male,Private,40,low
49,Some college,Never married,Female,Private,44,low
30,Some college,Never married,Female,Private,25,low
28,Some college,Married,Male,Private,40,low
52,High school,Previously married,Female,Private,40,low
57,High school,Married,Male,Private,40,low
31,High school,Married,Male,Private,46,low
62,Some college,Never married,Male,Government,15,low
28,High school,Never married,Male,Private,40,low
33,No high school,Married,Male,Private,40,low
25,High school,Married,Male,Private,40,low
46,Bachelor or higher,Married,Female,Private,54,high
57,High school,Married,Male,Private,40,low
42,Some college,Never married,Female,Private,45,low
38,Bachelor or higher,Married,Male,Private,57,high
29,Some college,Never married,Male,Private,40,low
22,High school,Never married,Male,Private,40,low
34,High school,Never married,Female,Private,19,low
23,Bachelor or higher,Married,Male,Private,47,high
48,High school,Married,Male,Self-employed,59,low
36,High school,Married,Female,Private,40,high
51,High school,Married,Female,Private,48,low
61,High school,Married,Male,Private,46,high
34,High school,Never married,Female,Private,40,low
19,Some college,Never married,Female,Private,29,low
18,High school,Never married,Male,Private,40,low
50,High school,Never married,Male,Private,40,low
47,Bachelor or higher,Married,Male,Private,60,high
31,Some college,Never married,Male,Private,40,low
52,High school,Never married,Female,Private,40,low
21,Some college,Never married,Male,Private,45,low
30,High school,Never married,Male,Private,40,low
29,Some college,Never married,Male,Private,27,low
29,Some college,Never married,Male,Private,25,low
46,High school,Married,Male,Private,47,low
19,Some college,Never married,Male,Private,26,low
46,High school,Previously married,Female,Private,40,low
40,High school,Married,Male,Private,55,low
45,High school,Previously married,Female,Private,46,low
34,Some college,Previously married,Female,Private,30,low
25,High school,Never married,Female,Private,48,low
25,Some college,Never married,Female,Private,47,low
20,High school,Never married,Male,Private,40,low
49,Bachelor or higher,Married,Male,Private,40,high
54,High school,Previously married,Female,Private,46,low
29,High school,Previously married,Male,Private,40,low
57,High school,Married,Male,Private,40,low
35,High school,Previously married,Female,Private,40,low
59,High school,Married,Female,Private,40,low
55,High school,Previously married,Female,Private,40,low
46,High school,Married,Male,Private,49,high
39,High school,Previously married,Female,Private,40,low
45,High school,Previously married,Female,Private,40,low
46,High school,Married,Male,Private,60,low
36,Bachelor or higher,Never married,Female,Government,40,low
59,Bachelor or higher,Married,Male,Government,18,low
53,Some college,Married,Male,Private,65,low
33,High school,Never married,Male,Private,40,low
43,Some college,Married,Female,Private,40,low
59,Bachelor or higher,Married,Male,Private,55,low
35,Some college,Never married,Female,Private,48,low
60,Some college,Married,Male,Government,40,low
31,No high school,Married,Male,Private,23,low
53,Some college,Never married,Female,Government,46,low
26,High school,Never married,Male,Private,46,low
28,High school,Married,Male,Self-employed,46,low
51,High school,Married,Male,Government,40,low
31,High school,Married,Male,Private,35,low
55,Bachelor or higher,Married,Male,Private,40,high
36,High school,Married,Male,Private,25,high
30,Some college,Never married,Female,Private,29,low
38,No high school,Married,Male,Private,48,low
28,Some college,Never married,Male,Private,48,low
61,High school,Married,Male,Private,62,low
20,Some college,Never married,Female,Private,47,low
32,Bachelor or higher,Never married,Female,Government,50,low
56,High school,Married,Female,Private,40,low
60,High school,Never married,Male,Private,52,low
39,Some college,Married,Female,Private,48,high
49,High school,Previously married,Female,Private,46,low
48,High school,Married,Female,Government,58,high
20,Some college,Never married,Male,Private,22,low
24,Some college,Never married,Male,Private,44,low
45,Bachelor or higher,Married,Male,Private,40,high
30,Some college,Never married,Female,Private,40,low
46,High school,Previously married,Female,Private,40,low
69,Bachelor or higher,Never married,Female,Government,44,high
40,High school,Married,Male,Private,24,high
45,High school,Previously married,Female,Private,53,low
24,No high school,Never married,Male,Private,20,low
25,Some college,Never married,Female,Private,14,low
52,High school,Married,Female,Private,48,high
53,Bachelor or higher,Never married,Female,Government,40,low
42,High school,Married,Male,Private,19,high
43,Bachelor or higher,Married,Male,Private,22,high
30,Some college,Never married,Male,Private,26,low
25,No high school,Never married,Male,Private,47,low
41,No high school,Married,Male,Private,46,low
62,No high school,Married,Male,Private,40,low
34,High school,Married,Male,Private,40,low
35,High school,Never married,Male,Private,40,low
25,No high school,Never married,Male,Private,19,low
25,No high school,Married,Male,Private,40,low
30,Some college,Never married,Male,Private,40,low
18,High school,Previously married,Female,Private,40,low
45,High school,Married,Female,Private,40,high
47,High school,Married,Male,Private,40,low
18,Some college,Never married,Male,Private,46,low
42,Some college,Never married,Female,Private,28,low
32,High school,Married,Male,Private,40,low
26,High school,Previously married,Female,Private,40,low
50,High school,Previously married,Female,Private,40,low
63,High school,Married,Female,Private,40,high
54,No high school,Married,Female,Self-employed,59,low
61,High school,Married,Female,Private,18,high
30,High school,Married,Male,Private,40,low
36,Bachelor or higher,Never married,Male,Private,40,low
32,High school,Never married,Male,Government,34,low
59,No high school,Married,Male,Private,47,low
59,Some college,Married,Female,Government,40,high
43,High school,Married,Male,Private,40,low
33,High school,Married,Male,Private,40,low
59,Some college,Never married,Male,Private,40,low
33,Some college,Married,Male,Private,40,low
29,Some college,Married,Male,Private,24,high
35,High school,Previously married,Female,Private,29,low
30,Some college,Married,Male,Private,61,low
31,High school,Never married,Female,Private,40,low
35,Some college,Married,Male,Government,25,low
43,High school,Married,Male,Private,40,low
28,Bachelor or higher,Married,Male,Private,56,high
36,Some college,Never married,Male,Private,40,low
43,Some college,Never married,Female,Private,25,low
39,No high school,Married,Male,Private,40,low
53,High school,Married,Female,Private,40,high
45,High school,Never married,Male,Government,33,low
55,Bachelor or higher,Married,Male,Private,45,high
46,High school,Married,Female,Private,40,low
62,High school,Never married,Male,Private,20,low
58,High school,Married,Male,Private,58,low
63,High school,Married,Female,Private,40,high
55,High school,Married,Male,Government,46,low
23,Some college,Never married,Female,Private,50,low
47,Bachelor or higher,Married,Female,Private,40,high
30,Bachelor or higher,Married,Female,Private,40,high
21,Some college,Never married,Male,Private,13,low
55,High school,Married,Male,Private,49,low
47,Bachelor or higher,Married,Female,Private,59,high
30,Some college,Married,Male,Private,13,low
29,Bachelor or higher,Never married,Female,Private,40,high
34,Bachelor or higher,Married,Female,Private,40,high
33,Bachelor or higher,Married,Male,Private,30,high
36,Some college,Married,Male,Government,46,low
49,Bachelor or higher,Married,Male,Private,40,high
58,High school,Never married,Male,Government,40,low
33,Some college,Never married,Female,Private,22,low
21,High school,Never married,Male,Private,40,low
46,Bachelor or higher,Married,Male,Private,59,high
60,High school,Married,Female,Private,40,high
47,High school,Married,Male,Private,29,low
51,Some college,Married,Male,Self-employed,74,low
54,High school,Married,Male,Self-employed,67,low
32,High school,Never married,Male,Private,40,low
51,Bachelor or higher,Married,Female,Private,49,high
59,Bachelor or higher,Married,Male,Government,60,high
45,High school,Married,Male,Private,64,high
26,High school,Previously married,Female,Private,24,low
43,Bachelor or higher,Married,Male,Private,48,high
31,High school,Never married,Male,Private,24,low
59,Bachelor or higher,Married,Male,Government,56,high
42,High school,Married,Male,Private,40,low
70,Bachelor or higher,Married,Male,Government,40,high
42,Some college,Married,Male,Private,63,high
40,High school,Married,Male,Private,27,low
46,No high school,Previously married,Female,Private,24,low
31,Bachelor or higher,Married,Female,Private,40,high
32,High school,Never married,Male,Private,40,low
31,Some college,Never married,Male,Private,82,low
49,Bachelor or higher,Married,Male,Private,40,high
56,Bachelor or higher,Married,Male,Private,40,high
37,Bachelor or higher,Married,Male,Private,44,high
30,Some college,Never married,Male,Private,17,low
51,Bachelor or higher,Married,Male,Private,48,high
31,Bachelor or higher,Married,Male,Government,40,high
43,Some college,Married,Female,Private,58,low
23,Some college,Never married,Male,Private,45,low
28,High school,Never married,Male,Private,23,low
28,Some college,Never married,Female,Private,40,low
31,Bachelor or higher,Married,Female,Private,40,high
66,High school,Married,Male,Private,47,low
59,High school,Married,Male,Private,40,high
45,Some college,Never married,Male,Private,47,low
45,High school,Married,Female,Private,40,low
52,High school,Married,Female,Private,47,low
33,Bachelor or higher,Married,Male,Private,40,high
37,Some college,Never married,Female,Private,24,low
38,High school,Never married,Female,Private,40,low
43,High school,Married,Male,Private,40,low
55,High school,Married,Male,Self-employed,73,low
23,Some college,Never married,Male,Private,40,low
50,Some college,Previously married,Female,Private,40,low
32,Some college,Never married,Male,Private,40,low
24,High school,Never married,Female,Private,34,low
35,Some college,Never married,Female,Private,45,low
43,No high school,Never married,Male,Private,40,low
24,Bachelor or higher,Never married,Male,Private,24,low
36,High school,Married,Male,Government,36,high
31,No high school,Never married,Female,Private,23,low
55,High school,Married,Male,Private,47,low
58,No high school,Married,Male,Private,21,low
35,High school,Married,Male,Government,40,low
21,No high school,Never married,Male,Private,40,low
41,Bachelor or higher,Never married,Male,Private,40,low
48,High school,Married,Male,Private,57,low
53,High school,Married,Female,Private,40,low
50,No high school,Never married,Male,Private,40,low
46,High school,Married,Female,Private,40,high
36,Bachelor or higher,Married,Male,Private,40,high
48,High school,Married,Male,Private,40,low
25,Some college,Never married,Male,Private,33,low
35,High school,Previously married,Female,Private,40,low
45,Some college,Never married,Female,Private,47,low
33,Some college,Never married,Male,Private,17,low
53,High school,Married,Male,Government,40,low
63,High school,Married,Female,Private,40,low
33,No high school,Never married,Male,Private,40,low
50,High school,Previously married,Female,Private,40,low
44,Bachelor or higher,Never married,Female,Private,40,high
54,High school,Never married,Female,Private,40,low
30,Some college,Never married,Male,Private,9,low
31,Some college,Never married,Female,Private,40,low
47,Bachelor or higher,Married,Male,Private,40,high
47,High school,Previously married,Female,Private,28,low
30,High school,Married,Male,Private,61,low
40,Some college,Married,Female,Private,55,low
57,Bachelor or higher,Married,Female,Private,40,high
31,Some college,Never married,Male,Private,24,low
29,High school,Married,Male,Private,36,low
65,No high school,Married,Male,Private,40,high
21,Some college,Never married,Female,Private,22,low
44,High school,Never married,Male,Private,40,low
80,No high school,Never married,Male,Private,40,low
55,High school,Married,Male,Private,40,high
58,High school,Married,Male,Private,56,high
53,High school,Married,Male,Private,40,low
46,Bachelor or higher,Married,Male,Private,58,high
29,High school,Married,Male,Private,44,low
46,Bachelor or higher,Never married,Male,Private,43,low
29,Bachelor or higher,Never married,Female,Private,40,low
27,Some college,Previously married,Female,Private,40,low
53,High school,Married,Female,Private,26,low
26,Some college,Never married,Female,Private,44,low
47,No high school,Married,Male,Private,81,low
30,High school,Never married,Male,Private,18,low
33,Bachelor or higher,Never married,Female,Private,40,low
34,High school,Never married,Male,Private,40,low
54,High school,Married,Male,Private,40,high
32,Bachelor or higher,Married,Male,Private,46,low
53,High school,Previously married,Female,Private,40,low
56,High school,Previously married,Female,Private,40,low
27,Some college,Never married,Female,Private,40,low
30,High school,Married,Male,Private,40,low
41,Bachelor or higher,Married,Male,Government,40,low
29,Some college,Never married,Male,Private,48,low
46,High school,Married,Female,Government,50,high
22,Bachelor or higher,Never married,Male,Private,45,low
31,High school,Married,Male,Private,40,high
21,Some college,Never married,Female,Private,18,low
54,High school,Never married,Female,Private,40,low
32,High school,Married,Female,Private,40,high
22,Some college,Never married,Male,Private,49,low
36,High school,Never married,Male,Private,40,low
22,Some college,Never married,Male,Private,17,low
27,High school,Never married,Female,Private,40,low
32,High school,Never married,Male,Private,40,low
42,High school,Married,Male,Self-employed,40,low
35,Some college,Married,Male,Private,56,high
32,Some college,Never married,Male,Private,40,low
50,Some college,Married,Female,Private,62,high
51,High school,Married,Male,Private,31,high
42,Bachelor or higher,Married,Male,Government,23,high
56,High school,Previously married,Female,Private,40,low
28,High school,Never married,Female,Private,40,low
24,Some college,Never married,Male,Private,40,low
37,Some college,Never married,Female,Private,45,low
53,High school,Never married,Female,Government,72,low
23,No high school,Previously married,Female,Private,40,low
26,High school,Never married,Male,Private,47,low
26,Some college,Never married,Male,Private,16,low
60,High school,Previously married,Female,Private,40,low
58,No high school,Married,Male,Private,47,low
58,Bachelor or higher,Married,Male,Government,59,high
41,No high school,Previously married,Female,Private,40,low
59,Bachelor or higher,Married,Male,Private,58,high
41,High school,Never married,Male,Private,40,low
32,High school,Married,Female,Private,60,low
50,Bachelor or higher,Married,Male,Private,21,high
54,High school,Married,Male,Private,60,low
45,High school,Previously married,Female,Private,46,low
32,High school,Never married,Male,Private,19,low
35,Some college,Never married,Female,Private,27,low
25,Some college,Never married,Male,Private,28,low
30,Some college,Never married,Male,Private,22,low
45,High school,Never married,Male,Private,47,low
45,High school,Previously married,Female,Private,40,low
30,Some college,Never married,Female,Self-employed,15,low
32,High school,Married,Male,Private,40,high
47,High school,Previously married,Female,Private,45,low
51,Bachelor or higher,Married,Male,Private,40,low
54,High school,Never married,Female,Private,40,low
58,Bachelor or higher,Married,Female,Government,67,high
66,Bachelor or higher,Married,Female,Government,40,low
20,Some college,Never married,Male,Private,40,low
54,High school,Married,Male,Government,56,low
44,No high school,Never married,Male,Private,40,low
53,High school,Never married,Male,Private,40,low
59,High school,Married,Male,Self-employed,40,low
53,Bachelor or higher,Married,Male,Government,40,low
35,High school,Never married,Female,Private,21,low
36,Bachelor or higher,Married,Male,Private,40,high
28,Bachelor or higher,Married,Male,Private,59,low
31,Some college,Never married,Male,Government,40,low
23,Some college,Married,Male,Private,40,low
37,High school,Married,Male,Government,49,low
20,High school,Never married,Male,Private,40,low
31,High school,Previously married,Female,Private,29,low
48,High school,Married,Male,Private,60,high
65,High school,Married,Male,Private,47,low
37,Some college,Never married,Male,Private,33,low
44,High school,Married,Male,Self-employed,40,low
46,High school,Married,Male,Private,58,low
42,Bachelor or higher,Married,Male,Private,65,high
22,High school,Never married,Male,Private,18,low
30,Some college,Never married,Female,Private,23,low
55,High school,Never married,Female,Private,23,low
55,No high school,Never married,Male,Private,55,low
23,No high school,Married,Male,Private,45,low
40,High school,Never married,Male,Private,40,low
30,High school,Never married,Male,Private,40,low
54,High school,Married,Male,Government,49,low
60,Some college,Never married,Male,Private,23,low
24,Some college,Never married,Male,Private,58,low
52,Bachelor or higher,Married,Female,Private,40,high
55,High school,Married,Male,Private,48,low
28,Some college,Married,Male,Private,40,low
45,High school,Previously married,Male,Private,40,low
46,High school,Married,Male,Private,40,low
55,High school,Married,Male,Government,40,high
56,High school,Married,Female,Private,29,low
37,Bachelor or higher,Married,Male,Government,59,high
22,Some college,Never married,Female,Private,55,low
50,High school,Married,Female,Private,40,low
31,No high school,Married,Male,Government,47,low
43,High school,Married,Male,Private,56,low
31,High school,Never married,Male,Private,40,low
30,Bachelor or higher,Never married,Female,Private,47,low
29,Some college,Never married,Male,Private,60,low
48,Some college,Married,Female,Private,65,low
34,Some college,Married,Male,Government,29,low
46,High school,Previously married,Female,Private,40,low
54,High school,Married,Male,Government,28,low
48,High school,Previously married,Female,Private,40,low
33,High school,Previously married,Female,Private,40,low
30,Some college,Never married,Female,Private,40,low
61,Bachelor or higher,Married,Male,Government,44,high
32,Bachelor or higher,Married,Male,Government,68,low
28,High school,Married,Male,Private,40,low
40,Bachelor or higher,Married,Male,Private,22,high
31,No high school,Never married,Male,Private,47,low
34,High school,Never married,Male,Private,45,low
59,High school,Married,Male,Private,43,low
48,High school,Previously married,Male,Private,40,low
45,Bachelor or higher,Married,Male,Government,40,high
29,Bachelor or higher,Married,Male,Private,40,low
55,High school,Married,Male,Government,59,low
34,High school,Previously married,Female,Private,40,low
51,High school,Previously married,Female,Private,40,low
54,High school,Married,Male,Private,40,low
57,High school,Married,Male,Government,40,low
22,Bachelor or higher,Never married,Male,Private,80,low
31,Some college,Never married,Male,Private,40,low
53,High school,Married,Male,Private,60,low
26,High school,Never married,Female,Private,46,low
34,Bachelor or higher,Married,Male,Government,72,low
36,High school,Previously married,Male,Private,40,low
50,Some college,Never married,Female,Private,29,low
37,Some college,Never married,Female,Private,40,low
67,High school,Married,Male,Government,81,low
22,Some college,Never married,Male,Private,46,low
33,Bachelor or higher,Never married,Male,Private,40,low
32,No high school,Never married,Female,Private,40,low
36,Some college,Never married,Female,Private,40,low
71,High school,Never married,Male,Private,21,low
38,Some college,Never married,Female,Private,15,low
44,High school,Never married,Female,Private,47,low
39,Bachelor or higher,Married,Female,Private,40,high
29,Some college,Previously married,Male,Private,40,low
45,Bachelor or higher,Married,Male,Government,40,high
44,Bachelor or higher,Married,Male,Private,47,high
61,Bachelor or higher,Married,Female,Government,40,high
27,High school,Previously married,Female,Private,20,low
36,Some college,Never married,Male,Private,46,low
53,Bachelor or higher,Married,Male,Private,40,low
60,High school,Previously married,Female,Private,40,low
30,Some college,Never married,Female,Private,25,low
59,No high school,Married,Male,Private,40,low
34,High school,Previously married,Female,Private,26,low
43,Bachelor or higher,Married,Female,Private,40,low
33,Some college,Never married,Male,Private,24,low
57,High school,Married,Female,Private,48,low
34,High school,Never married,Male,Private,47,low
49,High school,Married,Male,Private,47,low
41,High school,Married,Male,Private,47,low
49,Some college,Never married,Male,Private,40,low
39,Bachelor or higher,Married,Female,Private,46,high
21,Some college,Never married,Male,Private,31,low
38,Bachelor or higher,Married,Male,Private,40,high
44,High school,Married,Male,Private,31,low
65,High school,Previously married,Female,Private,58,low
16,Some college,Never married,Male,Private,13,low
40,Bachelor or higher,Married,Female,Private,40,high
46,High school,Married,Male,Private,40,low
58,High school,Previously married,Female,Private,29,low
22,No high school,Married,Male,Private,40,low
29,High school,Previously married,Female,Private,40,low
30,No high school,Never married,Male,Government,40,low
34,Some college,Previously married,Female,Private,32,low
56,Bachelor or higher,Married,Male,Self-employed,46,high
49,High school,Never married,Female,Private,40,low
22,Some college,Never married,Female,Private,19,low
34,High school,Previously married,Male,Private,40,low
47,High school,Never married,Male,Private,40,low
59,High school,Married,Female,Private,47,low
30,High school,Married,Male,Private,40,low
47,High school,Married,Male,Self-employed,40,low
75,Bachelor or higher,Married,Male,Private,59,high
42,Bachelor or higher,Married,Female,Private,28,high
35,High school,Previously married,Female,Private,40,low
49,High school,Married,Male,Private,40,low
31,High school,Never married,Female,Private,47,low
32,Bachelor or higher,Married,Male,Private,48,high
32,Some college,Previously married,Female,Private,43,low
50,High school,Married,Female,Private,57,high
33,High school,Never married,Female,Private,48,low
44,Bachelor or higher,Married,Male,Private,59,high
35,High school,Never married,Female,Private,40,low
50,Some college,Never married,Female,Private,40,low
35,Bachelor or higher,Married,Male,Private,19,low
27,Some college,Never married,Female,Private,18,low
39,High school,Never married,Male,Private,48,low
47,High school,Never married,Male,Private,40,low
48,Bachelor or higher,Married,Male,Government,48,high
58,High school,Married,Male,Self-employed,40,low
31,Some college,Never married,Male,Private,26,low
33,Some college,Never married,Male,Private,27,low
49,Bachelor or higher,Married,Male,Private,51,high
31,Some college,Never married,Female,Private,53,low
19,Some college,Never married,Male,Private,17,low
60,High school,Married,Female,Private,40,low
28,High school,Never married,Male,Private,40,low
58,Bachelor or higher,Married,Female,Private,40,high
69,Bachelor or higher,Married,Male,Private,60,high
40,Bachelor or higher,Never married,Male,Government,50,high
29,Some college,Never married,Male,Private,47,low
29,Bachelor or higher,Married,Female,Private,40,high
32,High school,Previously married,Female,Private,40,low
52,High school,Married,Female,Private,40,low
32,Some college,Never married,Male,Private,40,low
50,High school,Previously married,Female,Private,30,low
38,High school,Previously married,Female,Private,25,low
20,Some college,Never married,Male,Private,45,low
44,Bachelor or higher,Married,Male,Private,54,high
51,High school,Previously married,Female,Private,40,low
33,High school,Never married,Female,Private,17,low
35,High school,Never married,Female,Private,27,low
53,High school,Previously married,Female,Private,40,low
36,High school,Married,Male,Self-employed,49,low
32,Some college,Never married,Female,Private,20,low
38,High school,Married,Male,Private,57,low
29,Some college,Never married,Female,Private,40,low
20,High school,Never married,Female,Private,46,low
32,High school,Never married,Female,Private,40,low
38,No high school,Never married,Male,Government,40,low
41,High school,Previously married,Female,Private,40,low
44,Some college,Married,Male,Private,40,high
27,High school,Never married,Female,Private,33,low
50,High school,Married,Male,Private,30,low
49,High school,Married,Male,Self-employed,40,low
19,High school,Never married,Male,Private,47,low
54,High school,Never married,Female,Private,47,low
33,High school,Never married,Male,Private,40,low
35,High school,Married,Male,Self-employed,48,low
49,No high school,Never married,Male,Private,40,low
38,High school,Never married,Male,Private,19,low
33,High school,Never married,Male,Private,40,low
30,High school,Married,Male,Private,46,low
25,No high school,Never married,Male,Private,22,low
39,Bachelor or higher,Married,Male,Private,40,high
18,Some college,Never married,Male,Private,44,low
41,High school,Married,Male,Private,40,low
56,Some college,Never married,Male,Self-employed,68,low
45,Bachelor or higher,Married,Male,Private,40,high
29,High school,Married,Male,Private,40,low
30,Some college,Previously married,Female,Private,47,low
30,High school,Never married,Male,Private,26,low
31,Some college,Never married,Female,Private,29,low
36,Bachelor or higher,Married,Male,Government,46,high
48,Bachelor or higher,Married,Female,Private,57,high
33,No high school,Married,Male,Private,28,low
39,High school,Married,Male,Government,40,high
30,High school,Never married,Male,Private,28,low
31,High school,Never married,Male,Private,59,low
30,Bachelor or higher,Married,Male,Private,44,high
62,Some college,Never married,Male,Government,39,low
43,Bachelor or higher,Married,Male,Private,46,high
29,High school,Previously married,Female,Private,40,low
25,Some college,Never married,Male,Private,40,low
60,High school,Never married,Female,Private,27,low
27,Some college,Never married,Male,Private,45,low
48,High school,Married,Female,Private,57,low
46,High school,Married,Male,Private,27,low
28,High school,Previously married,Female,Private,40,low
58,High school,Married,Female,Private,40,low
47,Bachelor or higher,Married,Male,Private,40,low
30,High school,Never married,Male,Private,40,low
55,High school,Married,Male,Private,40,low
56,High school,Married,Female,Private,40,low
28,Some college,Never married,Male,Self-employed,40,low
55,Some college,Never married,Male,Private,65,low
22,High school,Never married,Male,Private,47,low
59,High school,Never married,Male,Government,66,low
62,High school,Married,Female,Private,61,low
34,Some college,Never married,Female,Private,44,low
49,High school,Previously married,Female,Private,40,low
30,Bachelor or higher,Never married,Male,Private,34,low
30,High school,Previously married,Female,Private,40,low
31,Bachelor or higher,Married,Female,Private,45,high
64,High school,Married,Female,Private,28,low
20,Some college,Never married,Male,Private,61,low
27,Some college,Never married,Male,Private,21,low
41,Bachelor or higher,Never married,Female,Private,40,low
64,Bachelor or higher,Married,Male,Private,23,high
30,No high school,Previously married,Male,Private,12,low
28,Some college,Never married,Male,Private,44,low
32,High school,Married,Male,Private,40,low
30,Some college,Never married,Male,Private,40,low
31,High school,Never married,Female,Private,40,low
34,No high school,Never married,Female,Private,33,low
20,Some college,Never married,Male,Private,13,low
56,High school,Previously married,Female,Private,40,low
32,Bachelor or higher,Married,Female,Government,53,low
22,Some college,Never married,Male,Private,58,low
27,No high school,Never married,Male,Private,40,low
46,Bachelor or higher,Married,Male,Government,59,high
51,High school,Married,Female,Self-employed,27,low
32,Bachelor or higher,Never married,Female,Private,43,low
28,High school,Previously married,Female,Private,45,low
50,High school,Married,Male,Private,40,low
51,No high school,Married,Male,Self-employed,40,low
64,High school,Never married,Male,Private,40,low
54,High school,Married,Male,Private,40,high
31,Some college,Previously married,Male,Private,47,low
25,Some college,Never married,Male,Government,47,low
45,High school,Previously married,Male,Private,45,low
55,High school,Married,Male,Self-employed,40,low
54,Bachelor or higher,Married,Female,Private,71,high
23,Some college,Never married,Male,Private,23,low
47,Some college,Never married,Female,Private,47,low
28,Some college,Never married,Female,Private,18,low
26,High school,Previously married,Female,Private,40,low
36,Some college,Previously married,Female,Private,40,low
28,Some college,Never married,Female,Private,40,low
57,High school,Married,Female,Government,26,low
47,Some college,Married,Male,Private,45,low
28,High school,Married,Male,Private,28,low
24,Some college,Never married,Male,Private,23,low
32,High school,Married,Female,Private,40,low
24,Some college,Never married,Male,Private,26,low
25,High school,Never married,Male,Private,28,low
44,Some college,Married,Male,Private,51,high
37,Some college,Never married,Male,Government,48,low
45,High school,Married,Male,Private,40,low
37,Some college,Previously married,Female,Private,26,high
29,High school,Married,Male,Private,23,low
25,High school,Never married,Male,Private,27,low
31,Some college,Never married,Female,Private,47,low
24,High school,Never married,Male,Private,41,low
53,Some college,Never married,Female,Private,40,low
56,Bachelor or higher,Married,Female,Private,40,high
65,High school,Never married,Female,Private,14,low
42,High school,Married,Female,Private,40,low
59,Bachelor or higher,Married,Male,Private,40,high
46,High school,Never married,Female,Private,48,high
58,Bachelor or higher,Married,Female,Government,40,low
50,High school,Married,Male,Government,71,low
41,Bachelor or higher,Married,Male,Private,40,high
20,Some college,Never married,Male,Private,40,low
41,Bachelor or higher,Married,Male,Private,49,low
29,Some college,Never married,Female,Private,40,low
27,Some college,Never married,Female,Private,48,low
21,Some college,Never married,Male,Private,19,low
20,High school,Never married,Male,Private,40,low
22,Some college,Married,Male,Private,40,low
55,Bachelor or higher,Married,Female,Government,40,high
32,Bachelor or higher,Never married,Male,Government,58,low
55,Bachelor or higher,Married,Female,Private,40,high
55,Some college,Never married,Female,Private,26,low
48,High school,Married,Male,Private,22,low
45,Bachelor or higher,Married,Male,Private,65,high
30,High school,Previously married,Male,Private,18,low
31,Some college,Married,Female,Private,40,high
56,High school,Married,Male,Government,61,low
23,Some college,Never married,Male,Private,18,low
20,No high school,Never married,Male,Private,40,low
36,High school,Married,Male,Private,46,low
21,Some college,Never married,Male,Government,29,low
54,High school,Married,Male,Government,56,low
49,Some college,Previously married,Female,Private,32,low
63,High school,Married,Male,Government,55,high
27,High school,Married,Male,Government,40,high
42,Bachelor or higher,Married,Male,Government,60,high
33,High school,Married,Male,Private,14,low
52,High school,Previously married,Female,Private,40,low
35,Bachelor or higher,Never married,Male,Private,49,low
33,High school,Previously married,Female,Private,40,low
23,No high school,Never married,Male,Private,40,low
35,High school,Married,Female,Self-employed,51,low
43,No high school,Previously married,Female,Private,40,low
38,No high school,Married,Male,Self-employed,30,low
49,High school,Married,Female,Private,40,low
22,Bachelor or higher,Married,Female,Private,40,low
22,No high school,Never married,Male,Private,47,low
26,Some college,Never married,Female,Private,23,low
44,High school,Previously married,Female,Private,26,low
18,Some college,Never married,Male,Private,20,low
40,Some college,Married,Male,Private,46,high
30,High school,Previously married,Female,Private,40,low
32,No high school,Previously married,Male,Private,20,low
59,High school,Previously married,Male,Private,40,low
59,High school,Married,Male,Private,40,low
30,No high school,Previously married,Male,Private,40,low
31,No high school,Never married,Male,Private,40,low
52,High school,Never married,Male,Private,40,low
46,No high school,Married,Male,Government,40,low
23,Some college,Married,Male,Private,60,low
33,Bachelor or higher,Married,Male,Private,40,high
65,Bachelor or higher,Married,Male,Government,56,high
20,No high school,Never married,Male,Private,21,low
61,High school,Married,Male,Self-employed,52,low
36,High school,Married,Male,Self-employed,62,low
43,Some college,Never married,Female,Private,40,low
55,High school,Married,Male,Private,61,low
33,High school,Married,Male,Private,40,low
33,No high school,Never married,Male,Private,40,low
41,Bachelor or higher,Never married,Female,Private,40,low
55,High school,Married,Male,Private,40,high
43,High school,Married,Female,Private,46,high
52,High school,Married,Male,Private,40,low
39,Bachelor or higher,Never married,Male,Private,48,high
31,Bachelor or higher,Married,Male,Private,60,high
37,High school,Previously married,Female,Private,29,low
53,High school,Married,Male,Private,40,low
58,Bachelor or higher,Married,Male,Government,45,high
29,High school,Married,Male,Self-employed,40,low
53,Bachelor or higher,Married,Male,Private,40,low
34,High school,Married,Male,Private,40,low
44,Some college,Previously married,Female,Private,15,low
29,High school,Never married,Female,Private,40,low
31,Bachelor or higher,Married,Female,Private,59,low
36,High school,Married,Male,Private,40,low
35,Some college,Never married,Female,Government,48,low
64,High school,Married,Male,Private,40,low
29,Some college,Previously married,Female,Private,40,low
48,High school,Married,Male,Government,57,low
32,Some college,Married,Male,Private,28,low
48,No high school,Married,Male,Private,45,low
41,High school,Married,Female,Private,25,low
23,Some college,Never married,Female,Private,45,low
53,High school,Married,Male,Government,40,low
31,Bachelor or higher,Married,Male,Private,58,high
67,High school,Never married,Female,Private,60,low
59,Bachelor or higher,Married,Female,Private,40,high
33,Some college,Married,Female,Private,57,low
25,Some college,Never married,Male,Private,28,low
39,Bachelor or higher,Married,Male,Government,40,high
56,Bachelor or higher,Married,Female,Private,27,high
62,High school,Married,Male,Private,40,low
51,High school,Previously married,Male,Private,40,low
61,Bachelor or higher,Married,Male,Private,49,high
34,Bachelor or higher,Never married,Male,Government,19,low
37,Some college,Never married,Male,Private,29,low
47,High school,Previously married,Female,Private,40,low
41,High school,Married,Male,Private,40,low
58,High school,Married,Female,Private,13,low
56,High school,Married,Male,Private,54,high
36,High school,Married,Male,Government,40,high
51,Bachelor or higher,Married,Male,Private,16,low
74,High school,Previously married,Female,Private,47,low
31,Some college,Never married,Male,Private,21,low
38,Bachelor or higher,Married,Female,Private,40,high
28,High school,Married,Male,Private,46,low
35,Bachelor or higher,Married,Male,Government,49,low
35,Some college,Never married,Female,Private,55,low
67,Bachelor or higher,Married,Male,Private,40,high
34,High school,Married,Male,Private,48,high
21,Some college,Never married,Female,Private,40,low
51,High school,Previously married,Female,Private,40,low
24,Some college,Never married,Male,Private,40,low
34,Bachelor or higher,Married,Male,Private,40,low
54,High school,Previously married,Female,Private,15,low
43,High school,Married,Male,Self-employed,40,low
57,Some college,Never married,Female,Private,24,low
24,Some college,Never married,Male,Private,21,low
29,Bachelor or higher,Married,Female,Private,40,high
41,Some college,Previously married,Female,Private,24,low
31,Some college,Never married,Male,Private,46,low
28,Some college,Never married,Female,Private,28,low
33,High school,Never married,Male,Private,40,low
25,No high school,Never married,Male,Private,61,low
34,Some college,Married,Female,Government,47,high
38,High school,Married,Male,Private,50,high
29,Some college,Never married,Male,Private,17,low
30,Some college,Never married,Female,Private,40,low
52,High school,Married,Male,Private,40,low
31,Bachelor or higher,Married,Male,Private,40,high
40,Bachelor or higher,Married,Male,Private,58,high
37,Bachelor or higher,Married,Male,Private,40,high
51,Bachelor or higher,Married,Female,Private,40,high
32,High school,Never married,Male,Private,40,low
32,High school,Never married,Male,Private,40,low
22,Some college,Never married,Male,Private,40,low
58,High school,Never married,Male,Private,30,low
56,Some college,Married,Male,Self-employed,67,high
37,Bachelor or higher,Married,Male,Private,46,high
50,High school,Married,Female,Private,40,high
49,Bachelor or higher,Married,Male,Government,40,high
43,High school,Married,Male,Private,40,low
30,High school,Previously married,Female,Private,40,low
56,No high school,Never married,Male,Private,40,low
55,Bachelor or higher,Married,Female,Private,44,high
39,Some college,Married,Male,Private,40,high
26,Some college,Married,Male,Private,63,low
33,High school,Married,Male,Private,46,high
30,No high school,Never married,Male,Private,40,low
37,Some college,Never married,Male,Private,24,low
34,High school,Never married,Male,Self-employed,43,low
44,Bachelor or higher,Married,Male,Private,46,high
36,Some college,Previously married,Female,Private,40,low
22,Some college,Never married,Male,Private,40,low
49,Some college,Never married,Male,Private,40,low
39,High school,Never married,Male,Self-employed,40,low
32,High school,Previously married,Female,Private,40,low
52,High school,Married,Male,Private,40,low
62,High school,Married,Female,Private,45,high
31,Some college,Never married,Female,Private,19,low
47,Some college,Never married,Male,Private,40,low
43,High school,Previously married,Male,Private,40,low
31,High school,Never married,Male,Private,19,low
36,High school,Previously married,Female,Private,40,low
38,Bachelor or higher,Married,Female,Private,48,low
17,Some college,Never married,Female,Private,23,low
35,Bachelor or higher,Married,Male,Self-employed,50,high
18,High school,Never married,Female,Private,15,low
38,Bachelor or higher,Married,Male,Government,46,low
36,High school,Previously married,Female,Private,32,low
30,Some college,Never married,Female,Private,43,low
50,High school,Never married,Male,Private,40,low
33,High school,Never married,Male,Private,40,low
45,High school,Married,Male,Private,40,low
34,High school,Never married,Male,Private,19,low
33,No high school,Never married,Male,Private,40,low
44,Bachelor or higher,Married,Male,Government,57,low
31,High school,Married,Male,Private,49,low
47,High school,Married,Female,Government,58,high
25,High school,Never married,Male,Private,17,low
46,Bachelor or higher,Married,Male,Private,42,high
41,High school,Never married,Female,Private,20,low
51,Bachelor or higher,Married,Female,Private,22,high
45,Some college,Married,Male,Private,40,high
43,High school,Married,Male,Private,48,low
33,Bachelor or higher,Married,Male,Government,40,high
30,High school,Never married,Male,Private,40,low
49,High school,Married,Male,Private,40,high
32,High school,Never married,Male,Private,54,low
48,High school,Never married,Male,Self-employed,50,low
45,Bachelor or higher,Married,Male,Government,40,high
31,High school,Married,Male,Private,40,low
41,Some college,Never married,Male,Private,15,low
31,No high school,Never married,Male,Private,40,low
34,High school,Married,Male,Private,40,high
29,Bachelor or higher,Married,Male,Private,40,high
44,Bachelor or higher,Married,Female,Private,40,high
56,Some college,Married,Male,Private,63,high
27,High school,Previously married,Female,Private,15,low
55,High school,Married,Female,Government,56,low
28,No high school,Never married,Male,Private,49,low
37,Some college,Never married,Female,Private,19,low
30,Some college,Never married,Female,Private,42,low
33,Bachelor or higher,Never married,Female,Private,47,low
53,High school,Previously married,Female,Private,38,low
31,Some college,Never married,Female,Government,23,high
35,High school,Previously married,Female,Private,28,low
63,High school,Never married,Male,Government,30,low
23,Some college,Never married,Female,Private,28,low
20,No high school,Married,Male,Private,17,low
35,No high school,Never married,Female,Private,46,low
37,Some college,Married,Male,Government,40,low
46,Some college,Married,Male,Private,52,high
61,Bachelor or higher,Married,Female,Private,40,high
57,Some college,Never married,Female,Private,17,low
57,High school,Never married,Female,Private,40,low
24,Some college,Never married,Female,Private,23,low
56,High school,Married,Male,Private,24,low
28,Bachelor or higher,Never married,Male,Private,40,low
59,No high school,Married,Male,Self-employed,56,high
31,Bachelor or higher,Married,Male,Private,40,high
52,High school,Previously married,Female,Private,40,low
32,Some college,Married,Female,Private,18,low
24,High school,Never married,Female,Private,40,low
41,No high school,Married,Male,Private,28,low
28,High school,Previously married,Female,Private,21,low
27,High school,Never married,Male,Private,24,low
44,High school,Married,Male,Government,56,low
41,High school,Married,Male,Private,44,low
46,High school,Married,Male,Self-employed,40,low
32,High school,Never married,Male,Private,40,low
32,Some college,Never married,Male,Private,37,low
29,Some college,Never married,Female,Private,14,low
47,No high school,Married,Female,Private,68,low
55,Bachelor or higher,Married,Male,Private,40,high
21,Some college,Never married,Male,Private,28,low
35,Bachelor or higher,Never married,Male,Private,40,low
58,High school,Married,Female,Government,21,low
25,High school,Previously married,Female,Private,47,low
58,No high school,Married,Male,Private,40,low
60,Bachelor or higher,Married,Male,Private,58,high
35,Bachelor or higher,Married,Male,Private,58,low
28,Bachelor or higher,Married,Female,Private,30,low
24,Bachelor or higher,Married,Male,Private,40,high
38,High school,Married,Male,Private,40,low
58,High school,Previously married,Male,Private,32,low
28,High school,Previously married,Male,Private,40,low
21,Some college,Never married,Male,Government,46,low
42,Bachelor or higher,Married,Female,Private,40,high
55,High school,Married,Female,Private,25,low
45,Bachelor or higher,Married,Male,Government,40,high
51,Bachelor or higher,Married,Male,Private,46,high
49,Some college,Never married,Male,Private,40,low
55,Bachelor or higher,Married,Male,Private,40,low
56,Bachelor or higher,Married,Male,Private,49,high
36,High school,Never married,Male,Private,58,low
55,High school,Married,Male,Private,23,low
58,High school,Married,Male,Private,40,low
34,High school,Married,Male,Private,40,low
44,Some college,Never married,Male,Private,49,low
55,Bachelor or higher,Married,Male,Private,40,high
23,Bachelor or higher,Never married,Male,Private,22,low
31,Bachelor or higher,Married,Male,Private,46,high
34,High school,Never married,Female,Private,15,low
27,Some college,Married,Female,Private,40,high
35,High school,Never married,Male,Private,21,low
44,High school,Married,Female,Private,47,low
54,High school,Married,Male,Private,47,high
34,Bachelor or higher,Married,Female,Private,47,high
30,High school,Never married,Female,Private,21,low
23,Some college,Never married,Male,Government,47,low
24,No high school,Never married,Male,Private,24,low
52,High school,Married,Male,Private,24,low
56,High school,Married,Male,Private,40,low
33,Some college,Never married,Female,Private,48,low
31,Bachelor or higher,Married,Female,Private,40,high
59,Bachelor or higher,Married,Male,Private,18,low
22,Some college,Never married,Male,Private,14,low
49,High school,Previously married,Female,Private,40,low
47,No high school,Married,Male,Private,54,low
47,Some college,Married,Male,Private,40,low
35,Some college,Previously married,Female,Private,40,low
23,Some college,Never married,Male,Private,40,low
47,Bachelor or higher,Never married,Male,Government,40,low
59,No high school,Never married,Male,Self-employed,40,low
44,High school,Married,Male,Private,49,low
32,Some college,Never married,Male,Private,47,low
51,Bachelor or higher,Married,Male,Private,40,high
36,Bachelor or higher,Never married,Female,Private,40,low
34,High school,Never married,Male,Private,40,low
58,Bachelor or higher,Married,Male,Private,47,high
58,High school,Never married,Male,Private,33,low
30,High school,Previously married,Female,Private,26,low
27,Some college,Never married,Female,Private,22,low
25,Some college,Never married,Male,Private,25,low
40,Some college,Never married,Female,Private,47,low
76,Bachelor or higher,Married,Male,Government,40,high
51,Some college,Never married,Female,Private,40,low
26,Some college,Never married,Male,Private,40,low
42,High school,Previously married,Female,Private,40,low
48,High school,Married,Male,Private,48,low
21,Some college,Never married,Male,Private,47,low
29,High school,Married,Male,Self-employed,57,low
29,High school,Never married,Female,Private,49,low
37,Some college,Married,Male,Private,60,low
46,Bachelor or higher,Married,Male,Private,57,high
40,Bachelor or higher,Married,Male,Private,40,high
45,Bachelor or higher,Married,Male,Private,40,low
62,Bachelor or higher,Married,Male,Private,32,high
35,High school,Married,Male,Government,18,low
36,Some college,Married,Male,Private,20,low
30,Some college,Never married,Female,Private,40,low
35,Bachelor or higher,Married,Female,Private,45,high
27,High school,Never married,Female,Private,45,low
46,Bachelor or higher,Married,Female,Private,40,high
48,Bachelor or higher,Married,Female,Private,40,high
47,High school,Married,Male,Government,40,high
50,High school,Previously married,Female,Private,40,low
38,Some college,Never married,Male,Government,49,low
41,High school,Married,Male,Self-employed,56,low
37,High school,Married,Male,Private,40,low
38,High school,Married,Female,Private,40,low
36,High school,Never married,Male,Private,13,low
32,High school,Never married,Female,Private,40,low
44,High school,Married,Male,Private,57,low
40,Some college,Never married,Female,Private,20,low
57,High school,Married,Female,Private,40,low
35,Bachelor or higher,Married,Male,Private,40,low
31,High school,Never married,Female,Private,40,low
56,High school,Married,Female,Private,47,high
21,Some college,Married,Male,Private,40,low
28,High school,Never married,Female,Private,57,low
34,No high school,Never married,Male,Private,40,low
47,High school,Previously married,Female,Private,12,low
23,High school,Married,Male,Government,46,low
25,No high school,Married,Male,Private,27,low
50,High school,Married,Male,Private,40,low
67,High school,Never married,Male,Private,40,low
18,Some college,Never married,Male,Private,19,low
26,High school,Never married,Female,Private,45,low
20,Some college,Never married,Male,Private,40,low
51,High school,Married,Male,Private,40,low
53,Bachelor or higher,Married,Male,Private,40,high
27,No high school,Married,Male,Private,44,low
31,High school,Never married,Male,Private,22,low
43,High school,Married,Female,Private,25,low
57,High school,Married,Male,Private,46,high
45,Some college,Never married,Female,Private,40,low
30,Some college,Never married,Female,Private,47,low
50,High school,Married,Female,Private,40,high
34,High school,Never married,Male,Private,27,low
39,High school,Married,Male,Private,47,low
27,Bachelor or higher,Married,Male,Private,48,low
19,Some college,Never married,Male,Private,12,low
52,High school,Married,Male,Private,40,low
33,No high school,Never married,Male,Private,40,low
24,Some college,Never married,Male,Private,31,low
23,Some college,Never married,Male,Private,47,low
51,Bachelor or higher,Married,Male,Private,40,high
55,High school,Married,Female,Private,40,high
29,Some college,Never married,Female,Private,24,low
34,High school,Never married,Female,Private,35,low
48,High school,Married,Male,Private,39,low
40,Some college,Never married,Male,Self-employed,57,low
26,Some college,Never married,Female,Private,40,low
22,Some college,Never married,Male,Private,40,low
32,Bachelor or higher,Never married,Male,Private,40,low
37,High school,Married,Male,Private,55,high
48,High school,Married,Male,Private,40,low
29,Some college,Never married,Female,Private,12,low
33,High school,Previously married,Female,Private,40,low
63,High school,Married,Male,Private,40,low
50,Bachelor or higher,Married,Male,Government,20,high
31,Bachelor or higher,Never married,Female,Government,40,low
27,Some college,Never married,Male,Private,29,low
46,Bachelor or higher,Married,Male,Government,49,high
57,High school,Never married,Female,Private,40,high
23,Some college,Never married,Female,Private,27,low
29,High school,Previously married,Male,Private,36,low
29,Bachelor or higher,Married,Male,Private,24,low
51,High school,Married,Male,Private,40,low
45,Bachelor or higher,Married,Male,Private,40,low
35,High school,Previously married,Male,Private,40,low
30,Bachelor or higher,Never married,Male,Private,48,low
32,High school,Never married,Male,Private,37,low
43,Bachelor or higher,Married,Male,Private,49,high
41,Some college,Never married,Female,Private,47,low
58,High school,Married,Male,Government,58,low
21,Some college,Never married,Male,Private,29,low
22,No high school,Never married,Male,Self-employed,31,low
30,High school,Previously married,Female,Private,29,low
19,Some college,Never married,Male,Private,27,low
31,Some college,Never married,Male,Private,40,low
40,Bachelor or higher,Married,Male,Private,58,high
60,High school,Previously married,Female,Private,15,low
50,Some college,Married,Male,Private,48,low
37,No high school,Never married,Female,Private,57,low
41,High school,Previously married,Female,Private,40,low
30,Bachelor or higher,Married,Male,Private,40,high
40,High school,Married,Female,Private,40,low
32,Some college,Never married,Male,Private,26,low
59,No high school,Married,Male,Private,54,high
38,Bachelor or higher,Married,Male,Private,40,high
28,High school,Never married,Female,Private,40,low
57,High school,Married,Male,Private,40,high
31,Bachelor or higher,Previously married,Female,Private,40,high
20,High school,Never married,Male,Private,18,low
45,High school,Never married,Male,Private,22,low
59,High school,Married,Male,Government,40,high
29,High school,Never married,Male,Private,35,low
63,High school,Married,Male,Private,40,high
38,High school,Married,Female,Private,40,low
30,Some college,Never married,Female,Private,25,low
53,Bachelor or higher,Married,Male,Private,57,high
35,No high school,Married,Male,Private,40,low
29,High school,Never married,Female,Private,27,low
23,High school,Never married,Female,Private,17,low
59,High school,Married,Male,Private,40,low
34,High school,Previously married,Female,Private,34,low
28,Some college,Never married,Male,Private,40,low
48,Bachelor or higher,Married,Male,Self-employed,40,low
56,High school,Married,Male,Private,60,low
36,Bachelor or higher,Married,Male,Government,40,high
52,High school,Married,Male,Private,40,low
30,Bachelor or higher,Married,Male,Private,35,high
34,Some college,Never married,Male,Private,15,low
46,Some college,Married,Female,Private,52,high
47,High school,Married,Male,Private,56,low
29,Some college,Never married,Female,Private,13,low
45,Bachelor or higher,Married,Female,Private,50,high
56,Bachelor or higher,Married,Male,Private,56,low
47,Bachelor or higher,Married,Male,Private,40,high
44,Bachelor or higher,Married,Female,Government,40,high
55,High school,Married,Male,Self-employed,40,low
51,High school,Previously married,Female,Private,40,low
28,Bachelor or higher,Married,Male,Private,25,high
25,High school,Never married,Male,Private,40,low
56,Bachelor or higher,Never married,Female,Government,18,low
25,High school,Never married,Male,Private,24,low
34,High school,Married,Male,Private,40,low
33,High school,Previously married,Female,Private,48,low
72,Some college,Never married,Male,Private,40,low
45,High school,Never married,Female,Private,40,low
63,High school,Married,Male,Private,40,low
46,High school,Married,Male,Private,40,low
62,High school,Married,Female,Private,40,low
54,High school,Married,Female,Private,57,low
56,High school,Never married,Female,Government,31,low
34,High school,Never married,Male,Government,60,low
49,High school,Married,Male,Private,40,low
55,Some college,Never married,Female,Private,24,low
21,Some college,Never married,Male,Private,40,low
43,High school,Married,Female,Private,40,high
34,High school,Never married,Female,Private,25,low
45,Bachelor or higher,Married,Male,Government,59,high
46,High school,Married,Male,Private,31,low
22,Some college,Never married,Female,Private,45,low
19,No high school,Never married,Male,Self-employed,23,low
23,High school,Never married,Female,Private,40,low
38,High school,Never married,Male,Private,29,low
28,High school,Never married,Male,Private,22,low
36,Some college,Never married,Male,Government,40,high
48,High school,Previously married,Female,Private,40,low
55,Bachelor or higher,Married,Male,Private,40,high
65,Bachelor or higher,Married,Male,Private,56,high
59,High school,Married,Male,Private,40,low
28,High school,Previously married,Female,Private,20,low
48,High school,Married,Male,Private,48,low
41,Bachelor or higher,Never married,Male,Private,49,low
38,High school,Married,Male,Private,40,low
22,High school,Never married,Female,Private,3,low
44,High school,Previously married,Female,Private,49,low
52,Bachelor or higher,Married,Male,Private,40,high
32,Some college,Never married,Male,Private,40,low
35,No high school,Married,Male,Private,40,low
46,High school,Previously married,Female,Private,40,low
63,Bachelor or higher,Married,Female,Private,40,high
51,High school,Never married,Male,Private,49,low
21,Some college,Never married,Male,Private,19,low
47,High school,Married,Male,Government,53,low
31,High school,Never married,Female,Private,47,low
54,High school,Previously married,Female,Government,18,low
23,High school,Never married,Male,Private,72,low
56,High school,Previously married,Female,Government,56,low
22,Some college,Never married,Male,Private,21,low
45,High school,Married,Male,Private,49,low
42,No high school,Never married,Female,Private,29,low
45,Some college,Never married,Male,Private,21,low
30,Bachelor or higher,Never married,Female,Private,48,low
37,High school,Married,Male,Private,58,low
34,High school,Never married,Male,Private,40,low
32,Some college,Married,Male,Private,58,low
34,Bachelor or higher,Married,Male,Self-employed,45,low
36,High school,Never married,Male,Private,24,low
52,Some college,Married,Female,Private,48,high
31,High school,Never married,Female,Private,46,low
44,Some college,Married,Female,Private,40,low
35,High school,Never married,Male,Private,48,low
50,High school,Married,Male,Self-employed,40,low
32,High school,Married,Male,Private,29,high
30,High school,Previously married,Female,Private,23,low
32,Some college,Never married,Female,Private,13,low
54,Some college,Never married,Female,Government,40,low
76,Some college,Never married,Female,Government,49,low
30,Some college,Never married,Male,Private,34,low
32,Bachelor or higher,Married,Male,Private,58,low
33,Some college,Never married,Male,Government,22,low
67,Some college,Previously married,Female,Private,45,low
33,Bachelor or higher,Married,Male,Government,47,high
45,Some college,Married,Male,Government,46,high
51,High school,Previously married,Female,Private,40,low
26,Some college,Previously married,Female,Private,20,low
32,High school,Never married,Female,Private,31,low
24,Some college,Never married,Female,Private,20,low
47,High school,Married,Male,Private,16,low
37,High school,Never married,Male,Private,16,low
32,High school,Never married,Male,Government,40,low
50,High school,Married,Male,Private,40,low
49,High school,Previously married,Male,Private,40,low
22,Some college,Never married,Female,Private,14,low
32,High school,Previously married,Female,Private,47,low
39,No high school,Never married,Male,Private,40,low
29,Bachelor or higher,Never married,Female,Private,47,low
68,Bachelor or higher,Married,Male,Private,45,high
66,High school,Previously married,Female,Private,28,low
33,High school,Married,Male,Private,17,low
28,High school,Never married,Male,Private,46,low
44,Bachelor or higher,Married,Male,Government,40,high
48,High school,Married,Female,Private,40,high
27,Some college,Never married,Female,Private,20,low
28,Some college,Never married,Male,Private,21,low
32,Some college,Never married,Male,Private,24,low
23,High school,Married,Male,Private,59,low
41,Some college,Never married,Male,Private,57,low
55,Bachelor or higher,Married,Male,Government,60,high
31,High school,Married,Male,Private,65,low
58,High school,Married,Male,Private,17,low
36,High school,Never married,Male,Government,40,low
37,Some college,Married,Female,Private,36,high
22,High school,Never married,Male,Private,40,low
27,Bachelor or higher,Never married,Female,Private,40,low
21,Some college,Never married,Male,Government,25,low
52,High school,Previously married,Female,Private,59,low
44,Bachelor or higher,Married,Male,Private,60,high
47,High school,Previously married,Female,Private,30,low
32,Some college,Never married,Male,Private,40,low
33,High school,Previously married,Female,Government,47,low
69,High school,Never married,Male,Private,40,low
32,Bachelor or higher,Married,Male,Private,46,high
32,No high school,Never married,Male,Private,40,low
50,High school,Married,Male,Private,40,low
40,Some college,Never married,Female,Private,43,low
35,High school,Married,Male,Private,40,low
29,High school,Never married,Female,Private,15,low
30,High school,Never married,Male,Private,1,low
54,High school,Married,Male,Private,40,low
64,Bachelor or higher,Married,Male,Private,46,high
20,Some college,Never married,Female,Private,23,low
56,High school,Married,Male,Private,40,low
27,Bachelor or higher,Married,Female,Private,48,low
54,High school,Married,Male,Private,60,low
53,Bachelor or higher,Married,Male,Private,58,low
63,Bachelor or higher,Married,Male,Government,61,high
29,Bachelor or higher,Married,Male,Government,28,high
42,Some college,Never married,Female,Private,49,low
32,High school,Married,Male,Private,40,low
28,Some college,Never married,Female,Private,29,low
32,Bachelor or higher,Married,Female,Private,40,high
32,Some college,Previously married,Female,Private,27,low
31,Some college,Never married,Male,Private,40,low
42,High school,Married,Female,Private,40,high
44,Bachelor or higher,Married,Male,Private,40,high
54,High school,Previously married,Female,Private,40,low
21,Some college,Never married,Male,Private,40,low
39,Bachelor or higher,Married,Male,Private,45,high
36,Some college,Married,Male,Private,56,low
30,Bachelor or higher,Never married,Female,Private,19,low
36,High school,Previously married,Male,Private,46,low
53,High school,Married,Male,Self-employed,40,low
64,High school,Married,Male,Government,46,high
34,High school,Previously married,Male,Government,54,low
27,High school,Married,Male,Private,40,low
56,High school,Never married,Male,Private,47,low
70,Some college,Never married,Male,Government,57,low
40,High school,Married,Female,Self-employed,40,high
63,High school,Married,Male,Private,40,high
29,High school,Married,Male,Private,26,low
30,High school,Never married,Male,Private,34,low
20,Some college,Never married,Female,Private,40,low
43,High school,Married,Female,Government,40,low
32,High school,Married,Female,Private,40,low
48,High school,Married,Male,Private,40,low
33,High school,Never married,Male,Private,40,low
31,Some college,Never married,Female,Private,40,low
33,Some college,Never married,Male,Private,13,low
64,Some college,Never married,Female,Private,40,low
57,High school,Previously married,Female,Government,40,low
46,High school,Married,Male,Private,65,high
59,High school,Married,Female,Self-employed,47,high
55,Some college,Never married,Female,Private,26,low
22,Some college,Never married,Male,Private,21,low
37,Some college,Never married,Female,Private,47,low
45,High school,Married,Female,Private,34,low
57,High school,Married,Male,Private,40,low
28,Bachelor or higher,Married,Male,Private,40,low
33,High school,Previously married,Female,Private,40,low
47,High school,Previously married,Female,Private,34,low
30,Some college,Never married,Female,Private,33,low
47,High school,Married,Male,Government,48,low
28,Some college,Previously married,Female,Private,9,low
16,Some college,Never married,Female,Private,40,low
62,High school,Married,Male,Private,40,high
29,Bachelor or higher,Never married,Female,Private,48,low
32,Some college,Never married,Female,Private,40,low
30,No high school,Never married,Male,Private,40,low
35,No high school,Never married,Male,Private,40,low
30,Some college,Married,Male,Private,40,low
59,Bachelor or higher,Married,Male,Government,40,low
49,High school,Married,Male,Private,40,low
50,No high school,Never married,Male,Private,47,low
31,High school,Married,Male,Private,40,low
53,High school,Married,Male,Self-employed,40,low
53,High school,Previously married,Female,Private,48,low
45,High school,Never married,Female,Private,47,low
44,High school,Married,Male,Private,40,low
30,Bachelor or higher,Married,Male,Government,40,high
20,High school,Never married,Male,Private,12,low
45,High school,Married,Female,Private,60,high
41,Bachelor or higher,Never married,Male,Private,43,low
22,Some college,Never married,Male,Private,40,low
21,Some college,Never married,Male,Private,40,low
33,High school,Never married,Male,Private,32,low
34,High school,Previously married,Female,Government,37,low
33,Some college,Never married,Male,Private,21,low
34,No high school,Married,Male,Private,60,low
34,Some college,Never married,Female,Private,22,low
58,High school,Previously married,Female,Private,40,low
31,Some college,Never married,Female,Private,26,low
52,High school,Previously married,Male,Private,40,low
40,Bachelor or higher,Married,Male,Private,40,high
34,Some college,Never married,Female,Private,15,low
33,Some college,Never married,Female,Private,40,low
60,High school,Never married,Male,Private,40,low
45,High school,Married,Male,Government,56,low
54,High school,Married,Male,Private,30,low
44,Bachelor or higher,Married,Male,Private,49,high
34,Bachelor or higher,Married,Female,Private,40,high
70,High school,Married,Male,Private,40,low
29,Some college,Never married,Male,Private,22,low
41,No high school,Never married,Male,Government,60,low
37,High school,Never married,Female,Government,47,low
31,High school,Never married,Female,Government,17,low
52,Bachelor or higher,Married,Male,Private,59,high
33,High school,Never married,Male,Self-employed,25,low
49,Bachelor or higher,Married,Male,Government,57,high
31,Bachelor or higher,Married,Male,Private,29,high
24,Some college,Never married,Male,Private,29,low
33,Bachelor or higher,Married,Male,Government,28,high
33,Bachelor or higher,Married,Male,Private,40,low
59,High school,Previously married,Female,Private,40,low
32,No high school,Married,Male,Private,25,low
19,High school,Never married,Male,Private,23,low
20,Some college,Never married,Male,Private,19,low
21,High school,Never married,Male,Private,47,low
41,Bachelor or higher,Married,Male,Private,40,high
59,High school,Married,Female,Private,40,low
33,High school,Never married,Male,Private,19,low
37,High school,Never married,Female,Private,40,low
54,High school,Previously married,Female,Private,40,low
25,High school,Never married,Male,Private,40,low
51,Bachelor or higher,Married,Male,Government,40,high
20,High school,Never married,Male,Private,32,low
28,Some college,Never married,Female,Private,54,low
30,High school,Never married,Female,Private,40,low
38,High school,Never married,Female,Private,54,low
46,High school,Never married,Male,Government,40,low
32,High school,Never married,Female,Private,40,low
34,Bachelor or higher,Married,Male,Government,40,high
23,High school,Married,Male,Self-employed,40,low
75,High school,Married,Male,Government,31,low
29,Some college,Never married,Male,Private,23,low
54,High school,Married,Male,Private,40,low
28,Some college,Never married,Female,Private,56,low
22,Some college,Never married,Male,Private,47,low
64,No high school,Married,Male,Private,40,low
20,Some college,Never married,Male,Private,19,low
27,Some college,Never married,Female,Private,40,low
54,High school,Married,Male,Government,58,low
33,High school,Married,Male,Private,55,low
48,High school,Previously married,Male,Private,40,low
58,High school,Married,Female,Private,40,low
39,Bachelor or higher,Never married,Female,Government,28,low
76,High school,Married,Male,Private,45,low
22,Some college,Never married,Female,Private,49,low
29,Some college,Never married,Female,Private,22,low
37,High school,Previously married,Female,Private,45,low
32,No high school,Never married,Male,Private,18,low
69,High school,Never married,Male,Private,40,low
79,High school,Married,Male,Private,59,high
22,Some college,Never married,Male,Private,46,low
45,Some college,Previously married,Female,Private,40,low
46,Bachelor or higher,Never married,Female,Private,20,low
19,Some college,Never married,Male,Private,13,low
61,High school,Married,Male,Private,40,low
23,Bachelor or higher,Never married,Female,Private,40,low
35,High school,Previously married,Female,Private,40,low
51,Bachelor or higher,Married,Male,Private,40,high
43,Some college,Married,Male,Government,62,high
21,Some college,Never married,Male,Private,50,low
62,Bachelor or higher,Married,Female,Government,40,high
39,High school,Previously married,Female,Private,58,low
39,High school,Previously married,Female,Private,40,low
47,Bachelor or higher,Married,Male,Government,32,high
31,Some college,Married,Male,Private,47,high
50,Bachelor or higher,Married,Male,Private,40,high
42,Bachelor or higher,Married,Female,Private,27,high
43,High school,Previously married,Female,Private,47,low
36,Bachelor or higher,Married,Female,Government,46,high
23,Some college,Never married,Female,Private,18,low
28,Bachelor or higher,Never married,Male,Private,47,low
38,Bachelor or higher,Married,Male,Private,47,high
56,High school,Previously married,Female,Private,40,low
59,High school,Married,Male,Self-employed,27,low
26,High school,Never married,Female,Private,22,low
52,Bachelor or higher,Married,Male,Private,40,high
29,High school,Married,Male,Private,40,low
54,High school,Never married,Female,Private,20,low
19,Some college,Never married,Female,Private,15,low
41,Some college,Married,Male,Government,56,low
65,High school,Previously married,Female,Private,40,low
50,Some college,Married,Male,Private,40,low
25,Some college,Never married,Female,Private,33,low
43,High school,Married,Female,Private,40,low
25,High school,Previously married,Female,Private,40,low
29,Some college,Married,Male,Government,45,high
36,Bachelor or higher,Married,Male,Government,40,high
42,High school,Previously married,Female,Private,23,low
34,No high school,Married,Male,Private,40,low
53,High school,Married,Male,Self-employed,31,low
31,High school,Married,Male,Private,57,low
31,Bachelor or higher,Married,Male,Private,40,low
52,Bachelor or higher,Married,Male,Private,47,high
43,High school,Never married,Male,Private,40,low
49,No high school,Married,Male,Private,40,low
49,High school,Previously married,Female,Private,40,low
31,High school,Previously married,Female,Private,20,low
44,High school,Never married,Male,Private,45,low
34,Bachelor or higher,Married,Male,Private,47,high
29,Some college,Never married,Male,Private,44,low
30,Bachelor or higher,Married,Female,Private,60,high
32,Some college,Never married,Female,Private,20,low
49,High school,Married,Male,Private,40,low
49,High school,Married,Male,Self-employed,58,low
31,High school,Never married,Male,Private,32,low
40,Some college,Never married,Male,Private,21,low
70,High school,Previously married,Male,Private,22,low
32,High school,Never married,Male,Private,26,low
19,High school,Never married,Male,Private,46,low
62,High school,Married,Female,Government,46,high
45,Some college,Married,Female,Private,21,low
49,High school,Previously married,Male,Private,40,low
67,High school,Married,Male,Self-employed,59,low
56,No high school,Married,Male,Private,19,low
59,Bachelor or higher,Married,Male,Government,57,high
22,Some college,Never married,Female,Private,40,low
30,High school,Never married,Male,Private,40,low
40,Some college,Never married,Male,Private,40,low
26,Some college,Married,Male,Private,61,low
35,High school,Never married,Male,Private,40,low
36,High school,Previously married,Female,Private,26,low
57,High school,Never married,Male,Private,40,low
60,High school,Previously married,Female,Private,40,low
23,High school,Never married,Male,Private,26,low
28,Some college,Never married,Male,Private,20,low
20,High school,Never married,Male,Private,40,low
26,Bachelor or higher,Never married,Male,Self-employed,22,low
59,High school,Married,Male,Private,40,high
57,High school,Previously married,Female,Private,40,low
33,Some college,Never married,Female,Private,46,low
54,High school,Never married,Female,Private,48,low
71,High school,Married,Male,Private,49,low
60,Bachelor or higher,Married,Female,Private,40,high
33,High school,Married,Male,Private,19,high
25,No high school,Never married,Male,Private,40,low
31,High school,Married,Female,Private,40,low
35,Some college,Previously married,Female,Private,23,low
49,Some college,Married,Male,Private,40,low
34,High school,Married,Male,Private,40,low
32,Some college,Married,Male,Self-employed,58,low
61,Some college,Married,Male,Private,40,low
36,High school,Married,Male,Private,52,low
38,High school,Previously married,Female,Private,40,low
39,Bachelor or higher,Married,Male,Private,55,high
25,High school,Married,Male,Government,53,low
34,Bachelor or higher,Married,Male,Government,40,high
29,Some college,Never married,Male,Private,47,low
46,Some college,Never married,Male,Private,40,low
45,High school,Married,Male,Private,40,low
50,Bachelor or higher,Married,Male,Private,40,high
30,Some college,Never married,Female,Private,40,low
41,High school,Married,Male,Private,56,high
62,High school,Married,Female,Self-employed,40,low
39,High school,Married,Male,Self-employed,40,low
51,High school,Married,Female,Private,46,low
30,Some college,Never married,Female,Private,18,low
31,Some college,Married,Male,Private,60,low
59,No high school,Married,Male,Private,40,low
21,Some college,Never married,Male,Private,33,low
42,Bachelor or higher,Married,Female,Private,40,high
34,Some college,Never married,Female,Private,40,low
44,Some college,Married,Male,Private,25,low
33,High school,Previously married,Female,Private,40,low
31,Some college,Married,Female,Private,55,high
51,High school,Married,Female,Private,40,low
32,Bachelor or higher,Married,Female,Private,46,high
62,Bachelor or higher,Married,Female,Private,18,high
33,High school,Never married,Female,Private,28,low
49,High school,Married,Male,Private,40,high
30,Some college,Never married,Female,Private,40,low
30,Some college,Never married,Male,Private,40,low
22,Some college,Never married,Female,Private,40,low
32,High school,Previously married,Female,Private,45,low
51,Bachelor or higher,Married,Female,Government,40,high
59,High school,Married,Female,Government,61,high
55,High school,Previously married,Female,Private,40,low
59,Bachelor or higher,Married,Male,Government,47,high
31,Some college,Previously married,Female,Private,16,low
25,Some college,Never married,Female,Private,40,low
22,Some college,Previously married,Female,Private,54,low
53,High school,Married,Female,Private,40,low
22,Some college,Never married,Male,Private,19,low
42,Bachelor or higher,Married,Male,Self-employed,19,low
31,High school,Never married,Female,Private,40,low
58,No high school,Married,Male,Private,40,low
34,High school,Never married,Male,Private,25,low
28,Some college,Never married,Male,Private,40,low
41,Bachelor or higher,Never married,Male,Private,28,low
20,Some college,Never married,Male,Private,27,low
45,High school,Married,Male,Private,18,high
49,Bachelor or higher,Married,Male,Private,40,high
51,High school,Married,Male,Self-employed,58,low
44,Bachelor or higher,Married,Female,Private,40,high
50,No high school,Married,Male,Private,40,high
42,High school,Married,Male,Private,24,low
29,High school,Married,Female,Private,40,low
55,High school,Previously married,Female,Government,40,low
44,Bachelor or higher,Married,Male,Private,58,high
50,Bachelor or higher,Married,Female,Private,40,high
26,Some college,Never married,Female,Private,47,low
43,High school,Married,Male,Self-employed,40,low
55,High school,Previously married,Female,Private,40,low
22,High school,Never married,Female,Private,45,low
60,High school,Married,Male,Private,40,low
54,High school,Previously married,Male,Private,29,low
55,High school,Previously married,Female,Private,40,low
22,Some college,Never married,Male,Private,40,low
44,Some college,Never married,Male,Private,16,low
32,High school,Previously married,Female,Private,40,low
36,Bachelor or higher,Married,Male,Government,40,high
44,High school,Never married,Male,Private,18,low
50,High school,Married,Male,Self-employed,49,low
37,High school,Married,Male,Private,40,low
23,No high school,Never married,Male,Private,47,low
41,Some college,Married,Male,Government,48,high
22,Some college,Never married,Male,Private,24,low
21,Some college,Never married,Female,Private,34,low
60,High school,Never married,Female,Government,45,low
48,High school,Married,Male,Private,40,low
33,Some college,Never married,Female,Private,23,low
51,Bachelor or higher,Married,Male,Private,57,high
57,High school,Married,Male,Private,40,high
53,Some college,Married,Male,Private,49,high
40,Bachelor or higher,Married,Male,Private,58,high
19,Some college,Never married,Male,Private,35,low
47,High school,Married,Female,Private,40,low
22,No high school,Never married,Male,Private,45,low
21,Some college,Never married,Male,Private,28,low
49,High school,Married,Male,Government,60,low
30,High school,Married,Male,Private,43,low
48,High school,Married,Male,Private,40,low
58,High school,Previously married,Male,Private,24,low
37,Bachelor or higher,Married,Male,Government,58,high
29,High school,Never married,Female,Private,15,low
32,High school,Never married,Male,Private,40,low
33,Some college,Never married,Female,Private,23,low
42,Some college,Previously married,Female,Private,19,low
43,High school,Never married,Male,Private,40,low
59,High school,Married,Male,Private,40,low
33,High school,Married,Male,Private,40,low
58,Bachelor or higher,Married,Male,Private,40,low
43,High school,Previously married,Female,Private,40,low
31,No high school,Never married,Male,Private,40,low
31,Bachelor or higher,Married,Female,Private,59,low
27,High school,Never married,Female,Private,19,low
54,High school,Married,Male,Private,47,low
58,High school,Married,Male,Private,58,high
39,High school,Married,Male,Private,40,low
50,High school,Married,Male,Private,40,low
31,Bachelor or higher,Never married,Male,Private,20,low
24,Some college,Never married,Male,Private,40,low
23,High school,Never married,Male,Private,45,low
47,High school,Previously married,Female,Private,40,low
33,Bachelor or higher,Never married,Male,Private,46,low
29,Bachelor or higher,Never married,Male,Private,40,low
51,High school,Married,Female,Private,40,low
25,High school,Never married,Male,Private,27,low
33,Some college,Never married,Female,Private,25,low
47,High school,Married,Female,Private,40,high
56,High school,Previously married,Female,Private,40,low
64,High school,Married,Male,Private,46,low
47,Some college,Never married,Female,Private,25,low
28,Some college,Never married,Female,Private,14,low
53,Bachelor or higher,Married,Male,Private,40,high
42,Some college,Married,Male,Self-employed,40,high
35,Some college,Never married,Male,Private,18,low
55,High school,Previously married,Female,Private,23,low
34,Bachelor or higher,Married,Male,Government,58,high
35,Some college,Never married,Female,Private,14,low
28,No high school,Never married,Male,Private,40,low
64,High school,Previously married,Female,Private,40,low
43,Some college,Never married,Male,Private,40,low
52,No high school,Married,Male,Government,11,low
55,No high school,Married,Male,Private,40,low
48,High school,Never married,Female,Private,58,low
54,High school,Never married,Female,Private,46,low
42,Bachelor or higher,Married,Female,Private,46,high
34,No high school,Previously married,Female,Private,46,low
57,Bachelor or higher,Married,Female,Private,40,high
42,High school,Married,Male,Private,45,low
54,Some college,Previously married,Female,Private,40,high
50,Bachelor or higher,Married,Male,Government,40,high
48,High school,Married,Male,Private,40,high
59,Bachelor or higher,Married,Female,Private,47,low
35,Some college,Never married,Male,Private,24,low
29,High school,Never married,Female,Private,40,low
43,High school,Married,Male,Private,40,low
50,Bachelor or higher,Married,Female,Private,40,high
26,Some college,Never married,Male,Private,40,low
57,High school,Married,Male,Private,26,high
58,High school,Married,Male,Private,58,low
24,High school,Never married,Male,Government,40,low
35,Bachelor or higher,Married,Male,Private,40,high
24,High school,Never married,Male,Private,32,low
58,Bachelor or higher,Never married,Male,Private,40,low
71,Bachelor or higher,Married,Male,Private,40,high
39,High school,Previously married,Female,Private,40,low
61,Bachelor or higher,Married,Male,Private,40,high
32,Some college,Married,Male,Government,60,low
53,High school,Married,Male,Private,46,low
37,Some college,Never married,Male,Private,40,low
47,High school,Married,Male,Private,53,high
30,Bachelor or higher,Married,Male,Private,26,high
44,High school,Married,Female,Private,40,low
67,High school,Married,Male,Government,50,low
56,High school,Married,Male,Private,49,low
53,High school,Married,Male,Government,59,low
34,High school,Never married,Male,Self-employed,40,low
29,Some college,Never married,Male,Private,40,low
55,High school,Never married,Male,Self-employed,59,low
51,Bachelor or higher,Married,Male,Private,57,high
30,Bachelor or higher,Never married,Male,Private,40,low
33,Bachelor or higher,Married,Male,Self-employed,56,low
23,Bachelor or higher,Never married,Male,Private,59,low
39,High school,Married,Female,Private,47,high
44,Bachelor or higher,Married,Male,Private,40,low
31,High school,Never married,Male,Private,26,low
32,Some college,Never married,Male,Private,40,low
21,Some college,Never married,Female,Private,14,low
36,High school,Married,Male,Government,40,low
22,Some college,Never married,Male,Private,23,low
28,High school,Never married,Female,Private,57,low
34,High school,Married,Male,Private,25,low
47,High school,Married,Male,Private,18,low
32,Some college,Never married,Female,Private,14,low
33,High school,Never married,Female,Government,48,low
48,Some college,Married,Male,Private,40,high
23,High school,Married,Male,Private,40,low
22,Some college,Never married,Male,Private,40,low
22,Some college,Never married,Male,Private,22,low
44,High school,Married,Male,Private,27,low
59,High school,Married,Male,Private,47,high
49,High school,Married,Female,Private,53,low
32,Some college,Never married,Female,Private,40,low
49,Some college,Never married,Female,Private,40,low
35,Bachelor or higher,Married,Female,Private,28,high
59,High school,Married,Male,Private,40,low
61,Some college,Previously married,Female,Private,40,low
27,High school,Never married,Male,Self-employed,60,low
57,High school,Never married,Male,Self-employed,40,low
23,High school,Never married,Female,Private,24,low
32,High school,Married,Female,Private,51,low
21,High school,Never married,Male,Private,40,low
55,High school,Previously married,Female,Private,32,low
62,High school,Married,Female,Private,27,low
36,Some college,Married,Female,Private,60,high
20,High school,Never married,Male,Self-employed,30,low
66,High school,Married,Female,Private,40,low
33,Some college,Married,Female,Private,40,low
20,High school,Never married,Male,Private,40,low
34,No high school,Never married,Male,Private,40,low
49,Bachelor or higher,Previously married,Female,Private,14,low
23,Some college,Never married,Male,Private,44,low
58,Some college,Married,Female,Private,40,high
19,Some college,Never married,Male,Private,18,low
55,Bachelor or higher,Never married,Male,Private,43,low
53,High school,Married,Male,Private,40,low
40,No high school,Previously married,Female,Private,40,low
43,Bachelor or higher,Married,Male,Private,56,high
41,Some college,Married,Female,Private,57,low
32,No high school,Never married,Male,Private,33,low
31,Some college,Never married,Female,Private,30,low
31,High school,Never married,Male,Private,24,low
42,Bachelor or higher,Married,Male,Government,40,low
27,Some college,Never married,Female,Private,26,low
19,Some college,Never married,Male,Private,14,low
47,High school,Never married,Male,Private,73,low
29,Bachelor or higher,Married,Male,Private,45,high
35,High school,Never married,Female,Private,15,low
58,High school,Married,Male,Private,55,low
40,High school,Previously married,Female,Private,40,low
47,Some college,Never married,Female,Private,47,low
42,Some college,Previously married,Female,Private,40,low
59,No high school,Married,Male,Private,47,low
49,High school,Married,Female,Private,40,low
49,High school,Previously married,Female,Private,17,low
30,High school,Never married,Male,Private,40,low
45,Bachelor or higher,Married,Female,Private,52,high
49,High school,Married,Male,Private,46,low
39,Bachelor or higher,Married,Male,Government,57,low
29,High school,Previously married,Female,Private,40,low
22,No high school,Never married,Male,Private,16,low
22,Some college,Never married,Male,Private,35,low
25,Some college,Never married,Male,Private,14,low
48,High school,Married,Male,Private,49,low
16,Some college,Never married,Male,Private,20,low
36,High school,Previously married,Male,Private,40,low
31,Some college,Never married,Female,Private,45,low
50,High school,Married,Female,Private,40,low
56,Bachelor or higher,Married,Male,Private,40,high
47,Some college,Married,Female,Private,40,low
29,Bachelor or higher,Married,Male,Private,40,high
56,Bachelor or higher,Married,Female,Private,57,high
27,Some college,Never married,Female,Private,40,low
51,High school,Married,Male,Private,40,high
73,High school,Married,Male,Government,19,low
35,High school,Previously married,Female,Private,14,low
31,High school,Never married,Male,Self-employed,40,low
21,Some college,Never married,Female,Private,18,low
32,Some college,Never married,Male,Private,48,low
20,Some college,Never married,Male,Private,47,low
46,Some college,Married,Male,Private,56,high
48,Bachelor or higher,Married,Male,Private,59,high
45,Bachelor or higher,Married,Female,Private,47,high
32,High school,Married,Male,Private,33,low
22,No high school,Never married,Male,Private,47,low
28,Bachelor or higher,Married,Female,Private,45,high
29,Some college,Never married,Male,Private,17,low
30,High school,Never married,Male,Government,23,low
47,Bachelor or higher,Married,Male,Government,57,high
27,High school,Never married,Female,Private,24,low
33,High school,Previously married,Female,Private,40,low
21,No high school,Never married,Male,Private,48,low
53,High school,Married,Male,Private,60,low
34,No high school,Married,Male,Private,62,low
37,High school,Married,Male,Private,40,low
19,High school,Married,Male,Private,40,low
32,Bachelor or higher,Married,Male,Private,60,high
47,Some college,Never married,Female,Private,22,low
55,High school,Married,Male,Private,28,low
35,Bachelor or higher,Never married,Female,Private,40,low
45,Bachelor or higher,Married,Female,Private,40,high
45,Some college,Married,Male,Private,46,low
42,Bachelor or higher,Married,Male,Private,40,low
49,High school,Previously married,Female,Private,40,low
32,Bachelor or higher,Never married,Female,Government,40,low
47,Bachelor or higher,Previously married,Female,Private,46,low
31,Some college,Never married,Female,Private,40,low
32,High school,Married,Male,Private,58,low
19,Some college,Never married,Male,Private,40,low
52,High school,Previously married,Female,Government,40,low
32,Some college,Married,Male,Private,40,high
28,Some college,Married,Male,Private,40,low
49,Some college,Married,Female,Private,48,low
26,Some college,Never married,Female,Private,19,low
30,High school,Previously married,Female,Private,23,low
43,Some college,Never married,Female,Private,43,low
62,High school,Never married,Male,Private,40,low
27,Bachelor or higher,Married,Male,Private,40,low
19,No high school,Never married,Male,Private,40,low
29,Some college,Never married,Female,Private,40,low
58,High school,Married,Male,Private,40,low
51,High school,Married,Male,Government,54,low
29,High school,Married,Male,Private,40,low
34,Bachelor or higher,Never married,Male,Private,40,low
34,Bachelor or higher,Married,Male,Private,45,high
56,High school,Married,Female,Government,40,low
28,High school,Never married,Male,Private,40,low
47,High school,Married,Male,Government,59,high
34,Some college,Never married,Female,Private,25,low
32,Bachelor or higher,Never married,Female,Private,47,low
51,High school,Married,Male,Private,56,high
22,Some college,Never married,Male,Private,56,low
33,Bachelor or higher,Married,Male,Self-employed,40,high
37,High school,Married,Male,Private,40,low
53,High school,Previously married,Female,Private,27,low
58,High school,Married,Male,Self-employed,40,low
26,Some college,Never married,Female,Private,7,low
33,Some college,Married,Male,Private,53,high
38,High school,Married,Male,Self-employed,26,low
49,High school,Previously married,Male,Self-employed,40,low
31,High school,Never married,Female,Private,40,low
22,Some college,Never married,Female,Private,20,low
32,Bachelor or higher,Never married,Male,Private,40,low
22,Bachelor or higher,Never married,Male,Private,21,low
63,High school,Never married,Male,Government,28,low
34,Bachelor or higher,Never married,Female,Private,40,low
30,Bachelor or higher,Never married,Female,Private,47,high
31,High school,Previously married,Female,Private,40,low
65,No high school,Never married,Male,Private,40,low
35,High school,Never married,Male,Private,40,low
32,Bachelor or higher,Married,Male,Private,60,high
58,Bachelor or higher,Married,Female,Government,40,high
22,No high school,Never married,Female,Private,14,low
26,Some college,Never married,Male,Government,40,low
28,Some college,Never married,Male,Private,40,low
32,High school,Previously married,Male,Private,21,low
54,Bachelor or higher,Married,Male,Private,40,high
50,Bachelor or higher,Married,Male,Government,58,high
21,No high school,Never married,Male,Private,40,low
31,High school,Never married,Female,Private,40,low
49,High school,Married,Female,Private,63,low
60,High school,Married,Male,Government,40,low
27,High school,Never married,Female,Private,43,low
25,Some college,Never married,Female,Private,46,low
34,Some college,Never married,Male,Government,40,low
32,High school,Previously married,Female,Private,28,low
33,Some college,Never married,Male,Private,46,low
50,High school,Married,Male,Private,40,low
62,Bachelor or higher,Married,Male,Government,58,high
32,Bachelor or higher,Never married,Male,Private,24,low
51,Bachelor or higher,Married,Male,Private,47,high
31,High school,Married,Male,Private,40,high
41,High school,Married,Male,Government,60,high
23,High school,Never married,Male,Private,40,low
45,High school,Married,Male,Private,40,low
33,High school,Previously married,Female,Private,58,low
37,Some college,Never married,Male,Government,57,low
31,High school,Previously married,Female,Private,46,low
31,Bachelor or higher,Married,Female,Private,40,high
43,Some college,Previously married,Female,Private,48,low
49,Bachelor or higher,Married,Male,Private,40,high
23,No high school,Never married,Male,Private,28,low
35,High school,Married,Female,Private,24,high
60,Bachelor or higher,Married,Male,Private,40,high
35,High school,Never married,Male,Private,40,low
50,Bachelor or higher,Married,Male,Private,18,high
29,Some college,Never married,Male,Private,40,low
49,High school,Married,Female,Private,40,low
54,High school,Previously married,Female,Private,50,low
44,High school,Married,Male,Private,45,low
62,High school,Married,Male,Private,40,low
51,High school,Married,Female,Private,35,low
48,Some college,Previously married,Female,Private,40,low
20,High school,Never married,Male,Private,31,low
22,Some college,Never married,Female,Private,40,low
59,High school,Married,Male,Government,40,low
29,Some college,Never married,Female,Government,70,low
31,Some college,Never married,Female,Private,26,low
32,Bachelor or higher,Married,Female,Private,46,high
41,High school,Married,Male,Private,47,high
43,High school,Married,Female,Private,40,low
53,High school,Never married,Male,Self-employed,39,low
39,High school,Married,Male,Private,40,low
30,High school,Previously married,Female,Private,57,low
28,High school,Married,Male,Private,65,low
29,Bachelor or higher,Married,Male,Government,59,low
56,High school,Married,Male,Private,40,low
35,Some college,Never married,Female,Private,35,low
19,Some college,Never married,Male,Private,19,low
36,High school,Married,Male,Self-employed,45,low
31,No high school,Previously married,Female,Private,23,low
42,Bachelor or higher,Never married,Male,Private,46,high
36,High school,Married,Male,Private,40,low
24,No high school,Never married,Male,Private,24,low
57,High school,Married,Male,Private,58,low
23,Some college,Never married,Female,Private,40,low
54,High school,Married,Male,Private,71,low
50,High school,Married,Male,Private,40,low
22,High school,Never married,Male,Private,33,low
36,High school,Never married,Female,Private,40,low
55,High school,Married,Male,Private,40,low
19,Bachelor or higher,Never married,Female,Private,40,low
56,High school,Married,Male,Self-employed,57,low
24,Some college,Never married,Female,Private,9,low
50,High school,Married,Male,Private,40,low
53,Some college,Married,Female,Private,40,low
37,High school,Married,Male,Private,40,low
41,Bachelor or higher,Married,Male,Private,61,high
59,High school,Previously married,Male,Private,40,low
40,Some college,Never married,Male,Private,22,low
22,Some college,Never married,Male,Private,47,low
56,Bachelor or higher,Married,Female,Private,40,high
33,Some college,Married,Male,Government,46,low
29,No high school,Never married,Female,Private,45,low
51,High school,Married,Male,Private,40,low
33,High school,Married,Female,Private,31,low
31,Some college,Never married,Female,Private,21,low
30,Bachelor or higher,Never married,Female,Private,45,high
33,High school,Married,Male,Private,22,low
23,Some college,Never married,Male,Private,40,low
37,High school,Never married,Male,Government,35,low
54,Bachelor or higher,Married,Male,Private,53,high
56,No high school,Married,Male,Private,58,low
50,High school,Never married,Female,Government,47,low
33,High school,Never married,Male,Private,40,low
49,High school,Married,Female,Private,40,high
49,High school,Previously married,Female,Private,48,low
53,High school,Married,Female,Private,25,low
33,High school,Never married,Male,Private,23,low
20,Some college,Never married,Male,Private,24,low
45,Bachelor or higher,Married,Male,Private,59,high
32,High school,Never married,Male,Private,40,low
34,High school,Never married,Male,Private,40,low
22,Some college,Never married,Male,Private,40,low
33,Some college,Never married,Female,Private,40,low
23,High school,Never married,Female,Private,30,low
33,High school,Never married,Male,Private,40,low
50,No high school,Never married,Male,Private,27,low
30,Bachelor or higher,Married,Female,Private,14,high
38,Bachelor or higher,Married,Male,Government,45,high
42,High school,Married,Male,Self-employed,40,low
37,Bachelor or higher,Married,Male,Private,40,high
22,Some college,Never married,Female,Private,11,low
22,Some college,Never married,Male,Private,28,low
51,High school,Never married,Female,Private,46,low
50,Some college,Married,Female,Private,23,low
47,High school,Married,Male,Private,40,high
42,Bachelor or higher,Married,Male,Private,40,high
50,High school,Married,Male,Private,40,low
30,Some college,Never married,Male,Private,21,low
48,High school,Never married,Male,Private,46,low
24,High school,Never married,Female,Private,29,low
39,High school,Married,Female,Private,40,low
38,High school,Never married,Female,Private,22,low
29,Some college,Never married,Male,Private,51,low
43,Some college,Previously married,Female,Private,45,low
35,Some college,Previously married,Female,Private,40,low
55,Bachelor or higher,Married,Male,Government,71,high
28,Some college,Never married,Male,Private,46,low
28,High school,Married,Male,Self-employed,52,low
28,Some college,Never married,Female,Private,19,low
58,Some college,Never married,Female,Private,47,low
32,Bachelor or higher,Married,Male,Private,40,high
62,High school,Married,Female,Private,40,low
54,High school,Married,Male,Private,40,low
38,No high school,Married,Male,Private,40,low
40,High school,Married,Male,Private,40,low
55,High school,Married,Female,Government,54,low
58,High school,Married,Female,Private,40,high
63,High school,Previously married,Female,Private,40,low
30,High school,Never married,Female,Private,45,high
49,Bachelor or higher,Married,Female,Private,40,high
56,High school,Married,Male,Government,46,low
47,No high school,Married,Male,Private,40,low
51,Some college,Previously married,Female,Private,40,low
59,High school,Previously married,Female,Private,40,low
49,High school,Previously married,Male,Government,40,low
25,High school,Never married,Female,Private,20,low
39,High school,Previously married,Male,Self-employed,40,low
42,Bachelor or higher,Married,Female,Private,40,high
61,No high school,Married,Male,Private,59,low
33,Some college,Never married,Male,Private,30,low
56,High school,Married,Male,Private,18,low
32,High school,Never married,Female,Private,40,low
37,Bachelor or higher,Married,Male,Private,40,high
30,Some college,Married,Female,Private,46,high
44,High school,Married,Female,Private,50,low
31,Bachelor or higher,Never married,Female,Private,40,low
63,High school,Never married,Female,Government,48,high
43,High school,Married,Male,Private,52,high
33,Bachelor or higher,Married,Male,Government,40,high
43,Bachelor or higher,Married,Male,Private,40,high
52,High school,Never married,Male,Private,65,low
23,Some college,Never married,Male,Private,40,low
29,Some college,Never married,Female,Private,40,low
45,High school,Married,Male,Private,40,low
34,High school,Previously married,Female,Private,40,low
26,High school,Never married,Female,Private,40,low
35,Bachelor or higher,Never married,Female,Private,46,low
55,High school,Married,Female,Government,40,low
69,High school,Married,Male,Government,69,low
40,Bachelor or higher,Married,Male,Private,57,high
28,Some college,Never married,Male,Private,25,low
34,High school,Previously married,Male,Private,40,low
47,High school,Previously married,Female,Private,47,low
36,Bachelor or higher,Married,Female,Private,40,high
25,Some college,Never married,Female,Private,22,low
49,High school,Married,Male,Private,25,low
48,Bachelor or higher,Married,Female,Private,40,high
22,Some college,Never married,Male,Government,27,low
22,High school,Never married,Male,Private,47,low
41,Some college,Married,Female,Private,48,low
45,High school,Previously married,Female,Private,15,low
20,No high school,Never married,Male,Private,31,low
64,High school,Married,Female,Private,40,low
31,Some college,Never married,Male,Private,13,low
37,High school,Married,Male,Private,54,low
27,Some college,Married,Female,Private,28,low
41,High school,Never married,Female,Private,40,low
34,Bachelor or higher,Never married,Female,Government,54,high
36,Bachelor or higher,Married,Male,Government,58,high
33,High school,Never married,Male,Private,19,low
62,High school,Married,Female,Private,47,low
39,Some college,Married,Male,Private,40,low
29,Some college,Never married,Male,Private,44,low
28,Some college,Never married,Female,Private,20,low
55,High school,Previously married,Female,Private,40,low
34,High school,Married,Male,Private,40,low
30,High school,Married,Male,Private,47,low
31,Some college,Never married,Female,Private,47,low
30,Bachelor or higher,Never married,Male,Private,40,low
24,High school,Never married,Male,Private,40,low
35,Some college,Never married,Male,Private,47,low
39,High school,Never married,Male,Private,40,low
29,High school,Married,Male,Private,40,low
61,High school,Married,Male,Government,40,low
40,High school,Married,Male,Private,59,low
24,No high school,Never married,Female,Private,22,low
45,High school,Married,Male,Private,40,low
45,High school,Married,Male,Private,40,low
32,High school,Previously married,Female,Private,23,low
59,High school,Previously married,Female,Private,61,low
26,No high school,Never married,Male,Private,48,low
42,High school,Previously married,Female,Private,40,low
48,Bachelor or higher,Married,Male,Private,46,high
41,High school,Married,Male,Private,40,high
43,High school,Previously married,Female,Private,27,low
32,Bachelor or higher,Married,Male,Government,45,high
27,High school,Married,Female,Private,40,high
40,High school,Married,Female,Private,40,low
57,High school,Previously married,Female,Private,40,high
57,Bachelor or higher,Married,Male,Private,24,high
57,High school,Married,Male,Private,40,low
22,No high school,Never married,Female,Private,26,low
63,High school,Married,Male,Government,59,high
33,Some college,Never married,Male,Private,29,low
43,Some college,Married,Male,Government,40,high
34,High school,Married,Female,Private,46,low
41,High school,Never married,Male,Private,40,low
58,High school,Never married,Male,Private,52,low
36,High school,Previously married,Female,Private,40,low
47,High school,Never married,Male,Government,40,low
36,High school,Never married,Male,Private,40,low
65,High school,Married,Male,Private,40,low
42,Bachelor or higher,Married,Male,Private,40,high
50,High school,Previously married,Female,Private,20,low
58,Bachelor or higher,Married,Male,Government,56,high
71,High school,Married,Male,Private,40,low
37,High school,Never married,Male,Private,40,low
29,High school,Never married,Female,Private,40,low
28,High school,Married,Male,Private,31,low
57,No high school,Married,Male,Private,40,low
25,Some college,Never married,Male,Government,27,low
25,No high school,Never married,Male,Private,43,low
31,Bachelor or higher,Married,Male,Government,46,high
23,Some college,Never married,Male,Private,40,low
55,High school,Never married,Male,Private,60,high
35,Some college,Never married,Female,Private,40,low
34,High school,Previously married,Female,Private,23,low
33,Bachelor or higher,Never married,Male,Government,57,low
47,High school,Previously married,Female,Private,19,low
45,Bachelor or higher,Married,Female,Private,48,high
50,High school,Married,Female,Private,40,low
49,Some college,Previously married,Female,Private,23,low
31,Some college,Previously married,Female,Private,40,low
34,Bachelor or higher,Married,Male,Private,40,high
22,Some college,Never married,Male,Private,40,low
50,Some college,Married,Female,Private,26,high
46,High school,Married,Female,Private,40,low
17,Some college,Never married,Male,Private,45,low
49,High school,Never married,Female,Private,48,low
43,High school,Never married,Female,Private,47,low
34,Some college,Never married,Female,Private,17,low
32,No high school,Never married,Male,Private,40,low
28,Some college,Never married,Male,Private,47,low
31,High school,Married,Male,Private,40,low
36,Bachelor or higher,Never married,Female,Private,48,low
32,Some college,Never married,Female,Private,40,low
61,High school,Previously married,Female,Private,40,low
31,Some college,Never married,Female,Private,40,low
22,Some college,Never married,Male,Private,15,low
19,Some college,Never married,Male,Private,22,low
61,High school,Married,Male,Private,40,low
43,High school,Married,Male,Private,46,high
48,High school,Married,Male,Private,40,high
21,Some college,Never married,Male,Private,40,low
51,High school,Previously married,Female,Private,40,low
27,Some college,Never married,Male,Private,56,low
33,High school,Never married,Female,Private,40,high
57,Bachelor or higher,Married,Male,Private,59,low
45,High school,Married,Male,Private,18,low
21,Some college,Never married,Male,Private,46,low
52,Bachelor or higher,Married,Male,Private,45,low
34,Some college,Married,Male,Private,48,high
58,Bachelor or higher,Married,Male,Private,40,high
26,High school,Married,Male,Private,40,low
57,High school,Married,Male,Private,40,high
49,High school,Married,Male,Government,32,low
59,High school,Married,Female,Private,49,low
27,High school,Never married,Female,Private,50,low
44,High school,Married,Male,Self-employed,40,high
48,Bachelor or higher,Married,Male,Government,17,high
35,Some college,Never married,Female,Private,48,low
23,Bachelor or higher,Married,Male,Private,58,high
50,Some college,Never married,Female,Private,40,low
32,High school,Never married,Male,Private,49,low
23,Bachelor or higher,Married,Male,Private,40,low
67,High school,Never married,Male,Private,28,low
35,High school,Never married,Male,Government,26,low
35,High school,Never married,Male,Government,57,low
63,Bachelor or higher,Married,Male,Government,57,high
20,Some college,Never married,Male,Private,21,low
57,High school,Married,Male,Private,40,high
33,Some college,Never married,Female,Private,58,high
56,Bachelor or higher,Married,Male,Private,40,high
25,High school,Married,Female,Private,45,low
32,No high school,Never married,Male,Private,40,low
39,Some college,Never married,Female,Private,46,low
31,High school,Never married,Male,Government,59,low
35,High school,Previously married,Female,Private,40,low
30,High school,Previously married,Female,Private,46,low
23,Some college,Married,Male,Private,40,low
25,High school,Never married,Male,Self-employed,40,low
46,High school,Never married,Female,Private,40,low
40,No high school,Previously married,Female,Private,25,low
32,High school,Married,Male,Private,47,high
29,Some college,Never married,Female,Private,22,low
28,Bachelor or higher,Married,Female,Private,17,high
24,No high school,Never married,Male,Private,15,low
53,High school,Previously married,Female,Private,40,low
35,High school,Previously married,Female,Private,46,low
32,Some college,Never married,Female,Private,43,low
33,Bachelor or higher,Married,Male,Private,40,high
34,Some college,Never married,Male,Private,48,low
23,Some college,Never married,Male,Private,32,low
21,High school,Never married,Female,Private,27,low
32,Some college,Never married,Female,Private,23,low
37,High school,Previously married,Female,Private,46,low
51,High school,Married,Male,Private,40,low
32,Some college,Previously married,Female,Government,40,low
54,High school,Married,Male,Private,40,low
52,High school,Never married,Male,Government,40,low
33,Some college,Married,Male,Government,49,low
46,High school,Never married,Male,Private,40,low
42,Bachelor or higher,Married,Male,Private,40,high
30,Some college,Never married,Female,Private,40,low
41,Bachelor or higher,Married,Male,Private,40,high
54,High school,Never married,Male,Private,21,low
33,High school,Never married,Female,Private,46,low
20,Some college,Never married,Male,Private,40,low
30,High school,Never married,Male,Private,40,low
28,High school,Never married,Female,Private,46,low
34,High school,Married,Male,Private,41,high
52,No high school,Married,Male,Government,33,low
21,Bachelor or higher,Never married,Male,Private,45,low
27,Bachelor or higher,Married,Male,Private,56,high
56,High school,Married,Male,Private,71,low
68,High school,Married,Male,Private,40,low
29,Some college,Never married,Female,Private,30,low
58,High school,Married,Male,Private,40,low
35,Some college,Married,Female,Private,48,low
23,Some college,Never married,Male,Private,23,low
60,No high school,Never married,Male,Private,57,low
38,High school,Previously married,Female,Private,58,low
36,Bachelor or higher,Married,Female,Government,40,high
31,No high school,Married,Male,Private,40,low
34,Some college,Previously married,Female,Private,40,low
52,Bachelor or higher,Married,Female,Government,40,high
25,Bachelor or higher,Married,Male,Private,40,high
52,Some college,Never married,Female,Private,46,low
22,No high school,Never married,Male,Private,22,low
33,High school,Married,Male,Private,40,low
47,Some college,Never married,Female,Private,20,low
30,High school,Never married,Male,Private,40,low
22,Some college,Never married,Male,Private,22,low
31,Some college,Never married,Male,Private,56,low
34,High school,Married,Male,Private,40,low
28,High school,Never married,Female,Private,25,low
49,High school,Never married,Female,Private,47,low
63,Some college,Married,Female,Government,40,high
54,Bachelor or higher,Married,Female,Private,40,high
35,High school,Married,Male,Private,44,low
43,Some college,Never married,Male,Private,40,low
29,Bachelor or higher,Married,Female,Private,47,high
68,High school,Never married,Male,Government,24,low
31,Some college,Never married,Male,Private,28,low
32,Some college,Never married,Female,Private,59,low
50,No high school,Never married,Male,Private,57,low
58,High school,Married,Male,Private,40,low
33,Some college,Never married,Female,Private,24,low
21,Some college,Married,Male,Self-employed,40,low
32,Bachelor or higher,Never married,Male,Private,46,low
29,High school,Previously married,Female,Private,40,low
27,Some college,Married,Male,Private,40,high
45,Bachelor or higher,Married,Female,Private,50,high
33,High school,Never married,Female,Private,48,low
18,Some college,Never married,Female,Private,29,low
19,High school,Never married,Female,Private,40,low
21,Some college,Never married,Male,Private,3,low
24,Some college,Never married,Male,Private,40,low
73,Some college,Never married,Male,Private,40,low
53,No high school,Never married,Female,Private,40,low
69,High school,Married,Male,Private,59,low
46,No high school,Married,Male,Private,40,low
32,High school,Married,Female,Private,18,low
58,Some college,Married,Male,Private,61,high
44,Some college,Married,Male,Private,49,low
33,High school,Married,Male,Private,40,low
54,High school,Married,Female,Private,51,high
45,High school,Married,Male,Private,40,low
22,Some college,Never married,Male,Private,40,low
59,High school,Previously married,Female,Private,40,low
23,Some college,Married,Male,Private,23,low
30,High school,Previously married,Female,Self-employed,49,low
52,High school,Married,Male,Private,46,low
49,High school,Never married,Male,Private,60,low
32,No high school,Never married,Male,Private,40,low
27,High school,Never married,Female,Private,25,low
35,No high school,Never married,Male,Private,19,low
28,High school,Never married,Female,Private,24,low
47,High school,Married,Male,Self-employed,47,low
34,Some college,Married,Male,Private,40,low
47,Bachelor or higher,Married,Male,Private,40,high
48,Some college,Previously married,Female,Private,40,low
53,Bachelor or higher,Married,Male,Private,40,high
26,Bachelor or higher,Married,Male,Private,57,high
30,Bachelor or higher,Married,Male,Government,40,high
58,High school,Married,Male,Private,47,high
55,Bachelor or higher,Married,Male,Private,40,high
63,High school,Previously married,Female,Government,40,low
56,No high school,Married,Male,Self-employed,25,low
42,High school,Previously married,Female,Private,48,low
23,Bachelor or higher,Never married,Male,Private,40,low
33,Some college,Never married,Male,Private,48,low
22,Some college,Never married,Male,Private,40,low
35,Some college,Never married,Male,Private,40,low
31,Some college,Never married,Female,Private,23,low
35,Bachelor or higher,Married,Female,Private,40,high
54,High school,Never married,Male,Private,46,low
29,Some college,Never married,Female,Private,40,low
34,Some college,Married,Male,Private,55,low
53,High school,Previously married,Female,Private,40,low
62,High school,Never married,Female,Private,40,low
27,High school,Married,Male,Private,40,low
39,Some college,Previously married,Female,Private,56,low
47,High school,Married,Male,Private,40,low
30,Bachelor or higher,Married,Female,Private,62,high
32,Some college,Never married,Female,Private,23,low
64,High school,Married,Male,Private,40,low
53,High school,Married,Female,Private,40,high
21,No high school,Never married,Female,Private,47,low
51,Bachelor or higher,Married,Male,Private,57,high
33,Some college,Never married,Male,Private,62,low
52,Some college,Never married,Male,Private,15,low
59,High school,Never married,Male,Private,40,low
23,High school,Never married,Male,Private,18,low
62,No high school,Previously married,Male,Private,40,low
34,Bachelor or higher,Married,Male,Private,40,low
31,Some college,Never married,Male,Private,24,low
32,Some college,Never married,Female,Private,49,low
37,Some college,Never married,Male,Private,15,low
40,Bachelor or higher,Married,Female,Private,40,low
54,Bachelor or higher,Married,Male,Private,40,low
60,High school,Married,Male,Private,63,high
34,High school,Never married,Male,Private,42,low
59,High school,Married,Male,Government,28,high
30,Bachelor or higher,Married,Female,Private,51,high
30,Bachelor or higher,Married,Male,Government,46,high
50,High school,Married,Male,Private,40,high
48,High school,Married,Male,Private,40,low
29,High school,Never married,Male,Private,10,low
29,Some college,Never married,Female,Private,51,low
30,Some college,Never married,Female,Private,40,low
33,Bachelor or higher,Married,Male,Private,36,high
42,Some college,Previously married,Female,Private,48,low
36,No high school,Never married,Male,Private,62,low
46,High school,Married,Male,Private,76,high
62,High school,Married,Male,Private,27,low
62,High school,Married,Male,Private,23,low
26,Some college,Never married,Male,Private,29,low
33,High school,Married,Female,Self-employed,64,low
31,Bachelor or higher,Married,Female,Private,40,high
49,High school,Married,Female,Private,40,high
34,High school,Married,Male,Private,33,low
21,Some college,Never married,Female,Private,46,low
67,Some college,Previously married,Female,Private,40,low
24,No high school,Never married,Male,Private,25,low
49,Some college,Never married,Female,Private,40,low
32,Bachelor or higher,Previously married,Female,Private,47,low
60,High school,Previously married,Female,Private,16,low
60,Some college,Never married,Male,Private,45,low
23,Some college,Never married,Male,Private,40,low
54,Bachelor or higher,Married,Female,Private,40,high
38,Some college,Previously married,Female,Private,20,low
33,High school,Married,Male,Private,40,low
56,High school,Married,Male,Private,58,low
30,Bachelor or higher,Married,Male,Private,58,low
32,No high school,Never married,Male,Government,18,low
36,Bachelor or higher,Married,Male,Government,57,low
53,Bachelor or higher,Married,Male,Private,40,high
48,High school,Never married,Male,Private,23,low
54,High school,Married,Male,Private,40,low
62,Bachelor or higher,Married,Male,Private,40,low
24,High school,Never married,Male,Private,21,low
32,Some college,Previously married,Female,Private,40,low
51,High school,Never married,Male,Private,40,low
34,Some college,Never married,Male,Private,49,low
19,Some college,Never married,Male,Private,40,low
36,Some college,Previously married,Female,Private,26,low
30,Some college,Married,Male,Private,40,low
29,High school,Married,Male,Private,57,low
29,Some college,Never married,Male,Private,24,low
24,Some college,Previously married,Female,Private,23,low
31,Bachelor or higher,Married,Female,Private,40,high
40,High school,Married,Female,Private,58,low
44,High school,Married,Female,Private,40,low
22,Some college,Never married,Male,Private,25,low
52,High school,Previously married,Female,Private,40,low
38,Bachelor or higher,Married,Female,Private,40,high
39,High school,Married,Male,Private,59,low
58,High school,Married,Male,Private,28,low
32,Some college,Never married,Male,Private,20,low
32,High school,Previously married,Female,Private,40,low
32,Some college,Married,Male,Private,47,low
31,High school,Never married,Male,Private,26,low
21,Some college,Never married,Female,Private,48,low
48,Bachelor or higher,Married,Male,Government,40,high
30,High school,Never married,Male,Government,24,low
34,High school,Married,Female,Private,40,high
56,High school,Never married,Female,Self-employed,47,low
33,Some college,Never married,Male,Private,40,low
23,No high school,Married,Male,Private,40,low
32,High school,Never married,Male,Government,54,low
21,Some college,Never married,Male,Private,40,low
27,High school,Married,Male,Self-employed,57,low
49,High school,Married,Male,Private,40,low
55,High school,Married,Female,Government,40,low
31,No high school,Never married,Male,Private,54,low
45,Some college,Never married,Male,Private,47,low
23,Some college,Never married,Male,Private,18,low
31,Some college,Married,Male,Private,40,high
25,Some college,Never married,Female,Private,40,low
40,High school,Married,Male,Government,60,low
19,Some college,Never married,Male,Private,40,low
56,High school,Married,Male,Private,19,low
41,Bachelor or higher,Married,Female,Private,40,high
21,Some college,Never married,Male,Government,32,low
34,Bachelor or higher,Never married,Female,Private,40,high
37,High school,Never married,Female,Private,40,low
36,High school,Never married,Female,Private,48,low
55,High school,Never married,Female,Private,60,low
59,High school,Married,Male,Private,40,low
58,Bachelor or higher,Married,Male,Self-employed,58,low
31,High school,Married,Male,Private,20,high
58,High school,Married,Male,Private,54,low
35,Some college,Never married,Male,Private,64,low
33,High school,Never married,Male,Private,28,low
35,Bachelor or higher,Married,Male,Private,44,low
43,High school,Married,Male,Private,40,low
37,High school,Married,Male,Private,40,low
50,Bachelor or higher,Married,Male,Government,18,low
47,High school,Married,Male,Government,46,low
25,Some college,Never married,Female,Private,17,low
30,Some college,Never married,Female,Private,14,low
34,No high school,Never married,Male,Private,45,low
46,High school,Never married,Female,Private,46,low
31,No high school,Never married,Male,Private,40,low
43,High school,Married,Male,Private,40,low
22,High school,Never married,Male,Private,31,low
39,High school,Never married,Female,Private,30,low
22,Some college,Never married,Female,Private,40,low
28,High school,Never married,Male,Private,40,low
61,High school,Married,Male,Private,40,low
62,High school,Previously married,Female,Private,35,low
48,Bachelor or higher,Married,Male,Private,18,high
36,Some college,Married,Male,Government,40,low
51,High school,Never married,Male,Private,40,low
48,High school,Previously married,Female,Private,45,low
20,High school,Married,Male,Private,56,low
32,Some college,Never married,Male,Government,47,low
49,Bachelor or higher,Married,Male,Private,63,low
31,Bachelor or higher,Married,Male,Self-employed,40,high
48,High school,Married,Male,Private,17,high
32,High school,Never married,Female,Private,40,low
32,High school,Married,Female,Private,40,high
36,High school,Married,Male,Private,40,low
33,Bachelor or higher,Never married,Male,Private,40,low
58,High school,Previously married,Female,Private,29,low
33,Some college,Never married,Female,Private,47,low
63,Bachelor or higher,Married,Female,Private,45,high
58,High school,Married,Male,Government,24,high
57,Bachelor or higher,Married,Male,Private,21,high
54,Bachelor or higher,Married,Male,Private,58,high
48,Bachelor or higher,Married,Male,Private,58,high
34,High school,Married,Male,Private,40,high
52,Some college,Married,Male,Private,48,low
55,High school,Married,Male,Self-employed,40,high
55,High school,Previously married,Female,Private,48,low
33,High school,Previously married,Female,Private,50,low
31,High school,Never married,Male,Government,40,low
25,High school,Married,Male,Private,40,low
43,Bachelor or higher,Married,Male,Private,40,high
19,Some college,Never married,Female,Private,57,low
57,High school,Married,Female,Private,40,low
44,No high school,Married,Male,Private,40,low
32,High school,Married,Male,Private,40,low
73,Some college,Previously married,Female,Private,40,low
22,Some college,Never married,Male,Private,26,low
30,High school,Married,Female,Private,40,high
31,High school,Married,Male,Private,40,low
37,Bachelor or higher,Married,Male,Private,26,high
46,High school,Previously married,Female,Private,40,low
36,High school,Never married,Male,Private,40,low
55,Bachelor or higher,Married,Male,Government,40,high
50,High school,Married,Male,Government,57,high
62,High school,Married,Male,Private,60,low
37,High school,Married,Male,Government,59,low
52,Bachelor or higher,Married,Female,Private,40,low
51,Some college,Never married,Male,Private,26,low
55,High school,Married,Female,Private,48,low
55,High school,Married,Female,Private,40,low
46,Bachelor or higher,Never married,Female,Private,40,low
32,High school,Never married,Female,Private,34,low
65,High school,Married,Female,Private,40,low
33,No high school,Never married,Male,Private,20,low
21,High school,Never married,Male,Private,25,low
19,High school,Never married,Female,Government,67,low
31,Bachelor or higher,Married,Male,Private,40,high
30,High school,Married,Female,Private,57,low
23,No high school,Never married,Male,Private,40,low
27,High school,Previously married,Female,Private,40,low
29,Some college,Never married,Female,Private,19,low
24,High school,Never married,Male,Private,17,low
42,Bachelor or higher,Married,Male,Private,40,high
31,High school,Married,Male,Private,40,low
22,Some college,Never married,Male,Private,23,low
21,Some college,Never married,Male,Private,42,low
45,High school,Married,Male,Private,31,low
27,High school,Previously married,Female,Private,40,low
52,High school,Married,Male,Private,40,low
35,High school,Never married,Male,Private,40,low
32,Some college,Never married,Male,Private,44,low
38,High school,Never married,Female,Private,48,low
32,Some college,Never married,Female,Private,46,low
24,Some college,Never married,Male,Private,40,low
38,High school,Married,Female,Private,50,low
56,Some college,Previously married,Female,Private,48,low
43,Some college,Previously married,Female,Private,19,low
32,Some college,Married,Male,Private,40,low
25,High school,Never married,Male,Private,40,low
23,Some college,Never married,Female,Private,33,low
59,No high school,Married,Female,Government,57,low
40,Bachelor or higher,Married,Female,Private,44,high
45,Bachelor or higher,Married,Male,Private,40,high
28,Some college,Never married,Male,Private,24,low
28,Some college,Never married,Female,Private,16,low
31,Bachelor or higher,Married,Male,Private,46,high
52,Bachelor or higher,Married,Male,Private,52,high
33,Bachelor or higher,Never married,Male,Private,40,high
33,Bachelor or higher,Married,Male,Private,40,low
21,No high school,Never married,Male,Private,30,low
40,High school,Married,Male,Self-employed,23,low
22,High school,Never married,Male,Private,40,low
19,Some college,Never married,Female,Private,22,low
40,High school,Never married,Male,Private,62,low
44,Some college,Never married,Male,Private,40,low
23,High school,Never married,Male,Private,40,low
54,High school,Married,Male,Private,40,low
67,High school,Previously married,Female,Private,40,low
31,High school,Married,Male,Private,40,low
38,Some college,Never married,Female,Private,46,low
69,High school,Never married,Male,Private,24,low
34,High school,Married,Male,Private,27,low
28,No high school,Never married,Male,Private,44,low
48,High school,Never married,Male,Self-employed,39,low
56,High school,Married,Male,Private,40,low
33,Some college,Never married,Female,Private,18,low
44,Some college,Married,Male,Private,49,low
25,High school,Married,Male,Private,40,high
53,High school,Married,Male,Private,40,high
30,High school,Married,Male,Private,27,low
24,Some college,Never married,Male,Private,40,low
40,Bachelor or higher,Never married,Male,Private,56,low
31,Some college,Never married,Male,Private,21,low
30,High school,Never married,Male,Private,40,low
30,High school,Never married,Female,Private,45,low
60,Some college,Married,Male,Private,40,low
49,Some college,Never married,Female,Private,40,low
32,High school,Never married,Female,Private,40,low
50,Some college,Previously married,Female,Private,40,low
23,Some college,Never married,Female,Private,47,low
31,Some college,Married,Male,Private,40,low
29,High school,Married,Female,Private,40,low
34,High school,Previously married,Female,Government,22,low
64,High school,Previously married,Female,Private,45,low
44,High school,Previously married,Male,Private,40,low
55,High school,Married,Male,Self-employed,40,low
48,Bachelor or higher,Married,Male,Private,40,high
26,Some college,Never married,Female,Private,56,low
31,Bachelor or higher,Married,Male,Private,70,high
30,Bachelor or higher,Married,Male,Private,40,high
57,High school,Married,Male,Private,40,low
51,Bachelor or higher,Married,Male,Government,44,low
32,Some college,Never married,Female,Private,17,low
52,Bachelor or higher,Married,Male,Government,14,low
51,High school,Married,Male,Private,40,low
28,High school,Married,Male,Private,40,low
22,No high school,Never married,Male,Private,40,low
45,High school,Never married,Male,Private,20,low
25,Some college,Never married,Male,Private,59,low
62,High school,Previously married,Male,Private,40,low
22,No high school,Never married,Male,Private,47,low
44,Bachelor or higher,Married,Male,Private,47,high
48,High school,Never married,Male,Self-employed,40,low
60,Bachelor or higher,Married,Female,Government,54,high
58,High school,Married,Male,Private,40,high
41,Bachelor or higher,Never married,Female,Private,48,low
28,Some college,Never married,Male,Private,14,low
55,High school,Never married,Male,Private,48,low
31,High school,Married,Male,Private,22,low
46,High school,Previously married,Female,Private,23,low
31,Some college,Never married,Male,Private,40,low
50,Bachelor or higher,Married,Female,Private,40,high
51,High school,Previously married,Female,Private,40,low
53,Bachelor or higher,Married,Female,Private,40,high
50,Some college,Married,Male,Private,21,low
56,No high school,Married,Male,Private,28,high
56,Bachelor or higher,Married,Male,Private,40,high
57,High school,Married,Male,Self-employed,67,low
28,Some college,Never married,Male,Private,28,low
24,High school,Never married,Male,Private,40,low
48,Bachelor or higher,Married,Male,Private,40,high
31,High school,Married,Male,Private,40,low
25,Some college,Never married,Male,Private,40,low
64,High school,Previously married,Female,Private,9,low
35,Bachelor or higher,Married,Male,Government,40,high
51,High school,Married,Male,Private,56,high
64,Some college,Married,Male,Private,59,low
28,High school,Never married,Female,Private,57,low
49,High school,Married,Female,Self-employed,58,low
59,Bachelor or higher,Married,Male,Government,40,high
34,Bachelor or higher,Never married,Male,Private,29,low
48,High school,Married,Female,Private,40,low
37,High school,Never married,Male,Government,51,high
31,High school,Never married,Male,Private,40,low
48,High school,Married,Female,Private,40,low
45,Some college,Never married,Male,Private,24,low
39,Some college,Never married,Male,Private,59,low
46,Bachelor or higher,Married,Male,Private,40,high
32,Some college,Previously married,Male,Private,47,low
56,High school,Married,Female,Private,25,high
61,High school,Married,Female,Private,58,high
31,Some college,Never married,Female,Government,45,low
31,Some college,Married,Female,Private,59,low
43,Bachelor or higher,Married,Male,Private,40,high
42,High school,Never married,Female,Self-employed,40,low
31,Some college,Never married,Female,Private,44,low
53,Some college,Married,Female,Private,40,high
42,High school,Previously married,Female,Private,40,low
62,High school,Never married,Male,Private,30,low
44,High school,Previously married,Female,Private,40,low
27,Some college,Previously married,Female,Private,40,low
26,Bachelor or higher,Never married,Male,Private,25,low
55,High school,Married,Male,Private,40,low
34,High school,Never married,Male,Private,47,low
48,High school,Never married,Female,Private,40,low
44,No high school,Previously married,Male,Private,40,low
39,High school,Married,Female,Private,40,low
52,High school,Married,Male,Government,40,low
20,Some college,Never married,Male,Private,26,low
32,Some college,Never married,Male,Private,66,low
33,High school,Married,Male,Private,40,low
21,Some college,Never married,Female,Private,11,low
46,Some college,Married,Male,Self-employed,58,high
32,High school,Previously married,Female,Private,55,low
54,High school,Never married,Female,Private,40,low
27,High school,Married,Female,Private,48,high
65,Some college,Never married,Female,Government,28,low
29,Some college,Never married,Male,Government,61,low
20,Some college,Never married,Male,Private,48,low
30,Some college,Never married,Male,Government,47,low
58,High school,Never married,Female,Private,42,low
24,No high school,Never married,Male,Self-employed,29,low
55,High school,Married,Male,Government,66,low
61,High school,Married,Male,Private,35,low
47,High school,Never married,Female,Private,22,low
63,Bachelor or higher,Married,Female,Private,45,high
38,Some college,Married,Female,Private,29,low
44,Bachelor or higher,Married,Male,Private,40,low
29,High school,Never married,Female,Private,34,high
30,Some college,Never married,Female,Government,40,low
63,High school,Never married,Female,Private,49,low
34,No high school,Never married,Female,Self-employed,24,low
37,Some college,Never married,Female,Private,40,low
57,High school,Married,Male,Private,40,low
42,Bachelor or higher,Married,Male,Private,47,low
30,High school,Never married,Male,Private,40,low
50,Some college,Never married,Male,Private,31,low
51,Bachelor or higher,Previously married,Female,Private,40,high
36,Bachelor or higher,Never married,Female,Government,48,low
29,Bachelor or higher,Never married,Female,Self-employed,33,low
29,No high school,Married,Male,Private,59,low
29,High school,Married,Male,Private,40,high
21,Some college,Never married,Female,Private,25,low
22,Some college,Never married,Male,Private,49,low
34,High school,Never married,Female,Government,31,low
51,Some college,Never married,Female,Private,9,low
69,Some college,Married,Female,Government,40,high
41,Some college,Never married,Female,Private,31,low
38,High school,Married,Male,Government,66,low
35,Bachelor or higher,Married,Male,Private,59,high
33,No high school,Married,Male,Private,40,high
50,Some college,Married,Female,Private,40,low
23,No high school,Never married,Male,Private,32,low
52,No high school,Never married,Female,Private,40,low
28,No high school,Never married,Male,Private,48,low
47,Bachelor or higher,Married,Male,Private,40,high
61,Some college,Never married,Male,Government,15,low
50,Bachelor or higher,Married,Male,Self-employed,40,high
53,Some college,Never married,Female,Private,21,low
29,High school,Married,Male,Private,58,low
30,Some college,Never married,Female,Private,20,low
22,High school,Never married,Male,Private,40,low
44,High school,Previously married,Female,Private,36,low
46,High school,Married,Male,Private,32,low
29,High school,Never married,Male,Private,40,low
74,High school,Married,Male,Private,40,low
28,Bachelor or higher,Married,Male,Private,40,high
39,Bachelor or higher,Married,Male,Government,15,high
42,Bachelor or higher,Never married,Male,Government,70,low
22,Some college,Never married,Male,Private,40,low
53,High school,Previously married,Female,Private,40,low
49,Bachelor or higher,Married,Male,Private,58,high
22,Some college,Never married,Male,Private,40,low
29,Some college,Never married,Female,Private,47,low
27,High school,Married,Male,Private,56,low
33,High school,Never married,Male,Private,40,low
53,High school,Previously married,Female,Private,40,low
61,Some college,Married,Female,Private,65,low
53,High school,Married,Male,Private,16,low
23,Some college,Never married,Male,Private,19,low
51,High school,Married,Male,Private,40,high
52,Bachelor or higher,Married,Male,Government,50,high
59,Some college,Never married,Female,Private,25,low
46,Bachelor or higher,Married,Female,Private,48,high
33,High school,Never married,Male,Private,40,low
30,High school,Never married,Male,Private,31,low
47,High school,Married,Female,Self-employed,28,low
30,Some college,Never married,Female,Private,19,low
50,Some college,Married,Male,Government,24,low
62,High school,Married,Male,Private,19,low
51,Bachelor or higher,Married,Male,Private,58,high
54,High school,Married,Male,Private,19,low
32,High school,Never married,Female,Private,46,low
31,Some college,Never married,Female,Private,46,low
38,Some college,Previously married,Female,Private,16,low
45,Bachelor or higher,Married,Female,Private,57,high
45,High school,Married,Female,Private,46,high
21,Some college,Never married,Male,Private,21,low
33,No high school,Never married,Female,Private,25,low
35,High school,Never married,Male,Private,30,low
50,High school,Married,Female,Private,40,high
58,Bachelor or higher,Married,Male,Private,40,low
56,Bachelor or higher,Married,Male,Government,40,high
44,Some college,Married,Male,Self-employed,64,low
58,High school,Previously married,Female,Private,40,low
21,Bachelor or higher,Never married,Male,Private,14,low
24,Some college,Never married,Male,Private,40,low
43,High school,Previously married,Male,Private,57,low
32,Some college,Never married,Female,Private,19,low
57,High school,Married,Male,Private,65,low
32,High school,Never married,Female,Private,47,low
30,High school,Never married,Female,Private,15,low
31,Bachelor or higher,Never married,Male,Private,57,high
46,High school,Married,Male,Self-employed,40,low
44,Bachelor or higher,Married,Female,Private,45,high
25,High school,Married,Female,Private,40,low
31,Bachelor or higher,Married,Male,Private,40,low
40,No high school,Married,Male,Private,40,high
55,High school,Never married,Male,Private,40,low
31,High school,Married,Male,Private,60,low
31,Some college,Never married,Male,Private,27,low
28,Some college,Previously married,Female,Private,20,low
38,Some college,Never married,Male,Government,80,high
23,Some college,Married,Male,Private,25,low
57,High school,Previously married,Female,Private,21,low
53,Bachelor or higher,Married,Male,Government,47,high
32,High school,Previously married,Female,Private,47,high
31,Bachelor or higher,Married,Female,Private,40,high
46,Some college,Never married,Male,Private,47,low
37,Some college,Never married,Male,Private,40,low
34,High school,Previously married,Female,Private,40,low
33,High school,Never married,Female,Private,9,low
28,Bachelor or higher,Never married,Female,Private,29,low
41,High school,Previously married,Female,Private,40,low
47,Bachelor or higher,Never married,Female,Private,40,low
52,Some college,Never married,Male,Private,19,low
61,High school,Previously married,Female,Private,40,low
23,Some college,Never married,Female,Private,27,low
55,High school,Never married,Male,Private,49,low
36,No high school,Previously married,Female,Private,40,low
32,Some college,Never married,Female,Private,18,low
35,Some college,Married,Male,Private,40,low
34,Bachelor or higher,Never married,Male,Private,45,low
55,Bachelor or higher,Married,Female,Private,61,high
49,High school,Married,Female,Private,40,low
58,Some college,Never married,Male,Private,40,low
35,Bachelor or higher,Married,Female,Private,45,high
48,High school,Previously married,Female,Private,44,low
50,High school,Previously married,Female,Private,40,low
21,Some college,Never married,Female,Private,40,low
42,Bachelor or higher,Never married,Male,Private,46,low
47,High school,Married,Male,Private,40,low
45,Bachelor or higher,Married,Female,Government,40,high
30,High school,Never married,Female,Private,45,low
65,Some college,Married,Male,Government,40,low
30,High school,Never married,Male,Private,40,low
34,Bachelor or higher,Married,Male,Private,59,high
44,Some college,Married,Male,Private,40,high
24,High school,Never married,Female,Private,31,low
37,High school,Never married,Male,Self-employed,27,low
48,High school,Married,Male,Self-employed,18,low
58,High school,Married,Male,Private,40,low
46,High school,Married,Male,Private,66,high
33,High school,Never married,Female,Private,42,low
63,Some college,Previously married,Female,Private,40,low
33,High school,Never married,Female,Private,47,low
57,High school,Never married,Female,Private,40,high
24,High school,Previously married,Female,Private,25,low
59,High school,Married,Female,Government,49,low
50,High school,Never married,Female,Private,59,low
38,Bachelor or higher,Married,Female,Private,44,low
49,Bachelor or higher,Married,Male,Government,40,high
24,High school,Married,Male,Private,40,low
31,Bachelor or higher,Married,Male,Private,48,low
28,Some college,Never married,Male,Private,51,low
57,High school,Married,Male,Private,40,high
35,High school,Married,Male,Private,40,low
54,Bachelor or higher,Married,Male,Private,58,low
48,No high school,Never married,Female,Government,40,low
33,High school,Married,Male,Private,40,low
38,Bachelor or higher,Married,Male,Private,40,high
22,No high school,Never married,Male,Private,40,low
30,High school,Previously married,Female,Private,40,low
32,No high school,Never married,Male,Private,40,low
49,Bachelor or higher,Married,Male,Private,54,high
36,Bachelor or higher,Never married,Male,Private,46,low
55,High school,Married,Male,Private,40,low
44,No high school,Never married,Male,Private,48,low
53,High school,Previously married,Female,Private,29,low
50,High school,Never married,Female,Private,40,low
28,Some college,Never married,Male,Private,40,low
39,Some college,Previously married,Female,Private,40,high
33,Some college,Never married,Male,Private,40,low
31,Bachelor or higher,Married,Female,Private,40,low
76,Bachelor or higher,Married,Male,Government,57,low
47,Bachelor or higher,Married,Male,Government,40,high
21,Some college,Never married,Male,Private,48,low
22,High school,Never married,Female,Private,15,low
50,High school,Never married,Male,Private,25,low
35,Bachelor or higher,Married,Male,Private,55,high
19,Some college,Never married,Male,Private,40,low
48,High school,Married,Male,Private,40,low
64,Bachelor or higher,Married,Female,Private,52,high
30,Some college,Never married,Male,Private,49,low
33,Some college,Never married,Male,Private,40,low
43,High school,Previously married,Female,Private,40,low
22,Some college,Married,Male,Private,40,low
49,High school,Never married,Male,Private,47,low
46,High school,Married,Female,Private,23,high
32,High school,Never married,Female,Private,40,low
32,High school,Never married,Female,Private,19,low
21,Some college,Never married,Male,Private,40,low
44,High school,Married,Male,Private,40,high
32,Some college,Married,Male,Private,40,high
30,High school,Never married,Male,Private,40,low
23,High school,Previously married,Female,Private,40,low
42,Bachelor or higher,Married,Male,Private,40,high
57,High school,Never married,Female,Private,45,low
37,Bachelor or higher,Married,Male,Private,55,high
57,Bachelor or higher,Married,Male,Private,55,high
43,Bachelor or higher,Married,Male,Self-employed,40,high
33,Bachelor or higher,Married,Male,Private,47,high
29,Some college,Never married,Female,Private,43,low
63,Bachelor or higher,Married,Male,Government,58,low
50,High school,Never married,Male,Private,17,low
28,No high school,Married,Male,Private,40,low
41,High school,Married,Female,Private,46,low
45,Some college,Married,Male,Private,48,low
44,Some college,Married,Female,Government,40,low
50,High school,Married,Female,Private,40,high
30,Bachelor or higher,Never married,Male,Private,47,low
60,High school,Married,Male,Private,58,high
35,Some college,Married,Female,Government,40,high
44,Bachelor or higher,Married,Female,Government,40,high
34,High school,Never married,Male,Private,40,low
35,Bachelor or higher,Married,Male,Government,58,high
36,Some college,Married,Female,Government,57,high
34,Bachelor or higher,Married,Female,Private,40,high
22,No high school,Never married,Male,Private,30,low
39,High school,Previously married,Female,Private,40,low
60,Bachelor or higher,Married,Female,Private,40,high
29,Some college,Married,Male,Private,40,low
51,Bachelor or higher,Married,Male,Government,49,high
31,Bachelor or higher,Married,Male,Private,40,high
30,High school,Never married,Female,Private,40,low
65,High school,Married,Female,Private,40,high
43,High school,Married,Female,Private,40,high
49,High school,Previously married,Female,Private,44,low
49,Bachelor or higher,Married,Female,Private,46,high
79,Bachelor or higher,Married,Male,Government,48,high
51,High school,Previously married,Female,Private,45,low
33,High school,Previously married,Female,Private,40,low
51,High school,Previously married,Female,Private,40,low
26,Some college,Never married,Female,Private,24,low
27,Bachelor or higher,Married,Male,Private,40,low
30,High school,Never married,Male,Self-employed,61,low
41,Bachelor or higher,Married,Female,Private,46,high
31,Some college,Previously married,Female,Private,40,low
20,Some college,Never married,Male,Private,45,low
29,Some college,Never married,Male,Private,30,low
21,Some college,Never married,Male,Private,40,low
60,High school,Married,Male,Self-employed,32,low
47,High school,Previously married,Female,Private,40,low
53,High school,Previously married,Female,Private,40,low
55,Bachelor or higher,Married,Female,Private,47,high
34,High school,Never married,Male,Private,25,low
54,No high school,Previously married,Male,Private,76,low
35,Bachelor or higher,Married,Male,Government,58,high
53,High school,Married,Male,Private,56,high
58,Bachelor or higher,Married,Female,Government,40,low
31,No high school,Never married,Male,Private,40,low
33,High school,Married,Male,Private,40,low
41,High school,Married,Male,Government,40,low
22,Some college,Never married,Male,Private,26,low
45,High school,Previously married,Female,Private,40,low
49,High school,Married,Male,Self-employed,40,low
31,High school,Married,Male,Private,62,high
49,No high school,Previously married,Female,Private,35,low
40,High school,Previously married,Female,Private,29,low
31,High school,Previously married,Male,Private,40,low
54,High school,Married,Male,Private,40,low
22,Some college,Never married,Male,Private,30,low
45,Bachelor or higher,Married,Male,Private,40,low
20,High school,Never married,Male,Private,23,low
20,Some college,Never married,Male,Private,30,low
41,Bachelor or higher,Married,Male,Private,51,low
53,High school,Married,Male,Private,57,low
26,Some college,Never married,Female,Private,40,low
62,High school,Married,Female,Private,47,high
56,High school,Married,Male,Private,60,low
54,High school,Married,Male,Self-employed,53,low
43,High school,Never married,Male,Private,40,low
22,High school,Married,Male,Private,40,low
56,High school,Married,Male,Private,40,low
31,High school,Married,Male,Self-employed,66,low
18,Some college,Never married,Male,Private,33,low
68,Bachelor or higher,Married,Female,Private,40,high
36,High school,Previously married,Female,Private,40,low
35,No high school,Never married,Male,Private,30,low
56,Bachelor or higher,Never married,Female,Government,34,low
32,No high school,Married,Male,Private,40,low
22,High school,Never married,Male,Private,46,low
29,Bachelor or higher,Married,Male,Private,56,high
62,Bachelor or higher,Married,Male,Government,40,high
45,Some college,Married,Female,Self-employed,25,low
26,Some college,Never married,Male,Private,19,low
48,Some college,Married,Male,Private,45,low
47,High school,Married,Male,Private,40,high
31,High school,Previously married,Female,Private,40,low
53,High school,Married,Male,Private,70,low
22,Some college,Never married,Male,Private,15,low
43,High school,Married,Male,Private,40,low
49,High school,Married,Male,Government,54,low
42,Bachelor or higher,Married,Male,Private,59,high
35,Some college,Never married,Female,Private,40,low
54,High school,Previously married,Female,Private,40,low
25,Some college,Never married,Male,Private,40,low
43,Bachelor or higher,Married,Female,Private,40,high
46,High school,Married,Male,Private,40,low
33,Some college,Previously married,Female,Private,49,low
39,Bachelor or higher,Married,Female,Private,15,high
55,Bachelor or higher,Previously married,Female,Private,40,low
28,High school,Married,Male,Private,40,low
45,High school,Married,Female,Private,40,low
30,High school,Married,Male,Self-employed,54,low
34,High school,Previously married,Female,Private,45,low
43,High school,Previously married,Female,Private,40,low
67,Some college,Never married,Female,Government,47,low
23,High school,Never married,Male,Private,47,low
23,No high school,Never married,Male,Private,49,low
27,Some college,Married,Male,Private,46,low
30,No high school,Never married,Male,Private,40,low
50,High school,Married,Male,Private,40,low
36,High school,Married,Male,Self-employed,40,low
30,Bachelor or higher,Married,Female,Private,20,high
37,High school,Married,Female,Private,40,high
54,High school,Previously married,Female,Private,40,low
27,High school,Married,Male,Private,40,low
25,High school,Never married,Male,Private,26,low
25,Some college,Never married,Male,Private,45,low
42,Bachelor or higher,Never married,Female,Private,40,low
23,Some college,Never married,Male,Private,24,low
63,High school,Previously married,Female,Private,40,low
25,High school,Never married,Male,Government,40,low
47,High school,Married,Male,Private,40,low
32,Some college,Never married,Female,Private,22,low
56,Bachelor or higher,Married,Male,Private,40,high
21,Some college,Never married,Male,Private,28,low
37,High school,Previously married,Female,Private,48,low
47,Bachelor or higher,Married,Male,Government,59,high
31,Some college,Never married,Male,Private,49,low
36,High school,Never married,Female,Private,20,low
44,No high school,Married,Male,Government,25,low
24,High school,Never married,Male,Private,41,low
35,Some college,Never married,Female,Private,40,low
29,High school,Married,Male,Private,40,low
31,Some college,Never married,Female,Private,40,low
29,No high school,Never married,Female,Private,20,low
33,Some college,Never married,Female,Private,48,low
31,High school,Never married,Female,Private,50,low
29,Bachelor or higher,Previously married,Female,Private,40,low
30,High school,Never married,Male,Private,40,low
55,Bachelor or higher,Married,Male,Private,45,high
33,Some college,Never married,Female,Private,48,low
42,Bachelor or higher,Married,Male,Private,40,high
21,High school,Married,Male,Private,25,low
48,High school,Married,Male,Private,40,high
48,High school,Married,Male,Private,58,low
43,Bachelor or higher,Married,Male,Private,48,high
62,High school,Previously married,Female,Private,40,low
30,High school,Married,Male,Self-employed,58,high
57,Bachelor or higher,Married,Male,Government,40,high
47,High school,Married,Male,Private,40,low
31,Some college,Never married,Female,Private,20,low
31,Some college,Never married,Male,Private,40,low
20,Some college,Never married,Male,Private,40,low
31,Bachelor or higher,Married,Male,Private,40,high
19,Some college,Never married,Female,Private,40,low
29,Some college,Never married,Male,Private,21,low
23,High school,Never married,Female,Private,46,low
54,High school,Previously married,Female,Private,40,low
47,Bachelor or higher,Never married,Male,Government,48,low
40,Bachelor or higher,Previously married,Female,Private,40,low
32,Bachelor or higher,Never married,Male,Private,40,low
38,Some college,Married,Male,Government,59,high
31,Bachelor or higher,Married,Male,Private,40,high
18,Some college,Never married,Female,Private,26,low
21,No high school,Never married,Male,Private,22,low
36,Bachelor or higher,Married,Male,Government,55,high
51,High school,Previously married,Female,Private,47,low
48,Bachelor or higher,Married,Male,Government,40,low
30,High school,Never married,Male,Government,40,low
53,High school,Previously married,Female,Private,40,low
57,Bachelor or higher,Married,Male,Private,40,high
29,Bachelor or higher,Married,Male,Private,40,high
35,Some college,Married,Male,Private,40,high
34,High school,Previously married,Female,Government,48,low
33,Bachelor or higher,Married,Female,Private,40,high
59,High school,Married,Female,Private,40,low
28,No high school,Never married,Male,Private,40,low
32,Bachelor or higher,Married,Male,Government,40,low
31,High school,Previously married,Female,Private,52,low
66,Bachelor or higher,Married,Male,Government,79,low
31,High school,Previously married,Female,Private,18,low
59,High school,Previously married,Female,Private,40,low
32,Bachelor or higher,Never married,Female,Private,40,low
36,High school,Never married,Female,Private,40,low
39,High school,Never married,Female,Private,40,low
35,Some college,Never married,Female,Government,26,low
47,High school,Married,Male,Private,40,high
25,Some college,Never married,Female,Private,40,low
51,High school,Married,Male,Private,40,high
32,High school,Never married,Female,Private,45,low
29,Bachelor or higher,Married,Male,Private,23,high
56,Bachelor or higher,Married,Male,Private,40,high
49,Some college,Married,Male,Private,58,low
24,Bachelor or higher,Never married,Male,Private,40,low
32,No high school,Never married,Female,Private,22,low
20,Some college,Never married,Male,Private,15,low
29,Bachelor or higher,Never married,Male,Private,49,low
24,Some college,Never married,Male,Private,24,low
31,High school,Never married,Female,Private,40,low
41,Some college,Previously married,Female,Private,43,low
37,Bachelor or higher,Married,Female,Private,26,high
58,Some college,Married,Male,Self-employed,40,low
33,Some college,Never married,Female,Private,26,low
23,High school,Never married,Male,Private,28,low
32,Bachelor or higher,Married,Male,Private,57,high
20,High school,Never married,Male,Private,12,low
32,Bachelor or higher,Married,Male,Private,40,high
52,Bachelor or higher,Married,Male,Self-employed,40,low
34,High school,Married,Male,Private,40,low
24,High school,Married,Male,Private,50,low
26,Some college,Never married,Female,Private,19,low
32,High school,Previously married,Female,Private,40,low
46,Bachelor or higher,Married,Female,Private,24,high
45,Some college,Married,Male,Private,40,high
22,High school,Never married,Male,Private,58,low
36,Some college,Never married,Male,Private,18,low
49,Bachelor or higher,Married,Male,Government,54,low
30,High school,Never married,Female,Private,25,low
30,Bachelor or higher,Never married,Female,Private,40,low
23,No high school,Never married,Male,Private,66,low
48,High school,Previously married,Female,Private,63,low
33,No high school,Never married,Female,Private,46,low
21,No high school,Never married,Male,Private,19,low
36,Bachelor or higher,Married,Male,Private,57,high
28,High school,Never married,Female,Private,40,low
19,Some college,Never married,Female,Private,47,low
59,High school,Married,Male,Private,21,low
59,High school,Married,Female,Private,23,low
51,High school,Married,Male,Private,62,low
43,Bachelor or higher,Married,Male,Private,40,high
45,High school,Married,Male,Private,27,low
36,High school,Married,Male,Private,40,low
56,Bachelor or higher,Married,Male,Self-employed,56,high
34,Some college,Never married,Female,Private,40,low
62,Bachelor or higher,Married,Male,Government,40,high
32,High school,Previously married,Female,Private,15,low
55,High school,Previously married,Male,Private,40,low
34,High school,Married,Male,Private,40,low
60,High school,Married,Male,Private,40,high
33,High school,Previously married,Male,Private,29,low
22,Some college,Never married,Male,Government,25,high
51,No high school,Married,Female,Private,45,low
57,High school,Previously married,Female,Private,40,low
56,No high school,Married,Male,Private,40,low
36,Bachelor or higher,Never married,Male,Private,40,low
49,Bachelor or higher,Married,Female,Private,47,high
21,Some college,Never married,Male,Private,17,low
58,High school,Married,Male,Private,40,low
24,No high school,Never married,Male,Private,13,low
36,High school,Married,Male,Private,57,low
33,Some college,Never married,Female,Private,45,low
60,Bachelor or higher,Married,Female,Private,40,high
30,Some college,Previously married,Male,Private,40,low
55,High school,Married,Male,Private,43,low
36,Some college,Never married,Male,Private,44,low
47,High school,Married,Male,Private,40,low
50,High school,Married,Male,Private,40,low
20,No high school,Married,Male,Self-employed,58,low
31,High school,Previously married,Female,Private,19,low
27,High school,Never married,Female,Private,20,low
29,High school,Never married,Male,Government,31,low
50,No high school,Married,Male,Private,40,low
46,Bachelor or higher,Married,Male,Private,48,high
42,Bachelor or higher,Married,Male,Private,40,high
35,Bachelor or higher,Married,Male,Private,40,high
41,High school,Previously married,Female,Private,45,low
48,Bachelor or higher,Married,Male,Government,62,high
33,High school,Married,Male,Government,47,low
48,High school,Married,Male,Private,40,low
25,No high school,Never married,Male,Private,32,low
33,High school,Married,Male,Private,40,low
21,Some college,Never married,Female,Private,45,low
24,Some college,Never married,Male,Private,18,low
31,Some college,Never married,Male,Private,18,low
33,Some college,Never married,Female,Private,40,low
45,Bachelor or higher,Married,Male,Private,40,low
45,High school,Married,Male,Private,47,low
55,High school,Married,Female,Private,40,low
53,Bachelor or higher,Married,Male,Government,40,high
46,High school,Previously married,Female,Private,26,low
25,Some college,Never married,Male,Private,40,low
21,Some college,Never married,Male,Private,21,low
21,No high school,Never married,Male,Private,25,low
43,Some college,Never married,Male,Government,40,high
48,High school,Previously married,Female,Private,40,low
54,Bachelor or higher,Married,Female,Private,40,low
63,Some college,Married,Male,Government,60,low
47,No high school,Married,Female,Private,40,low
40,Some college,Married,Male,Private,46,high
59,Bachelor or higher,Married,Male,Private,40,high
43,High school,Never married,Female,Private,19,low
57,Bachelor or higher,Married,Male,Private,40,high
31,Some college,Never married,Male,Private,40,low
44,Bachelor or higher,Married,Male,Private,40,high
63,Bachelor or higher,Married,Male,Private,40,high
30,Bachelor or higher,Never married,Female,Private,40,low
51,High school,Married,Male,Private,15,low
58,Some college,Married,Male,Government,21,low
33,High school,Never married,Female,Private,18,low
35,Bachelor or higher,Married,Female,Government,49,low
58,Some college,Previously married,Female,Private,40,low
63,High school,Married,Male,Private,22,low
41,High school,Never married,Female,Private,49,high
52,High school,Married,Male,Private,52,high
23,Some college,Never married,Female,Private,18,low
42,Some college,Married,Female,Private,40,high
51,High school,Previously married,Male,Private,40,low
47,Some college,Married,Male,Government,56,high
40,Bachelor or higher,Married,Male,Private,58,high
49,High school,Never married,Female,Private,40,low
31,High school,Married,Male,Private,28,low
24,Some college,Never married,Female,Private,48,low
32,High school,Never married,Male,Private,25,low
57,High school,Previously married,Female,Private,37,low
44,Some college,Married,Female,Private,40,high
33,Some college,Never married,Female,Private,48,low
33,High school,Never married,Female,Private,40,low
29,High school,Never married,Female,Private,58,low
27,Some college,Never married,Female,Private,43,low
29,Some college,Never married,Male,Self-employed,50,low
43,High school,Previously married,Male,Private,30,low
32,Bachelor or higher,Married,Male,Private,46,low
47,High school,Married,Male,Private,46,low
49,Bachelor or higher,Married,Male,Private,57,high
34,Bachelor or higher,Married,Male,Private,64,high
31,Bachelor or higher,Married,Male,Private,45,high
22,No high school,Never married,Female,Private,24,low
53,High school,Previously married,Male,Private,40,low
31,Bachelor or higher,Married,Male,Private,66,high
32,Bachelor or higher,Married,Male,Private,40,high
48,High school,Married,Female,Private,40,low
23,High school,Never married,Male,Private,49,low
39,Bachelor or higher,Married,Female,Private,57,high
47,High school,Married,Female,Private,40,low
55,High school,Married,Male,Private,40,low
61,High school,Never married,Male,Private,40,low
32,Bachelor or higher,Married,Male,Private,40,high
54,High school,Previously married,Male,Private,40,low
28,Bachelor or higher,Married,Male,Private,64,high
29,Some college,Never married,Male,Private,40,low
55,Some college,Married,Male,Private,50,high
46,Bachelor or higher,Married,Male,Private,40,high
55,Bachelor or higher,Married,Male,Private,60,high
53,Some college,Never married,Male,Private,48,low
37,Bachelor or higher,Married,Female,Private,40,high
61,High school,Married,Female,Government,40,high
25,High school,Never married,Female,Private,15,low
22,High school,Married,Female,Private,58,low
29,Some college,Never married,Female,Private,23,low
29,Some college,Never married,Female,Private,40,low
59,Some college,Never married,Male,Private,40,low
26,Bachelor or higher,Never married,Female,Private,40,low
23,Some college,Never married,Male,Private,40,low
21,High school,Never married,Male,Private,40,low
58,High school,Previously married,Female,Private,40,low
60,High school,Previously married,Female,Private,45,low
55,Bachelor or higher,Married,Male,Government,57,high
30,Bachelor or higher,Previously married,Female,Private,32,low
36,Some college,Previously married,Female,Government,66,low
30,Some college,Never married,Male,Private,40,low
68,Bachelor or higher,Never married,Female,Private,23,low
39,High school,Married,Female,Private,40,low
31,High school,Never married,Male,Government,19,low
48,Some college,Married,Male,Government,58,low
38,No high school,Never married,Male,Private,40,low
54,High school,Married,Female,Private,40,low
24,Some college,Never married,Male,Private,40,low
22,Some college,Never married,Female,Government,71,low
53,High school,Never married,Male,Private,40,low
29,No high school,Married,Male,Private,40,low
52,High school,Previously married,Male,Private,40,low
45,High school,Never married,Female,Government,46,low
42,High school,Never married,Female,Private,49,low
59,High school,Married,Male,Self-employed,58,low
26,Some college,Never married,Male,Private,26,low
22,No high school,Never married,Female,Private,48,low
62,High school,Previously married,Female,Private,27,low
63,Bachelor or higher,Married,Male,Private,48,high
53,Bachelor or higher,Married,Male,Private,40,low
58,High school,Previously married,Male,Private,33,low
30,High school,Never married,Male,Private,66,low
60,High school,Previously married,Female,Private,18,low
29,High school,Never married,Male,Government,40,low
30,High school,Married,Male,Private,40,low
35,High school,Married,Female,Private,28,low
61,Bachelor or higher,Married,Male,Private,40,low
54,Bachelor or higher,Married,Male,Private,40,high
31,Bachelor or higher,Married,Male,Government,26,high
35,Some college,Never married,Female,Private,32,low
47,Bachelor or higher,Married,Male,Private,40,high
59,High school,Married,Male,Private,40,low
41,Bachelor or higher,Married,Female,Government,40,high
35,Some college,Never married,Male,Private,40,low
37,Some college,Married,Female,Private,40,low
35,No high school,Never married,Male,Private,57,low
26,High school,Never married,Male,Private,58,low
32,Some college,Never married,Female,Private,47,low
57,High school,Married,Female,Private,60,low
40,High school,Previously married,Female,Private,40,low
52,High school,Married,Male,Self-employed,61,low
31,Some college,Never married,Male,Private,22,low
59,High school,Married,Female,Private,40,high
20,Some college,Never married,Male,Private,71,low
57,Bachelor or higher,Married,Female,Private,40,high
38,High school,Never married,Female,Government,29,low
63,Bachelor or higher,Married,Male,Government,55,high
55,High school,Previously married,Female,Private,55,low
54,Bachelor or higher,Married,Male,Private,40,high
35,Some college,Never married,Female,Private,28,low
48,High school,Married,Female,Private,40,low
52,High school,Never married,Female,Private,40,low
50,Bachelor or higher,Married,Male,Private,57,high
52,Some college,Married,Male,Government,69,high
55,Bachelor or higher,Married,Male,Private,55,high
56,Bachelor or higher,Married,Male,Private,56,high
26,High school,Previously married,Male,Private,40,low
36,High school,Never married,Male,Private,40,low
54,Bachelor or higher,Married,Female,Government,56,high
32,High school,Previously married,Female,Private,54,low
29,Some college,Never married,Male,Private,57,low
34,Bachelor or higher,Married,Male,Government,40,low
30,Some college,Never married,Female,Private,22,low
50,High school,Married,Male,Private,40,low
36,Some college,Never married,Female,Private,35,low
28,High school,Never married,Female,Private,40,low
42,Bachelor or higher,Married,Female,Private,40,high
32,High school,Never married,Male,Private,15,low
55,High school,Never married,Female,Private,40,low
30,No high school,Never married,Male,Private,40,low
47,Bachelor or higher,Married,Male,Private,60,low
45,High school,Previously married,Female,Private,29,low
34,Bachelor or higher,Married,Female,Government,56,high
57,No high school,Married,Male,Government,40,high
42,Some college,Previously married,Female,Private,19,low
33,Some college,Married,Male,Self-employed,59,low
63,Bachelor or higher,Married,Male,Private,58,high
40,Bachelor or higher,Married,Male,Private,40,high
55,Bachelor or higher,Married,Male,Government,61,high
29,Bachelor or higher,Married,Female,Private,40,high
33,No high school,Never married,Male,Private,40,low
31,No high school,Never married,Male,Private,40,low
42,High school,Previously married,Female,Private,46,low
32,High school,Married,Male,Private,40,low
36,Some college,Never married,Male,Private,24,low
45,High school,Married,Male,Private,33,high
35,Bachelor or higher,Married,Male,Private,40,high
59,High school,Previously married,Female,Private,13,low
34,High school,Never married,Female,Private,33,low
39,Some college,Never married,Female,Government,27,low
34,High school,Married,Male,Self-employed,40,low
33,Bachelor or higher,Never married,Male,Government,32,low
42,Some college,Married,Female,Private,9,high
59,High school,Married,Female,Private,58,low
37,Bachelor or higher,Never married,Female,Private,28,high
44,High school,Married,Male,Private,57,low
55,High school,Never married,Female,Private,40,low
21,Some college,Never married,Female,Private,25,low
36,Bachelor or higher,Married,Male,Private,40,high
62,No high school,Never married,Male,Private,67,low
50,High school,Married,Male,Private,60,low
20,High school,Never married,Male,Private,40,low
23,Some college,Never married,Male,Private,49,low
31,Some college,Never married,Female,Private,40,low
28,No high school,Never married,Male,Private,57,low
23,Some college,Never married,Female,Private,45,low
55,High school,Married,Male,Private,40,low
64,Bachelor or higher,Married,Male,Government,40,low
21,High school,Never married,Male,Private,28,low
55,High school,Married,Male,Private,67,low
31,High school,Married,Male,Private,40,low
62,Bachelor or higher,Married,Male,Private,40,high
68,High school,Previously married,Female,Private,40,low
38,Bachelor or higher,Married,Female,Private,44,high
30,No high school,Married,Male,Private,60,high
27,Bachelor or higher,Never married,Female,Private,40,high
59,High school,Never married,Female,Government,30,low
20,Some college,Never married,Female,Private,4,low
34,Some college,Never married,Female,Private,24,low
55,Some college,Never married,Male,Private,56,low
48,No high school,Married,Female,Private,50,low
64,High school,Married,Male,Private,40,low
42,High school,Married,Female,Private,45,low
47,High school,Married,Male,Self-employed,40,low
34,High school,Previously married,Female,Private,40,low
50,High school,Previously married,Female,Private,40,low
57,High school,Married,Male,Private,46,low
27,Bachelor or higher,Never married,Female,Private,40,low
51,Bachelor or higher,Married,Male,Private,40,high
63,High school,Previously married,Female,Private,40,low
52,High school,Never married,Male,Private,40,low
30,Some college,Never married,Female,Government,24,low
31,Some college,Never married,Female,Private,34,low
18,Some college,Never married,Male,Private,11,low
45,Bachelor or higher,Married,Female,Private,40,high
40,High school,Previously married,Female,Private,27,low
55,High school,Married,Female,Private,40,low
33,Some college,Never married,Male,Private,40,low
59,High school,Never married,Male,Government,60,low
54,Some college,Never married,Female,Private,40,low
33,Bachelor or higher,Never married,Male,Government,21,low
56,Bachelor or higher,Previously married,Female,Private,40,low
34,Some college,Married,Male,Private,40,low
45,High school,Married,Female,Private,40,low
30,Bachelor or higher,Married,Male,Private,39,high
21,Some college,Never married,Male,Private,35,low
47,High school,Never married,Female,Private,40,low
58,High school,Married,Male,Private,40,low
44,High school,Married,Male,Private,40,low
19,No high school,Never married,Male,Private,45,low
35,Bachelor or higher,Married,Male,Private,21,low
27,Some college,Never married,Female,Private,24,low
33,High school,Previously married,Female,Private,48,low
41,Bachelor or higher,Married,Male,Government,69,high
29,High school,Never married,Male,Private,40,low
58,High school,Married,Male,Private,55,low
30,High school,Never married,Male,Self-employed,55,low
36,Some college,Never married,Male,Private,14,low
28,Some college,Never married,Male,Private,40,low
42,High school,Married,Male,Private,40,high
30,Some college,Never married,Female,Private,37,low
38,Bachelor or higher,Married,Male,Government,66,low
34,High school,Previously married,Female,Private,21,low
60,High school,Married,Male,Private,59,high
21,High school,Never married,Male,Private,20,low
21,Some college,Never married,Female,Private,26,low
66,High school,Married,Female,Private,40,low
33,Bachelor or higher,Married,Male,Private,40,high
22,No high school,Never married,Male,Private,16,low
70,High school,Married,Male,Private,40,low
42,Bachelor or higher,Married,Male,Private,46,high
37,No high school,Married,Male,Private,68,low
45,Bachelor or higher,Married,Male,Private,59,high
50,High school,Married,Male,Private,81,low
48,High school,Never married,Female,Private,29,low
53,High school,Married,Male,Private,40,low
35,No high school,Never married,Female,Private,40,low
61,High school,Previously married,Female,Private,56,low
58,High school,Never married,Female,Private,40,low
48,High school,Married,Female,Private,40,low
49,Some college,Previously married,Female,Private,16,low
30,Some college,Married,Male,Private,40,low
33,High school,Never married,Female,Private,40,low
23,Some college,Never married,Male,Private,23,low
32,Some college,Married,Male,Private,23,low
34,Some college,Never married,Female,Private,40,low
30,High school,Married,Male,Private,40,low
56,Bachelor or higher,Married,Male,Private,61,high
29,High school,Married,Male,Private,47,low
33,Some college,Never married,Male,Private,21,low
35,High school,Never married,Female,Government,40,low
34,Bachelor or higher,Married,Male,Private,46,low
32,High school,Never married,Male,Private,40,low
37,No high school,Never married,Female,Private,46,low
57,High school,Married,Male,Private,18,low
69,High school,Previously married,Female,Private,40,low
31,High school,Previously married,Female,Private,40,low
25,High school,Never married,Male,Private,46,low
29,High school,Previously married,Female,Private,48,low
34,High school,Married,Male,Self-employed,52,low
54,Some college,Never married,Male,Private,47,low
31,Some college,Married,Male,Private,61,low
41,Bachelor or higher,Married,Male,Private,40,low
27,Some college,Never married,Male,Private,48,low
49,Bachelor or higher,Married,Female,Government,48,high
33,Some college,Never married,Female,Private,19,low
30,No high school,Married,Male,Private,40,low
54,High school,Previously married,Female,Private,15,low
30,Bachelor or higher,Never married,Male,Private,40,low
64,High school,Married,Male,Private,40,low
59,Some college,Married,Male,Government,40,low
19,Some college,Never married,Female,Private,45,low
49,Bachelor or higher,Married,Female,Private,56,high
56,High school,Married,Male,Private,58,low
19,No high school,Never married,Male,Private,23,low
34,Some college,Married,Male,Private,40,low
56,Bachelor or higher,Married,Female,Private,40,high
66,High school,Married,Male,Self-employed,58,low
51,High school,Married,Male,Self-employed,62,low
55,Some college,Never married,Male,Government,59,low
43,Bachelor or higher,Married,Male,Government,40,low
32,No high school,Married,Female,Private,57,high
33,High school,Never married,Male,Private,8,low
20,Some college,Never married,Female,Private,40,low
20,High school,Never married,Female,Private,6,low
53,Some college,Married,Male,Private,40,low
40,Bachelor or higher,Married,Female,Government,40,high
22,High school,Never married,Male,Private,12,low
39,Some college,Never married,Male,Private,22,low
22,Some college,Never married,Male,Private,40,low
47,Bachelor or higher,Married,Female,Government,48,high
43,High school,Never married,Male,Private,40,low
19,Some college,Never married,Male,Private,32,low
49,High school,Never married,Male,Private,48,low
63,Bachelor or higher,Married,Male,Private,40,low
54,High school,Previously married,Female,Private,24,low
32,Some college,Never married,Male,Private,40,low
54,High school,Married,Male,Private,21,low
59,High school,Married,Male,Private,40,low
19,High school,Never married,Male,Private,40,low
46,Bachelor or higher,Married,Female,Private,66,high
26,High school,Never married,Male,Private,19,low
29,No high school,Never married,Male,Private,48,low
51,High school,Never married,Male,Private,40,low
35,High school,Never married,Male,Government,46,low
33,High school,Never married,Male,Private,47,low
32,Some college,Never married,Male,Private,21,low
31,Bachelor or higher,Married,Female,Private,45,high
29,High school,Married,Female,Private,40,low
55,Bachelor or higher,Married,Male,Private,18,high
36,Some college,Previously married,Female,Private,14,low
34,Some college,Previously married,Female,Private,40,low
30,High school,Never married,Female,Private,47,low
47,No high school,Never married,Male,Private,37,low
32,Some college,Never married,Female,Private,47,high
42,Bachelor or higher,Married,Male,Government,63,high
29,High school,Previously married,Female,Private,28,low
44,High school,Married,Female,Private,40,high
21,No high school,Never married,Male,Private,40,low
60,Bachelor or higher,Never married,Female,Government,60,low
41,High school,Married,Female,Private,40,low
49,High school,Previously married,Female,Private,40,low
28,Bachelor or higher,Never married,Female,Private,40,low
43,Some college,Never married,Female,Private,58,low
72,Some college,Married,Male,Government,40,high
36,No high school,Never married,Male,Private,53,low
56,Bachelor or higher,Married,Male,Private,53,high
49,High school,Never married,Female,Private,40,low
27,High school,Married,Male,Private,40,low
33,Some college,Never married,Male,Private,21,low
26,High school,Never married,Male,Private,40,low
35,Bachelor or higher,Never married,Female,Government,45,low
33,Some college,Never married,Female,Private,40,low
27,Some college,Never married,Female,Private,19,low
57,High school,Never married,Male,Private,40,low
30,High school,Never married,Male,Private,40,low
64,High school,Married,Male,Private,40,low
61,High school,Never married,Female,Government,58,low
22,High school,Never married,Male,Private,0,low
30,No high school,Married,Male,Government,56,low
35,Some college,Married,Male,Private,29,low
23,Some college,Never married,Male,Private,16,low
55,High school,Never married,Male,Self-employed,31,low
33,High school,Married,Male,Private,40,low
52,High school,Married,Male,Private,40,low
32,No high school,Never married,Male,Private,12,low
21,Some college,Never married,Male,Private,20,low
57,High school,Married,Female,Private,40,high
49,Bachelor or higher,Married,Female,Private,40,low
44,High school,Married,Female,Private,29,low
28,Some college,Never married,Female,Private,20,low
22,Some college,Never married,Male,Private,20,low
43,Bachelor or higher,Never married,Female,Private,40,low
42,High school,Married,Male,Government,40,high
65,Some college,Married,Male,Government,48,low
37,Some college,Married,Female,Private,50,low
76,High school,Married,Male,Private,40,low
42,Some college,Married,Male,Private,40,high
46,High school,Previously married,Female,Private,40,high
42,High school,Previously married,Female,Private,40,low
54,High school,Previously married,Female,Private,32,low
38,Some college,Married,Male,Private,45,low
42,High school,Never married,Male,Private,47,low
54,High school,Married,Male,Private,27,low
39,No high school,Previously married,Female,Private,40,low
30,High school,Married,Female,Private,24,low
38,High school,Previously married,Female,Private,40,low
30,High school,Never married,Female,Private,40,low
44,Some college,Married,Male,Private,68,low
60,Bachelor or higher,Married,Male,Government,47,high
23,High school,Never married,Female,Private,19,low
35,Some college,Married,Male,Private,40,low
51,Bachelor or higher,Married,Male,Private,46,low
29,No high school,Never married,Male,Government,40,low
31,High school,Married,Male,Private,62,high
30,High school,Never married,Female,Private,43,low
49,Some college,Married,Female,Private,46,high
64,High school,Married,Male,Self-employed,40,low
22,High school,Never married,Female,Private,40,low
24,Bachelor or higher,Never married,Male,Private,28,low
31,Bachelor or higher,Married,Female,Private,40,low
34,Some college,Never married,Male,Government,28,low
29,High school,Previously married,Female,Private,40,low
35,Bachelor or higher,Never married,Female,Private,40,low
36,High school,Previously married,Female,Private,40,low
50,High school,Previously married,Female,Private,27,low
29,Bachelor or higher,Never married,Female,Private,40,high
46,Bachelor or higher,Married,Male,Private,53,high
38,Bachelor or higher,Married,Male,Private,58,high
57,High school,Married,Male,Private,46,low
40,High school,Never married,Female,Private,40,low
29,Some college,Never married,Female,Private,19,low
51,No high school,Married,Male,Private,40,low
34,Some college,Married,Female,Private,22,low
49,High school,Never married,Male,Private,61,low
32,No high school,Married,Female,Private,57,high
72,High school,Married,Male,Government,40,high
49,Bachelor or higher,Married,Male,Private,40,high
45,No high school,Previously married,Female,Private,40,low
38,Some college,Previously married,Female,Private,40,low
48,Bachelor or higher,Never married,Female,Private,45,low
19,Some college,Never married,Male,Private,49,low
29,Some college,Married,Male,Private,27,high
32,Some college,Never married,Female,Private,40,low
33,Bachelor or higher,Married,Male,Government,40,high
34,Bachelor or higher,Never married,Female,Private,40,low
33,Some college,Never married,Female,Self-employed,28,low
55,Bachelor or higher,Married,Male,Private,40,high
24,Some college,Never married,Male,Private,49,low
49,High school,Married,Female,Private,40,high
56,Some college,Previously married,Female,Private,40,low
65,Bachelor or higher,Married,Male,Government,59,high
30,Some college,Never married,Male,Private,47,low
32,Some college,Never married,Male,Private,40,low
35,No high school,Never married,Male,Private,29,low
60,Some college,Married,Male,Private,40,high
53,High school,Married,Male,Private,46,low
54,No high school,Married,Female,Private,44,high
33,Bachelor or higher,Never married,Male,Government,25,low
45,High school,Married,Male,Private,42,low
45,No high school,Married,Male,Private,64,low
27,Some college,Never married,Male,Private,53,low
43,High school,Previously married,Female,Private,40,low
34,High school,Never married,Male,Private,48,low
23,High school,Never married,Male,Private,40,low
30,High school,Never married,Male,Private,25,low
62,High school,Never married,Male,Private,40,low
33,Bachelor or higher,Never married,Male,Government,54,low
31,Some college,Never married,Female,Private,26,low
33,Some college,Married,Male,Private,40,low
38,Some college,Never married,Female,Private,40,low
31,Bachelor or higher,Never married,Female,Private,47,low
26,Some college,Never married,Male,Private,18,low
63,High school,Married,Male,Private,40,high
59,Bachelor or higher,Married,Male,Private,47,high
41,High school,Married,Male,Private,44,low
44,High school,Never married,Female,Private,40,low
56,High school,Married,Female,Government,40,high
55,High school,Never married,Female,Private,45,low
27,High school,Never married,Male,Private,40,low
21,Some college,Never married,Male,Private,40,low
18,Some college,Never married,Female,Private,26,low
37,No high school,Married,Female,Private,40,low
21,High school,Never married,Male,Private,22,low
38,High school,Never married,Female,Private,15,low
52,High school,Never married,Male,Private,40,low
56,High school,Previously married,Male,Private,27,low
52,High school,Previously married,Female,Private,28,low
65,High school,Previously married,Female,Private,48,low
55,Some college,Married,Male,Private,40,high
53,High school,Previously married,Female,Private,46,low
45,High school,Previously married,Female,Private,40,low
46,High school,Previously married,Female,Private,40,high
40,No high school,Married,Male,Private,40,low
60,Bachelor or higher,Married,Male,Self-employed,48,high
54,Bachelor or higher,Married,Male,Government,58,high
56,High school,Married,Male,Private,46,low
31,High school,Married,Male,Government,24,low
28,Some college,Never married,Male,Private,29,low
24,Some college,Never married,Female,Private,16,low
25,High school,Never married,Male,Private,19,low
61,Some college,Married,Female,Private,58,high
40,High school,Never married,Female,Private,21,low
31,High school,Previously married,Female,Private,40,low
33,High school,Never married,Male,Private,44,low
57,High school,Married,Male,Private,58,low
54,High school,Married,Female,Private,27,low
60,Bachelor or higher,Married,Male,Private,57,high
31,High school,Married,Male,Private,74,low
67,Bachelor or higher,Married,Female,Government,19,high
20,Some college,Never married,Male,Private,24,low
60,High school,Married,Male,Private,32,low
34,Some college,Never married,Male,Self-employed,34,low
20,Bachelor or higher,Married,Male,Private,53,low
52,High school,Married,Male,Private,46,low
26,Some college,Never married,Female,Private,40,low
35,Bachelor or higher,Married,Female,Government,55,high
30,High school,Never married,Male,Private,27,low
55,High school,Never married,Female,Private,40,low
33,Bachelor or higher,Married,Male,Government,40,high
46,Some college,Married,Male,Private,12,low
29,Bachelor or higher,Married,Female,Private,52,low
31,Some college,Never married,Male,Private,20,low
40,High school,Previously married,Female,Private,40,low
32,Bachelor or higher,Married,Female,Private,59,high
42,No high school,Never married,Male,Private,40,low
53,High school,Married,Male,Private,40,low
28,Some college,Never married,Female,Private,45,low
34,Some college,Married,Male,Private,58,high
63,High school,Married,Male,Private,40,low
31,High school,Married,Male,Government,40,high
17,Some college,Never married,Male,Private,21,low
33,Some college,Never married,Male,Private,27,low
29,Some college,Married,Male,Private,27,low
37,Bachelor or higher,Married,Male,Government,58,high
47,High school,Married,Female,Private,40,low
55,Some college,Married,Female,Private,40,high
31,High school,Previously married,Female,Private,40,low
44,Bachelor or higher,Married,Male,Government,48,high
33,Bachelor or higher,Married,Male,Private,48,high
53,Bachelor or higher,Married,Male,Private,40,high
52,No high school,Never married,Male,Private,57,low
51,High school,Married,Male,Private,40,low
42,Some college,Never married,Female,Private,40,low
56,Some college,Married,Male,Government,49,low
22,No high school,Never married,Male,Private,19,low
42,High school,Married,Male,Private,47,high
34,High school,Previously married,Female,Private,24,low
57,High school,Married,Male,Private,40,low
34,High school,Never married,Female,Private,47,low
56,High school,Previously married,Female,Private,40,low
33,Bachelor or higher,Never married,Male,Government,46,low
43,No high school,Married,Male,Private,47,low
31,No high school,Never married,Female,Private,40,low
33,High school,Never married,Male,Private,25,low
33,Some college,Married,Male,Private,40,low
24,Some college,Married,Male,Private,40,low
46,High school,Previously married,Female,Private,40,low
53,High school,Married,Male,Private,60,high
54,High school,Married,Male,Private,13,low
58,High school,Married,Female,Government,46,high
23,Some college,Never married,Male,Private,21,low
24,No high school,Never married,Male,Private,17,low
27,Some college,Never married,Male,Private,21,low
59,High school,Married,Male,Private,40,low
32,Bachelor or higher,Never married,Male,Private,47,low
30,High school,Never married,Female,Private,47,low
50,Some college,Never married,Male,Private,15,low
34,High school,Never married,Female,Private,28,low
21,High school,Never married,Male,Private,44,low
35,High school,Married,Male,Private,58,low
31,Some college,Married,Male,Private,56,low
18,Some college,Never married,Female,Private,45,low
22,No high school,Never married,Male,Private,22,low
44,High school,Previously married,Female,Private,48,low
43,Bachelor or higher,Previously married,Female,Private,21,low
33,High school,Never married,Male,Private,47,low
23,High school,Married,Male,Private,40,low
19,High school,Never married,Male,Private,54,low
23,High school,Never married,Male,Private,48,low
58,High school,Married,Male,Private,40,low
45,High school,Married,Male,Private,13,low
38,No high school,Never married,Male,Private,40,low
29,High school,Married,Female,Private,47,low
29,Some college,Never married,Male,Private,40,low
31,Some college,Never married,Female,Private,31,low
43,Some college,Previously married,Female,Private,35,low
48,Bachelor or higher,Married,Male,Government,40,high
28,Some college,Married,Male,Private,59,high
56,No high school,Never married,Male,Private,40,low
29,Some college,Never married,Male,Government,40,low
45,High school,Married,Female,Government,12,high
28,Bachelor or higher,Never married,Male,Private,40,high
50,High school,Married,Male,Self-employed,40,low
29,Some college,Never married,Female,Private,30,low
37,High school,Married,Male,Self-employed,29,low
51,Bachelor or higher,Married,Male,Private,40,high
51,High school,Previously married,Female,Private,46,low
36,High school,Never married,Male,Private,40,low
55,Bachelor or higher,Married,Male,Private,40,low
20,Bachelor or higher,Never married,Male,Private,35,low
30,Some college,Never married,Female,Private,49,low
53,High school,Married,Female,Private,40,low
30,Bachelor or higher,Never married,Male,Private,40,low
35,Bachelor or higher,Married,Male,Private,40,high
26,High school,Never married,Female,Private,34,low
24,High school,Never married,Male,Private,40,low
41,Bachelor or higher,Married,Male,Private,58,high
31,Some college,Married,Male,Private,45,low
24,No high school,Never married,Male,Private,25,low
59,High school,Married,Female,Private,40,high
64,High school,Never married,Male,Government,71,low
47,High school,Previously married,Male,Government,73,low
63,High school,Never married,Female,Private,40,low
52,Bachelor or higher,Married,Male,Government,40,high
30,High school,Married,Female,Private,40,high
55,Bachelor or higher,Married,Male,Self-employed,46,high
47,Bachelor or higher,Married,Male,Private,57,high
57,Bachelor or higher,Married,Male,Government,40,high
32,Some college,Never married,Male,Private,40,low
48,High school,Married,Female,Private,40,low
56,High school,Married,Male,Private,40,low
43,High school,Never married,Female,Private,40,low
49,Bachelor or higher,Married,Female,Private,40,high
33,High school,Married,Male,Private,40,low
37,Bachelor or higher,Married,Female,Government,40,high
33,Bachelor or higher,Never married,Female,Private,40,low
55,High school,Married,Male,Private,40,high
40,Bachelor or higher,Married,Male,Government,40,high
34,No high school,Never married,Male,Private,40,low
32,Some college,Married,Male,Private,40,low
39,No high school,Married,Male,Private,44,low
21,Some college,Never married,Female,Private,23,low
62,High school,Married,Male,Self-employed,40,low
60,High school,Married,Male,Private,40,low
42,Bachelor or higher,Married,Female,Private,40,low
44,Some college,Married,Male,Private,47,low
42,High school,Married,Female,Private,40,low
19,High school,Previously married,Male,Private,40,low
29,No high school,Never married,Male,Private,24,low
45,Bachelor or higher,Married,Female,Private,40,high
51,High school,Married,Male,Private,40,low
34,Some college,Never married,Male,Government,45,low
23,High school,Never married,Female,Private,40,low
48,High school,Married,Male,Private,40,high
58,High school,Married,Male,Private,48,high
29,Some college,Never married,Male,Private,48,low
25,Some college,Married,Male,Private,44,low
78,Bachelor or higher,Married,Male,Government,50,high
37,Bachelor or higher,Married,Male,Private,46,low
53,Bachelor or higher,Married,Female,Private,60,high
41,High school,Never married,Female,Private,25,low
31,High school,Married,Male,Private,40,low
28,High school,Married,Male,Private,40,high
34,High school,Married,Male,Government,29,high
24,Some college,Never married,Male,Private,40,low
40,Bachelor or higher,Married,Male,Private,56,high
48,Bachelor or higher,Married,Male,Private,40,high
46,High school,Married,Female,Private,40,high
45,No high school,Never married,Male,Private,40,low
35,No high school,Never married,Male,Private,40,low
49,High school,Never married,Female,Private,26,low
55,High school,Never married,Female,Private,29,low
46,Bachelor or higher,Married,Female,Government,40,high
34,No high school,Never married,Female,Private,26,low
30,Some college,Married,Male,Private,60,high
32,High school,Previously married,Female,Private,40,low
45,High school,Previously married,Female,Private,48,low
46,High school,Married,Male,Private,40,low
20,Some college,Never married,Male,Private,30,low
41,Some college,Married,Male,Private,21,low
32,High school,Married,Male,Private,43,low
52,High school,Married,Male,Private,40,low
32,No high school,Never married,Male,Private,70,low
23,Some college,Never married,Male,Private,19,low
28,High school,Previously married,Female,Private,19,low
35,No high school,Never married,Male,Private,17,low
32,High school,Married,Male,Self-employed,46,low
64,High school,Married,Male,Government,55,low
51,No high school,Married,Male,Private,40,low
39,High school,Never married,Female,Government,40,low
56,Bachelor or higher,Married,Female,Private,22,high
35,Some college,Never married,Male,Private,55,low
34,Some college,Previously married,Female,Private,31,low
41,Some college,Never married,Male,Government,32,low
30,High school,Previously married,Female,Private,46,low
52,High school,Married,Male,Private,61,high
39,High school,Married,Male,Private,63,low
34,High school,Never married,Female,Private,40,low
23,High school,Never married,Male,Private,40,low
22,Some college,Never married,Male,Private,27,low
33,Bachelor or higher,Married,Male,Private,46,high
35,High school,Married,Male,Government,48,low
32,Some college,Never married,Female,Private,40,low
47,Bachelor or higher,Married,Male,Government,57,high
49,Some college,Never married,Male,Private,58,low
29,High school,Never married,Female,Private,40,low
33,Some college,Never married,Female,Government,40,low
51,High school,Previously married,Female,Private,40,low
47,Bachelor or higher,Married,Female,Private,40,high
49,No high school,Never married,Male,Private,40,low
28,Some college,Married,Male,Private,51,low
36,No high school,Married,Male,Private,40,low
61,High school,Previously married,Female,Private,40,low
49,Some college,Previously married,Female,Private,58,low
30,Bachelor or higher,Married,Male,Government,40,high
28,High school,Previously married,Female,Private,40,low
31,High school,Married,Male,Private,22,low
26,Bachelor or higher,Never married,Male,Private,30,low
64,High school,Married,Male,Private,40,low
58,High school,Previously married,Female,Private,26,low
50,High school,Never married,Female,Private,48,low
46,Bachelor or higher,Married,Female,Private,40,high
30,High school,Never married,Female,Private,47,low
32,High school,Previously married,Female,Private,40,low
34,Bachelor or higher,Married,Female,Private,48,high
23,High school,Never married,Female,Private,47,low
29,High school,Never married,Male,Private,40,low
47,Bachelor or higher,Married,Male,Government,40,high
33,Bachelor or higher,Married,Male,Private,58,high
31,High school,Previously married,Female,Private,40,low
60,High school,Never married,Male,Private,40,low
45,Bachelor or higher,Married,Male,Private,59,high
33,High school,Never married,Female,Private,21,low
44,High school,Married,Male,Private,48,high
51,High school,Married,Male,Private,40,low
29,High school,Married,Male,Private,40,low
34,High school,Never married,Male,Private,28,low
41,Bachelor or higher,Married,Male,Private,48,high
65,High school,Married,Female,Private,40,low
44,High school,Previously married,Female,Private,26,low
50,Bachelor or higher,Married,Male,Government,17,low
50,High school,Married,Male,Private,40,low
44,Some college,Never married,Male,Private,54,low
46,Bachelor or higher,Married,Female,Government,40,high
45,High school,Married,Female,Private,40,low
33,Some college,Never married,Male,Private,49,low
54,High school,Married,Male,Private,40,low
44,No high school,Previously married,Female,Private,40,low
27,High school,Previously married,Female,Private,40,low
43,High school,Never married,Female,Private,48,low
31,Bachelor or higher,Married,Female,Private,40,high
66,High school,Married,Male,Self-employed,40,high
20,No high school,Never married,Male,Private,40,low
23,High school,Never married,Female,Private,40,low
23,Some college,Never married,Male,Private,16,low
47,High school,Previously married,Male,Private,13,low
35,Some college,Married,Male,Private,75,low
41,Bachelor or higher,Married,Male,Government,80,high
61,Some college,Married,Male,Government,40,high
28,Some college,Never married,Female,Private,40,low
60,Bachelor or higher,Married,Male,Private,40,high
32,Some college,Never married,Female,Private,40,low
55,High school,Married,Male,Self-employed,58,high
40,High school,Married,Male,Private,55,low
58,Bachelor or higher,Married,Male,Private,40,high
31,Some college,Married,Male,Private,40,low
40,Bachelor or higher,Married,Female,Private,40,high
55,High school,Never married,Male,Private,24,low
28,High school,Never married,Female,Private,15,low
50,High school,Previously married,Female,Private,40,low
31,Bachelor or higher,Never married,Male,Private,65,low
35,Bachelor or higher,Never married,Male,Government,40,low
22,Some college,Never married,Female,Private,46,low
30,Some college,Never married,Female,Private,40,low
21,No high school,Never married,Male,Private,24,low
46,High school,Married,Male,Private,18,low
48,Some college,Married,Female,Private,40,low
40,Bachelor or higher,Never married,Male,Private,59,low
59,High school,Married,Male,Self-employed,57,low
22,High school,Never married,Female,Private,19,low
46,High school,Married,Male,Private,40,high
48,No high school,Married,Female,Private,44,high
37,High school,Married,Female,Private,40,low
59,High school,Previously married,Female,Private,40,low
36,Bachelor or higher,Married,Male,Government,57,high
56,Bachelor or higher,Married,Male,Government,40,high
35,Bachelor or higher,Married,Female,Private,40,low
51,High school,Previously married,Female,Private,47,low
30,Bachelor or higher,Married,Male,Private,40,high
33,No high school,Never married,Male,Private,40,low
33,No high school,Married,Female,Private,47,low
23,High school,Never married,Female,Private,50,low
30,High school,Never married,Male,Private,40,low
33,High school,Never married,Male,Government,16,low
