age,education,marital_status,sex,workclass,hours_per_week,income
33,High school,Married,Female,Self-employed,63,low
37,Bachelor or higher,Married,Female,Private,69,low
44,High school,Never married,Male,Private,67,low
44,High school,Never married,Male,Private,41,high
40,Some college,Previously married,Female,Private,71,low
35,High school,Married,Male,Private,40,low
49,High school,Never married,Female,Government,63,low
21,Bachelor or higher,Married,Male,Private,40,low
40,Some college,Married,Female,Private,41,low
41,High school,Never married,Male,Private,63,low
48,High school,Never married,Female,Private,41,low
38,High school,Previously married,Female,Private,70,low
36,Bachelor or higher,Never married,Male,Private,41,high
30,Some college,Married,Female,Private,65,low
21,High school,Married,Female,Self-employed,41,low
75,High school,Never married,Female,Private,70,low
37,High school,Never married,Female,Private,69,high
38,High school,Never married,Female,Private,41,low
45,Some college,Married,Male,Private,68,low
38,High school,Never married,Male,Private,40,low
42,Some college,Never married,Female,Private,71,low
44,Bachelor or higher,Never married,Male,Private,54,low
41,High school,Never married,Female,Private,41,low
40,Some college,Never married,Female,Private,41,low
79,High school,Never married,Female,Private,40,low
29,Bachelor or higher,Never married,Female,Private,41,high
43,Some college,Previously married,Female,Private,55,low
44,High school,Never married,Male,Private,41,low
27,High school,Never married,Male,Private,40,high
40,Some college,Previously married,Female,Private,71,low
47,High school,Married,Female,Private,41,low
42,High school,Never married,Male,Private,67,low
35,High school,Never married,Female,Private,70,low
58,High school,Previously married,Male,Self-employed,62,low
43,Bachelor or higher,Married,Male,Government,64,low
42,High school,Never married,Male,Private,67,low
25,Bachelor or higher,Never married,Female,Private,41,low
49,Some college,Never married,Female,Private,65,low
30,No high school,Previously married,Female,Private,40,low
36,Bachelor or higher,Married,Male,Self-employed,71,low
43,High school,Never married,Female,Private,43,low
49,Bachelor or higher,Married,Male,Private,69,low
32,High school,Married,Female,Private,41,low
41,Bachelor or higher,Never married,Male,Private,60,low
39,High school,Married,Female,Government,40,low
48,High school,Never married,Male,Private,58,low
35,High school,Married,Male,Private,69,low
39,High school,Married,Male,Private,40,high
46,Some college,Married,Male,Private,70,low
40,Bachelor or higher,Married,Female,Self-employed,71,low
50,High school,Previously married,Female,Private,41,low
43,Bachelor or higher,Never married,Male,Private,41,high
31,Some college,Married,Female,Government,61,low
20,High school,Married,Male,Private,41,low
30,Some college,Married,Male,Private,66,low
39,High school,Never married,Female,Private,41,low
100,Some college,Previously married,Female,Private,41,low
38,High school,Never married,Male,Private,41,low
46,High school,Married,Female,Private,71,low
37,Bachelor or higher,Never married,Female,Private,41,low
26,High school,Previously married,Male,Private,71,high
49,Bachelor or higher,Never married,Female,Private,41,low
44,High school,Never married,Female,Private,41,high
32,Some college,Previously married,Male,Private,41,low
46,Bachelor or higher,Married,Male,Private,41,low
43,Bachelor or higher,Never married,Male,Government,53,low
49,Some college,Never married,Female,Private,41,low
48,High school,Married,Male,Private,41,high
48,Some college,Married,Male,Private,40,low
85,High school,Never married,Female,Private,71,low
100,No high school,Married,Male,Private,68,low
47,Some college,Married,Female,Private,40,low
32,Some college,Married,Female,Private,40,low
49,Some college,Never married,Female,Private,41,low
50,Some college,Never married,Male,Private,62,low
43,High school,Married,Female,Private,70,low
45,High school,Never married,Male,Private,69,low
25,Bachelor or higher,Never married,Male,Government,41,high
49,High school,Married,Male,Private,69,high
59,High school,Married,Male,Private,40,low
43,Bachelor or higher,Married,Male,Self-employed,69,low
102,High school,Never married,Male,Private,40,low
44,No high school,Never married,Male,Private,40,low
48,Bachelor or higher,Never married,Female,Private,41,low
52,High school,Never married,Female,Private,41,low
24,High school,Never married,Female,Private,41,low
39,Some college,Married,Male,Self-employed,67,low
33,High school,Never married,Female,Private,70,low
44,High school,Never married,Male,Private,41,high
43,Bachelor or higher,Married,Male,Private,41,high
42,Bachelor or higher,Never married,Male,Private,41,high
46,High school,Never married,Female,Private,41,low
37,No high school,Never married,Female,Private,69,low
44,High school,Previously married,Female,Private,41,low
31,High school,Never married,Female,Private,41,low
47,Bachelor or higher,Never married,Male,Private,41,low
101,High school,Married,Male,Private,41,low
33,High school,Married,Male,Private,40,low
44,Bachelor or higher,Never married,Female,Private,40,low
45,High school,Never married,Female,Private,40,low
30,No high school,Never married,Male,Government,40,low
46,Some college,Married,Male,Private,58,low
47,Bachelor or higher,Married,Female,Private,41,low
98,Bachelor or higher,Never married,Male,Private,41,low
32,High school,Never married,Female,Private,41,low
34,High school,Married,Male,Private,41,low
47,High school,Never married,Male,Private,70,high
26,High school,Married,Male,Government,41,low
31,High school,Previously married,Female,Private,41,low
41,High school,Never married,Male,Private,40,high
41,High school,Married,Male,Self-employed,44,low
41,High school,Never married,Female,Private,40,low
39,High school,Never married,Male,Private,41,low
43,High school,Never married,Female,Private,115,low
42,High school,Previously married,Male,Private,41,low
80,No high school,Married,Male,Private,40,low
97,High school,Married,Male,Private,40,low
29,High school,Married,Female,Private,65,low
58,Some college,Never married,Female,Private,59,high
38,Bachelor or higher,Married,Female,Private,41,low
51,High school,Never married,Female,Government,40,low
44,High school,Married,Male,Private,70,low
45,High school,Previously married,Female,Private,41,low
25,Bachelor or higher,Married,Male,Self-employed,41,low
39,Some college,Never married,Male,Private,65,low
43,High school,Never married,Female,Private,55,low
31,High school,Married,Male,Private,41,low
41,Some college,Previously married,Male,Private,55,low
31,Some college,Never married,Female,Government,71,low
43,Some college,Married,Female,Private,71,low
26,Bachelor or higher,Previously married,Female,Private,41,high
44,High school,Previously married,Male,Self-employed,69,low
33,Bachelor or higher,Married,Male,Private,41,low
34,High school,Never married,Male,Private,66,low
46,Bachelor or higher,Married,Male,Private,66,low
40,High school,Married,Female,Private,40,low
41,High school,Never married,Female,Private,41,low
34,High school,Never married,Male,Private,41,low
54,No high school,Married,Female,Private,41,low
45,High school,Previously married,Male,Private,71,low
44,Bachelor or higher,Married,Female,Private,41,low
48,High school,Married,Male,Private,37,low
50,Some college,Never married,Female,Private,40,low
24,High school,Previously married,Male,Self-employed,41,low
43,High school,Previously married,Male,Private,52,high
48,High school,Never married,Male,Private,41,low
32,High school,Never married,Female,Private,71,low
19,High school,Married,Female,Self-employed,40,low
44,Bachelor or higher,Married,Male,Self-employed,41,low
107,Bachelor or higher,Married,Female,Private,62,low
49,Bachelor or higher,Married,Female,Private,41,low
36,High school,Married,Male,Private,65,low
29,High school,Never married,Female,Private,68,low
102,High school,Never married,Female,Private,40,low
41,High school,Married,Female,Private,41,low
27,High school,Never married,Female,Private,40,low
27,High school,Married,Female,Self-employed,70,low
35,High school,Married,Male,Private,52,low
40,High school,Never married,Male,Private,40,low
40,Some college,Never married,Female,Private,53,low
38,High school,Previously married,Female,Private,41,low
29,High school,Never married,Female,Government,41,low
39,High school,Never married,Female,Private,40,low
52,High school,Married,Male,Private,41,low
40,Bachelor or higher,Never married,Male,Self-employed,67,low
47,No high school,Never married,Female,Private,40,low
88,High school,Never married,Female,Private,69,low
36,High school,Never married,Male,Private,41,low
110,Some college,Previously married,Female,Private,41,low
32,No high school,Married,Male,Private,67,low
94,Bachelor or higher,Never married,Male,Private,41,low
46,High school,Never married,Female,Private,41,high
44,High school,Never married,Male,Private,54,high
38,Bachelor or higher,Never married,Male,Private,51,low
32,Some college,Married,Female,Private,66,low
85,High school,Married,Female,Private,41,low
51,High school,Never married,Female,Private,41,low
40,High school,Married,Male,Private,41,low
30,High school,Never married,Female,Private,41,low
49,High school,Never married,Male,Private,58,low
47,High school,Married,Female,Private,40,low
19,High school,Never married,Male,Private,71,low
25,High school,Never married,Female,Private,69,low
50,High school,Never married,Male,Private,41,low
46,Bachelor or higher,Never married,Male,Private,67,low
50,High school,Married,Male,Self-employed,40,low
89,High school,Never married,Male,Private,41,low
41,Some college,Married,Female,Private,41,low
34,High school,Never married,Female,Government,59,low
63,High school,Married,Male,Private,41,low
31,High school,Never married,Female,Private,64,low
29,Bachelor or higher,Married,Female,Private,40,low
41,High school,Married,Female,Private,64,low
45,High school,Never married,Female,Private,41,low
28,No high school,Previously married,Female,Private,41,low
49,Bachelor or higher,Married,Female,Private,41,low
31,Some college,Never married,Male,Private,41,low
45,High school,Never married,Female,Private,52,low
42,Bachelor or higher,Married,Female,Private,41,low
45,Bachelor or higher,Married,Male,Private,66,low
37,Bachelor or higher,Married,Female,Private,54,low
40,No high school,Married,Female,Private,47,low
25,High school,Married,Male,Private,65,low
44,Some college,Previously married,Female,Private,40,low
46,High school,Never married,Male,Private,41,low
47,High school,Previously married,Female,Private,41,low
43,High school,Previously married,Male,Private,41,low
44,Bachelor or higher,Never married,Male,Private,41,low
42,Bachelor or higher,Never married,Female,Private,41,low
37,High school,Never married,Male,Private,41,low
47,Bachelor or higher,Never married,Female,Private,41,low
44,High school,Never married,Male,Private,67,low
30,High school,Married,Male,Private,41,high
30,High school,Never married,Male,Private,41,low
24,High school,Married,Male,Private,71,low
28,High school,Married,Female,Government,41,low
37,No high school,Never married,Male,Private,65,low
27,High school,Never married,Female,Private,54,low
46,High school,Never married,Female,Private,41,low
41,High school,Never married,Female,Private,41,low
43,High school,Never married,Male,Private,59,high
45,High school,Never married,Female,Private,52,low
43,High school,Never married,Male,Private,41,low
44,Bachelor or higher,Never married,Female,Private,72,high
47,Some college,Never married,Male,Private,68,low
35,No high school,Married,Male,Private,60,low
36,High school,Never married,Female,Private,66,low
36,High school,Never married,Male,Government,67,low
28,High school,Never married,Male,Private,64,low
46,Some college,Never married,Female,Self-employed,41,low
98,High school,Never married,Female,Private,70,low
45,High school,Never married,Female,Private,36,low
40,High school,Never married,Female,Private,41,low
50,High school,Never married,Female,Private,41,low
24,Some college,Married,Female,Government,71,low
41,Bachelor or higher,Married,Male,Private,69,low
30,Some college,Married,Male,Private,41,low
42,Bachelor or higher,Never married,Male,Private,41,low
30,Bachelor or higher,Married,Male,Private,41,high
26,High school,Previously married,Female,Private,41,low
41,Bachelor or higher,Married,Female,Private,65,low
70,High school,Previously married,Female,Private,71,low
41,High school,Never married,Female,Private,68,low
47,Some college,Never married,Male,Self-employed,69,low
44,High school,Married,Male,Private,47,low
30,High school,Previously married,Female,Private,41,low
43,Bachelor or higher,Married,Male,Private,37,low
79,Bachelor or higher,Married,Male,Private,70,low
41,High school,Never married,Male,Private,41,low
25,Bachelor or higher,Married,Male,Self-employed,41,low
51,High school,Married,Male,Private,40,low
47,Bachelor or higher,Never married,Female,Private,42,low
42,High school,Married,Male,Self-employed,60,high
83,High school,Never married,Male,Self-employed,65,low
105,Bachelor or higher,Never married,Female,Private,41,low
50,High school,Married,Male,Self-employed,59,low
40,High school,Married,Male,Private,64,low
44,High school,Previously married,Female,Private,41,low
42,High school,Never married,Female,Private,70,low
44,No high school,Married,Male,Private,41,low
39,Some college,Married,Male,Private,70,high
36,Bachelor or higher,Married,Male,Private,41,low
43,High school,Never married,Male,Private,68,low
42,High school,Married,Female,Private,41,low
48,High school,Married,Male,Private,40,low
50,No high school,Never married,Female,Private,41,low
31,Some college,Never married,Male,Private,65,low
49,Some college,Never married,Male,Private,63,low
47,Bachelor or higher,Never married,Male,Private,41,low
22,Bachelor or higher,Married,Male,Private,41,low
102,Some college,Married,Male,Private,68,low
44,High school,Never married,Male,Private,40,low
37,High school,Never married,Female,Private,41,low
39,High school,Never married,Male,Private,41,high
97,Some college,Never married,Male,Private,55,low
99,High school,Married,Female,Government,56,low
42,No high school,Never married,Male,Private,41,low
45,High school,Never married,Male,Private,41,high
91,High school,Married,Female,Private,41,low
50,High school,Never married,Female,Private,35,low
37,High school,Previously married,Female,Private,40,low
40,High school,Never married,Female,Private,41,low
41,High school,Married,Male,Private,41,low
34,High school,Married,Male,Private,64,low
43,High school,Married,Female,Private,70,high
46,Bachelor or higher,Never married,Female,Private,41,low
43,Some college,Married,Female,Private,41,low
31,Bachelor or higher,Married,Male,Government,41,low
48,Bachelor or higher,Never married,Female,Private,70,low
47,Bachelor or higher,Married,Male,Private,41,low
45,High school,Never married,Male,Private,41,low
38,Bachelor or higher,Married,Male,Self-employed,67,low
41,High school,Never married,Male,Private,41,low
37,High school,Never married,Female,Private,41,low
27,Bachelor or higher,Married,Female,Private,41,low
96,Bachelor or higher,Never married,Female,Private,40,low
44,Bachelor or higher,Never married,Female,Private,41,low
43,High school,Previously married,Female,Private,68,low
42,Some college,Never married,Male,Self-employed,67,low
48,Bachelor or higher,Married,Male,Private,41,low
49,High school,Never married,Male,Private,51,high
48,High school,Married,Male,Private,63,low
24,High school,Never married,Male,Private,70,low
38,High school,Previously married,Male,Private,71,low
38,High school,Married,Male,Private,71,low
48,Bachelor or higher,Never married,Male,Private,41,low
30,High school,Previously married,Male,Private,40,low
41,High school,Never married,Female,Private,41,low
48,High school,Previously married,Female,Private,68,low
49,High school,Married,Female,Private,40,low
46,Bachelor or higher,Married,Male,Private,40,low
37,High school,Previously married,Female,Private,41,high
41,No high school,Never married,Female,Government,41,low
49,High school,Previously married,Female,Private,41,low
44,Some college,Married,Male,Private,40,low
48,Some college,Married,Male,Private,41,low
86,High school,Married,Female,Private,55,low
46,High school,Married,Male,Private,41,low
47,High school,Never married,Male,Private,41,low
37,High school,Previously married,Male,Private,41,low
51,High school,Never married,Male,Private,40,low
34,Some college,Never married,Female,Private,65,low
39,High school,Previously married,Female,Private,66,low
39,High school,Never married,Female,Private,41,low
28,High school,Previously married,Male,Private,40,low
27,High school,Previously married,Female,Government,68,low
37,High school,Never married,Female,Self-employed,69,low
51,High school,Never married,Female,Private,67,low
37,Bachelor or higher,Married,Female,Private,69,low
26,High school,Never married,Female,Private,71,high
44,High school,Married,Male,Private,39,low
65,Some college,Married,Male,Private,69,high
48,Some college,Never married,Female,Private,41,low
32,High school,Never married,Male,Private,41,low
47,High school,Never married,Male,Private,41,low
48,High school,Previously married,Female,Government,41,low
48,High school,Never married,Female,Private,63,low
21,High school,Never married,Female,Private,63,low
41,High school,Never married,Female,Private,25,low
40,Some college,Previously married,Female,Private,41,low
35,Bachelor or higher,Married,Female,Private,59,low
34,Bachelor or higher,Married,Male,Private,41,low
47,No high school,Never married,Female,Private,69,low
30,High school,Married,Female,Self-employed,41,low
48,Bachelor or higher,Never married,Male,Private,41,low
42,High school,Never married,Female,Private,67,low
50,High school,Married,Male,Private,64,low
85,High school,Never married,Male,Private,41,low
48,High school,Previously married,Male,Private,40,low
109,Some college,Married,Male,Private,69,low
37,High school,Married,Male,Private,41,low
42,Bachelor or higher,Married,Male,Self-employed,40,low
43,Some college,Married,Female,Private,69,low
46,High school,Never married,Male,Private,41,high
48,Bachelor or higher,Never married,Male,Private,69,low
33,High school,Married,Female,Private,41,low
38,High school,Previously married,Male,Private,41,high
48,Bachelor or higher,Never married,Female,Private,56,low
44,Bachelor or higher,Never married,Female,Private,41,low
19,Bachelor or higher,Previously married,Female,Government,54,low
41,Some college,Never married,Male,Private,41,low
29,No high school,Never married,Male,Private,69,low
34,Some college,Married,Male,Private,71,high
37,High school,Married,Female,Private,67,low
86,High school,Never married,Female,Private,34,low
48,Some college,Married,Female,Private,71,low
20,High school,Never married,Male,Private,41,low
28,Some college,Never married,Female,Private,66,low
39,High school,Never married,Male,Private,64,low
31,High school,Never married,Female,Private,67,high
47,High school,Never married,Female,Private,41,low
43,High school,Married,Female,Private,41,low
44,High school,Previously married,Male,Private,64,low
39,Bachelor or higher,Previously married,Female,Private,41,low
23,High school,Never married,Male,Private,41,low
46,High school,Never married,Female,Government,41,low
30,High school,Married,Male,Self-employed,71,low
37,Bachelor or higher,Never married,Female,Private,70,low
47,High school,Never married,Male,Private,41,low
43,No high school,Never married,Male,Private,40,low
39,Some college,Married,Male,Private,41,low
46,High school,Never married,Female,Private,40,low
43,High school,Previously married,Male,Government,40,low
84,High school,Never married,Female,Private,20,low
33,High school,Married,Female,Private,69,low
46,High school,Married,Male,Private,50,low
32,High school,Married,Male,Private,70,low
25,High school,Never married,Female,Private,41,low
39,High school,Never married,Female,Government,41,low
46,Some college,Previously married,Male,Private,41,low
44,Bachelor or higher,Previously married,Female,Private,41,low
46,Some college,Never married,Female,Private,70,high
47,Bachelor or higher,Married,Male,Private,41,low
32,High school,Never married,Female,Private,70,low
45,Some college,Married,Male,Self-employed,56,low
43,Some college,Never married,Male,Government,41,low
78,Some college,Previously married,Male,Private,41,low
27,High school,Never married,Female,Private,41,low
38,High school,Previously married,Female,Private,40,low
36,Bachelor or higher,Married,Female,Self-employed,69,low
29,No high school,Never married,Male,Private,69,low
86,High school,Never married,Female,Private,41,low
50,Bachelor or higher,Married,Male,Private,41,low
45,Bachelor or higher,Married,Female,Private,41,low
108,Bachelor or higher,Never married,Male,Private,41,low
36,High school,Never married,Female,Private,58,low
46,High school,Never married,Female,Private,61,low
37,High school,Previously married,Male,Private,40,high
37,High school,Never married,Male,Private,41,low
41,High school,Never married,Male,Private,58,low
46,High school,Never married,Male,Private,41,high
44,Some college,Married,Male,Private,65,low
50,No high school,Never married,Male,Private,41,low
35,High school,Married,Female,Private,70,low
82,High school,Previously married,Male,Private,41,low
50,Some college,Previously married,Male,Private,48,low
28,No high school,Never married,Male,Private,68,low
36,High school,Married,Female,Private,41,low
36,Some college,Never married,Female,Private,69,low
41,No high school,Never married,Male,Private,66,low
19,High school,Never married,Male,Private,41,low
39,High school,Previously married,Female,Private,41,low
40,High school,Never married,Male,Private,69,low
47,High school,Never married,Male,Private,63,low
58,Some college,Married,Female,Private,41,low
47,Bachelor or higher,Never married,Male,Private,41,low
32,High school,Married,Male,Private,41,low
29,High school,Married,Male,Self-employed,64,low
49,High school,Never married,Female,Government,58,low
39,Some college,Married,Female,Private,59,low
27,High school,Married,Male,Private,60,low
30,High school,Never married,Female,Private,69,low
29,High school,Married,Female,Private,56,low
100,Bachelor or higher,Never married,Male,Private,48,low
40,Bachelor or higher,Never married,Female,Private,41,low
34,High school,Married,Female,Private,40,low
44,High school,Never married,Female,Private,41,low
43,Bachelor or higher,Married,Male,Private,41,low
40,Bachelor or higher,Married,Male,Private,41,low
93,Some college,Previously married,Female,Private,41,low
102,Bachelor or higher,Never married,Female,Private,40,low
36,Bachelor or higher,Married,Male,Private,41,low
38,High school,Married,Female,Private,41,high
43,High school,Married,Male,Private,41,low
48,High school,Never married,Male,Private,41,low
42,High school,Never married,Male,Private,68,low
86,High school,Never married,Female,Private,41,low
101,Some college,Never married,Male,Private,40,low
23,Some college,Married,Male,Self-employed,41,low
76,High school,Previously married,Female,Private,41,low
26,High school,Never married,Male,Private,41,high
48,High school,Never married,Female,Private,41,low
49,Some college,Never married,Female,Private,41,low
45,High school,Married,Male,Private,40,low
39,High school,Married,Female,Private,41,low
30,Bachelor or higher,Married,Male,Private,69,low
32,High school,Previously married,Female,Private,70,low
49,Bachelor or higher,Never married,Male,Private,70,low
46,Some college,Never married,Female,Private,41,low
46,High school,Married,Female,Private,69,low
54,High school,Previously married,Female,Self-employed,41,low
45,High school,Never married,Male,Private,53,low
40,High school,Never married,Female,Private,66,low
48,High school,Never married,Male,Private,59,low
104,Some college,Never married,Male,Private,41,low
48,Bachelor or higher,Never married,Male,Private,41,low
46,Some college,Never married,Male,Private,41,low
38,Bachelor or higher,Married,Female,Private,41,low
88,High school,Never married,Female,Private,44,low
51,High school,Never married,Female,Government,41,low
32,Bachelor or higher,Never married,Female,Private,63,low
40,High school,Previously married,Male,Private,68,low
38,Bachelor or higher,Never married,Female,Self-employed,63,low
90,Bachelor or higher,Never married,Female,Private,56,low
53,High school,Previously married,Female,Private,41,low
35,High school,Never married,Male,Government,37,low
95,Bachelor or higher,Never married,Female,Private,41,low
90,Bachelor or higher,Never married,Female,Private,41,low
43,High school,Previously married,Female,Private,41,low
95,No high school,Married,Male,Private,62,low
41,High school,Married,Female,Private,68,low
57,High school,Married,Female,Private,56,low
37,High school,Married,Female,Private,41,low
49,Bachelor or higher,Married,Female,Private,41,low
30,Bachelor or higher,Never married,Male,Private,41,low
40,High school,Never married,Male,Private,66,low
36,High school,Married,Male,Private,67,low
46,High school,Never married,Female,Private,60,low
49,Bachelor or higher,Married,Male,Private,41,low
40,Some college,Married,Male,Private,70,high
49,High school,Never married,Male,Private,41,low
41,High school,Never married,Male,Private,41,low
33,Bachelor or higher,Married,Female,Private,66,low
43,High school,Previously married,Male,Private,41,low
42,High school,Never married,Female,Private,41,low
38,High school,Married,Male,Private,41,low
33,Bachelor or higher,Married,Female,Private,41,low
35,Bachelor or higher,Never married,Male,Private,69,low
38,High school,Never married,Female,Private,41,low
41,High school,Never married,Male,Private,68,high
37,High school,Married,Female,Private,41,low
94,High school,Never married,Female,Private,41,low
42,Bachelor or higher,Married,Male,Private,55,low
47,No high school,Never married,Female,Private,62,low
32,High school,Never married,Female,Government,41,low
99,High school,Never married,Female,Private,41,low
43,High school,Never married,Female,Private,40,low
49,Some college,Married,Female,Private,41,low
94,No high school,Never married,Female,Private,67,low
45,High school,Previously married,Female,Government,40,low
43,High school,Never married,Male,Private,69,low
44,Some college,Never married,Male,Private,64,low
44,High school,Married,Male,Private,67,low
37,High school,Married,Female,Private,40,low
47,Bachelor or higher,Never married,Female,Government,69,low
41,High school,Previously married,Female,Private,68,low
48,Some college,Never married,Male,Government,40,low
48,High school,Never married,Male,Private,40,low
47,High school,Married,Female,Private,41,low
81,Some college,Married,Male,Private,40,low
34,High school,Never married,Male,Private,40,low
31,High school,Never married,Female,Private,70,low
44,High school,Never married,Female,Private,62,low
42,Bachelor or higher,Married,Male,Private,40,low
45,Bachelor or higher,Married,Female,Private,67,low
21,Some college,Previously married,Male,Self-employed,41,low
37,High school,Never married,Female,Private,41,high
31,High school,Never married,Male,Self-employed,41,low
26,No high school,Married,Male,Private,41,low
42,High school,Previously married,Female,Private,72,low
45,Bachelor or higher,Never married,Female,Private,41,low
41,High school,Never married,Female,Private,65,low
40,High school,Never married,Male,Private,68,high
35,Bachelor or higher,Never married,Male,Private,40,low
109,Some college,Never married,Female,Private,64,low
43,Some college,Never married,Female,Government,41,low
58,Bachelor or higher,Married,Male,Private,41,high
31,High school,Never married,Male,Private,69,low
45,Bachelor or higher,Married,Female,Government,70,low
44,Bachelor or higher,Married,Male,Private,63,high
48,High school,Never married,Female,Private,41,low
40,High school,Previously married,Male,Private,41,low
30,High school,Never married,Male,Private,41,low
37,Some college,Married,Male,Private,40,low
27,High school,Married,Male,Private,62,low
40,High school,Never married,Female,Private,41,low
35,High school,Never married,Female,Private,41,low
42,Some college,Previously married,Female,Private,41,low
33,High school,Never married,Male,Private,68,high
16,High school,Married,Female,Private,68,low
39,High school,Never married,Male,Private,46,low
47,Bachelor or higher,Married,Male,Private,70,low
109,Bachelor or higher,Married,Female,Private,41,low
46,Bachelor or higher,Married,Female,Private,40,low
38,High school,Married,Female,Private,41,low
56,Bachelor or higher,Married,Male,Private,65,low
39,Bachelor or higher,Never married,Female,Private,41,low
32,High school,Never married,Male,Private,70,low
45,High school,Never married,Female,Private,57,low
45,High school,Never married,Male,Private,71,high
43,High school,Previously married,Female,Private,41,low
45,High school,Previously married,Female,Private,41,low
40,Bachelor or higher,Never married,Female,Government,57,low
32,Some college,Previously married,Female,Private,41,low
45,High school,Never married,Female,Private,41,low
103,Bachelor or higher,Previously married,Male,Private,41,high
50,Bachelor or higher,Never married,Male,Private,40,low
46,Bachelor or higher,Never married,Female,Private,40,low
41,Bachelor or higher,Never married,Male,Private,59,low
23,High school,Previously married,Female,Private,41,high
47,High school,Married,Male,Private,55,low
27,High school,Never married,Female,Private,40,low
44,No high school,Never married,Male,Private,41,low
47,High school,Married,Male,Private,40,low
38,Bachelor or higher,Never married,Female,Government,67,low
45,High school,Married,Male,Government,40,low
31,High school,Married,Female,Private,41,low
35,High school,Never married,Female,Private,67,low
31,High school,Married,Female,Private,41,low
49,High school,Married,Male,Private,40,low
50,High school,Married,Male,Private,48,high
33,High school,Previously married,Female,Private,41,low
39,High school,Never married,Female,Private,71,low
36,High school,Married,Female,Private,71,low
36,Bachelor or higher,Married,Female,Private,41,low
31,High school,Never married,Female,Private,70,low
109,High school,Previously married,Female,Private,70,low
44,High school,Never married,Male,Private,41,low
45,High school,Never married,Female,Government,41,low
43,High school,Married,Female,Private,67,low
97,High school,Never married,Male,Private,41,low
31,High school,Never married,Male,Private,41,low
49,Some college,Married,Female,Government,40,low
47,High school,Never married,Male,Private,40,low
49,No high school,Married,Male,Private,41,low
30,High school,Never married,Male,Government,41,low
46,Some college,Never married,Female,Private,73,low
50,High school,Never married,Female,Private,41,low
43,High school,Never married,Female,Private,40,low
47,High school,Never married,Female,Private,40,low
92,High school,Married,Male,Private,40,low
22,High school,Married,Male,Private,61,low
44,High school,Married,Male,Self-employed,66,low
41,High school,Married,Female,Private,40,low
47,Bachelor or higher,Previously married,Female,Private,41,low
55,Bachelor or higher,Married,Female,Private,68,low
85,Bachelor or higher,Never married,Male,Private,41,low
48,High school,Married,Female,Private,41,low
46,High school,Married,Male,Private,50,low
46,Bachelor or higher,Married,Female,Private,67,low
42,Some college,Married,Female,Private,41,low
35,High school,Never married,Female,Private,41,low
78,High school,Never married,Female,Private,41,low
39,Bachelor or higher,Married,Male,Private,69,low
45,Some college,Never married,Female,Government,36,low
30,High school,Never married,Female,Private,41,low
33,High school,Married,Male,Private,41,low
26,High school,Married,Male,Private,41,low
84,Bachelor or higher,Never married,Male,Private,69,low
44,High school,Married,Male,Private,41,low
48,High school,Never married,Male,Private,65,low
29,High school,Married,Female,Private,69,low
44,Some college,Never married,Male,Private,57,low
34,Bachelor or higher,Previously married,Female,Private,41,high
34,High school,Never married,Female,Private,41,low
37,High school,Never married,Female,Private,40,low
65,Bachelor or higher,Never married,Male,Self-employed,41,low
79,Bachelor or higher,Never married,Male,Private,41,low
38,Bachelor or higher,Married,Male,Private,41,low
59,Some college,Married,Female,Private,41,low
39,High school,Never married,Female,Private,53,low
35,High school,Married,Male,Private,62,low
42,Bachelor or higher,Married,Male,Private,41,low
91,Some college,Married,Female,Private,41,low
45,Bachelor or higher,Married,Male,Private,68,low
26,High school,Never married,Male,Private,65,low
56,High school,Never married,Female,Private,40,low
29,High school,Married,Female,Government,41,low
48,High school,Never married,Male,Private,65,low
33,Bachelor or higher,Never married,Female,Private,70,low
36,High school,Never married,Male,Private,65,low
33,High school,Married,Male,Private,40,low
41,Some college,Married,Male,Private,41,low
38,Bachelor or higher,Married,Female,Private,41,low
39,High school,Married,Male,Private,70,low
30,High school,Never married,Male,Private,41,low
36,High school,Married,Male,Government,67,low
100,High school,Previously married,Female,Private,41,low
46,Some college,Previously married,Female,Private,41,low
31,Bachelor or higher,Never married,Male,Private,41,high
48,Some college,Previously married,Female,Private,41,low
44,High school,Never married,Male,Private,41,high
36,High school,Never married,Female,Self-employed,40,low
31,High school,Married,Female,Private,66,low
66,High school,Married,Male,Private,62,low
44,Bachelor or higher,Never married,Male,Government,41,low
53,No high school,Married,Female,Private,41,high
24,High school,Previously married,Female,Private,72,low
48,Bachelor or higher,Never married,Female,Private,70,high
46,High school,Previously married,Male,Private,44,low
38,High school,Previously married,Female,Self-employed,70,low
25,High school,Married,Female,Government,40,low
47,High school,Never married,Female,Private,46,low
43,High school,Never married,Male,Private,62,high
51,High school,Never married,Female,Private,41,low
46,Bachelor or higher,Previously married,Female,Government,70,low
31,High school,Never married,Female,Private,68,low
38,High school,Never married,Male,Private,63,low
30,High school,Never married,Female,Private,62,low
41,No high school,Married,Female,Private,41,low
33,High school,Never married,Female,Private,40,low
46,Bachelor or higher,Never married,Male,Private,41,low
49,Some college,Previously married,Male,Private,69,low
74,High school,Never married,Male,Private,41,low
46,High school,Never married,Female,Private,41,low
40,Some college,Never married,Male,Private,41,low
38,High school,Married,Male,Private,69,low
46,Some college,Previously married,Female,Private,67,low
23,High school,Never married,Female,Government,41,low
24,High school,Married,Female,Government,62,low
43,High school,Previously married,Female,Self-employed,66,low
49,High school,Never married,Male,Private,65,low
35,Bachelor or higher,Never married,Male,Private,41,high
45,Bachelor or higher,Married,Male,Private,40,low
43,High school,Never married,Male,Private,68,low
52,High school,Never married,Female,Private,69,low
46,No high school,Never married,Female,Private,41,low
44,High school,Married,Male,Private,62,low
39,Some college,Never married,Female,Private,60,low
49,High school,Never married,Male,Private,66,low
44,Bachelor or higher,Never married,Female,Private,41,low
95,Some college,Previously married,Female,Private,65,low
43,High school,Never married,Female,Private,41,high
68,Some college,Previously married,Male,Private,67,low
43,High school,Never married,Male,Private,41,high
41,High school,Married,Male,Private,41,low
40,High school,Never married,Male,Private,41,low
28,High school,Married,Male,Private,65,low
31,High school,Never married,Male,Private,41,low
28,High school,Married,Female,Private,67,low
45,Bachelor or higher,Never married,Male,Private,65,low
44,Bachelor or higher,Never married,Female,Private,68,low
50,No high school,Never married,Female,Private,67,low
52,Bachelor or higher,Never married,Female,Government,41,high
49,High school,Previously married,Female,Private,41,low
46,High school,Married,Male,Private,62,low
106,Bachelor or higher,Never married,Male,Private,40,low
35,No high school,Never married,Male,Private,69,low
42,High school,Married,Female,Private,41,low
22,Bachelor or higher,Never married,Male,Private,41,low
43,Bachelor or higher,Never married,Male,Private,67,low
29,High school,Married,Male,Self-employed,41,low
84,High school,Married,Female,Private,41,low
32,High school,Never married,Female,Private,69,low
38,High school,Married,Male,Private,40,low
76,High school,Never married,Female,Private,41,low
43,High school,Married,Male,Government,64,low
48,High school,Never married,Female,Private,40,low
41,High school,Never married,Female,Government,41,low
29,High school,Married,Female,Private,41,low
38,High school,Never married,Male,Government,40,low
28,Some college,Never married,Male,Self-employed,41,low
47,High school,Never married,Male,Private,59,low
47,Bachelor or higher,Never married,Male,Private,40,high
40,Some college,Married,Male,Private,40,low
39,High school,Never married,Male,Private,67,low
39,High school,Never married,Female,Private,41,low
39,High school,Married,Female,Private,71,low
51,High school,Never married,Male,Private,41,low
28,High school,Never married,Female,Government,41,low
46,High school,Married,Female,Private,41,low
25,High school,Married,Male,Private,40,low
41,High school,Never married,Male,Private,41,low
49,High school,Never married,Male,Private,40,low
48,High school,Never married,Female,Self-employed,58,low
42,Some college,Never married,Female,Private,69,low
48,High school,Never married,Female,Private,41,low
44,High school,Married,Male,Private,41,low
34,High school,Never married,Male,Self-employed,40,low
40,High school,Never married,Female,Self-employed,66,low
49,Some college,Never married,Male,Private,63,low
40,High school,Never married,Female,Private,68,low
57,Some college,Married,Female,Private,41,low
47,Some college,Previously married,Female,Government,62,low
46,No high school,Never married,Male,Private,66,low
27,High school,Married,Male,Private,41,low
84,High school,Never married,Male,Private,62,low
39,Some college,Never married,Female,Government,41,high
42,No high school,Never married,Female,Private,40,low
45,High school,Married,Female,Private,71,high
46,Bachelor or higher,Married,Female,Private,70,low
41,High school,Married,Male,Private,62,low
44,Some college,Never married,Male,Private,55,low
39,High school,Never married,Female,Private,41,low
34,Bachelor or higher,Married,Female,Self-employed,61,low
40,Bachelor or higher,Married,Male,Private,68,low
42,High school,Never married,Male,Private,57,low
48,High school,Never married,Male,Private,62,high
47,High school,Married,Male,Private,40,low
92,Bachelor or higher,Married,Male,Private,41,low
46,Some college,Never married,Male,Private,40,low
58,Some college,Never married,Male,Private,60,low
53,Bachelor or higher,Married,Male,Private,69,low
53,High school,Married,Male,Private,41,high
47,Some college,Married,Female,Private,41,low
72,Bachelor or higher,Married,Female,Private,62,low
34,High school,Previously married,Male,Private,70,low
43,Some college,Previously married,Female,Private,67,low
41,High school,Never married,Male,Private,41,low
43,High school,Never married,Female,Private,40,low
47,High school,Never married,Female,Private,41,low
49,High school,Never married,Male,Private,71,low
96,Bachelor or higher,Never married,Male,Private,41,high
41,Bachelor or higher,Married,Male,Private,40,low
44,High school,Never married,Male,Self-employed,41,low
34,High school,Married,Female,Private,69,high
40,High school,Married,Male,Private,41,low
34,High school,Never married,Female,Private,41,low
91,High school,Previously married,Female,Private,68,low
43,High school,Never married,Male,Private,41,low
39,Some college,Married,Female,Private,70,low
44,High school,Never married,Female,Government,41,low
47,Some college,Never married,Male,Private,64,low
27,High school,Married,Female,Private,41,low
45,Bachelor or higher,Never married,Female,Private,70,low
43,High school,Never married,Female,Private,40,low
49,High school,Never married,Male,Private,64,low
44,High school,Never married,Male,Private,41,low
50,High school,Married,Female,Private,40,high
27,High school,Previously married,Male,Private,41,low
40,High school,Never married,Male,Private,68,high
71,High school,Never married,Female,Private,71,low
21,Bachelor or higher,Previously married,Male,Private,41,low
38,High school,Never married,Male,Private,41,low
37,High school,Never married,Male,Private,41,low
39,Bachelor or higher,Never married,Male,Private,40,high
39,Some college,Married,Female,Self-employed,72,low
36,Some college,Married,Male,Private,60,high
32,High school,Never married,Female,Government,40,low
50,No high school,Never married,Male,Private,44,low
50,Some college,Never married,Male,Private,66,low
47,High school,Never married,Male,Private,41,high
47,High school,Married,Female,Private,71,low
31,High school,Married,Male,Private,54,low
72,High school,Never married,Female,Private,41,low
45,Bachelor or higher,Never married,Male,Private,68,low
45,High school,Never married,Female,Private,41,low
36,High school,Married,Female,Government,69,low
36,High school,Never married,Male,Self-employed,61,low
42,No high school,Married,Male,Private,40,low
44,Some college,Never married,Male,Private,41,low
44,Bachelor or higher,Married,Male,Private,63,high
26,Bachelor or higher,Never married,Female,Private,61,low
51,Some college,Married,Female,Private,41,low
47,Some college,Married,Male,Private,40,low
73,Bachelor or higher,Previously married,Male,Private,67,low
41,Bachelor or higher,Never married,Female,Private,41,low
41,High school,Never married,Male,Private,41,low
46,Bachelor or higher,Never married,Female,Private,64,low
21,Bachelor or higher,Married,Female,Self-employed,41,low
42,High school,Previously married,Female,Private,41,low
47,Bachelor or higher,Married,Male,Private,66,low
108,Some college,Never married,Female,Private,40,low
29,High school,Married,Female,Self-employed,41,low
41,High school,Never married,Male,Private,69,low
42,Bachelor or higher,Married,Male,Private,41,high
32,High school,Married,Female,Private,41,low
44,Some college,Married,Male,Private,64,low
38,Bachelor or higher,Never married,Female,Private,41,low
33,Bachelor or higher,Never married,Male,Private,59,low
27,High school,Married,Male,Private,40,low
40,High school,Married,Female,Private,41,low
94,No high school,Married,Male,Private,40,low
33,No high school,Married,Female,Private,40,low
39,High school,Never married,Female,Private,68,low
38,Some college,Married,Male,Private,40,low
45,High school,Never married,Female,Government,40,low
42,High school,Previously married,Female,Private,41,low
46,High school,Married,Female,Private,62,low
47,Bachelor or higher,Never married,Female,Private,41,low
34,High school,Married,Female,Private,70,low
47,Bachelor or higher,Previously married,Male,Private,69,low
54,Bachelor or higher,Previously married,Female,Private,41,low
26,Bachelor or higher,Married,Male,Private,56,high
44,Bachelor or higher,Never married,Male,Private,41,low
32,High school,Never married,Female,Private,40,low
40,High school,Married,Male,Self-employed,69,low
91,High school,Never married,Male,Private,41,low
42,Bachelor or higher,Never married,Male,Private,68,low
35,Some college,Married,Female,Private,41,low
85,No high school,Married,Female,Private,64,low
44,Some college,Never married,Female,Private,41,low
44,Some college,Married,Male,Private,41,low
46,High school,Never married,Male,Self-employed,71,low
26,High school,Married,Male,Private,40,low
38,High school,Married,Male,Private,53,low
25,High school,Married,Male,Private,41,high
48,High school,Never married,Male,Private,40,low
36,High school,Never married,Male,Private,69,low
38,High school,Never married,Male,Private,69,low
74,High school,Previously married,Male,Private,65,low
29,High school,Never married,Male,Private,52,low
31,High school,Married,Male,Private,51,low
27,No high school,Married,Male,Self-employed,40,low
45,Some college,Never married,Female,Private,59,low
32,High school,Married,Female,Private,68,low
35,Bachelor or higher,Married,Female,Private,70,low
67,High school,Never married,Male,Private,68,low
31,High school,Previously married,Male,Private,41,low
39,Bachelor or higher,Never married,Male,Private,41,low
29,Bachelor or higher,Married,Female,Private,21,low
31,High school,Never married,Male,Private,41,low
46,Some college,Never married,Male,Private,40,low
39,High school,Never married,Female,Self-employed,60,low
26,High school,Never married,Female,Private,41,low
50,Bachelor or higher,Never married,Male,Private,41,high
44,High school,Never married,Male,Private,101,low
95,High school,Never married,Female,Private,69,low
45,Some college,Married,Female,Private,56,low
39,High school,Never married,Male,Private,61,low
46,Some college,Previously married,Female,Private,40,low
50,Some college,Never married,Female,Private,64,low
41,Bachelor or higher,Never married,Female,Private,68,low
48,No high school,Married,Male,Private,40,low
43,High school,Never married,Male,Private,40,low
51,Some college,Married,Male,Private,32,low
36,Bachelor or higher,Never married,Female,Private,41,low
42,No high school,Never married,Female,Private,41,low
54,Bachelor or higher,Never married,Female,Private,41,low
35,High school,Married,Male,Private,58,low
49,Some college,Previously married,Male,Private,41,low
43,High school,Previously married,Female,Private,41,low
50,Some college,Previously married,Female,Private,41,low
40,High school,Never married,Female,Private,56,high
26,High school,Never married,Male,Private,57,low
48,High school,Never married,Male,Private,41,low
48,No high school,Never married,Male,Private,65,low
109,Bachelor or higher,Married,Male,Private,41,high
43,High school,Never married,Male,Private,41,high
30,High school,Never married,Male,Private,41,high
46,Some college,Married,Male,Private,54,high
42,High school,Never married,Male,Private,69,low
75,High school,Married,Male,Private,41,low
48,High school,Married,Male,Private,40,low
37,Bachelor or higher,Never married,Male,Private,41,low
45,High school,Previously married,Female,Private,41,low
40,Some college,Previously married,Female,Private,40,low
18,Some college,Married,Male,Private,62,low
31,Bachelor or higher,Married,Female,Private,67,low
46,High school,Never married,Male,Private,41,low
46,High school,Never married,Female,Government,40,low
40,High school,Never married,Female,Private,41,low
48,High school,Never married,Male,Government,40,low
36,Bachelor or higher,Never married,Male,Private,41,low
23,High school,Married,Male,Private,41,high
34,No high school,Never married,Male,Private,71,low
38,High school,Married,Female,Self-employed,41,high
45,Some college,Never married,Female,Self-employed,41,low
42,High school,Previously married,Male,Private,41,low
43,High school,Never married,Female,Private,41,low
20,High school,Never married,Male,Self-employed,70,low
37,High school,Never married,Male,Private,41,low
44,High school,Never married,Female,Private,41,low
30,Bachelor or higher,Married,Male,Private,65,low
47,High school,Never married,Female,Private,40,low
47,High school,Never married,Female,Private,63,low
48,Some college,Never married,Female,Private,66,high
31,Bachelor or higher,Married,Female,Private,41,low
44,High school,Never married,Male,Private,41,low
49,Some college,Never married,Female,Private,41,low
36,High school,Never married,Female,Private,41,low
28,High school,Never married,Female,Private,41,low
102,High school,Married,Female,Private,66,low
40,High school,Married,Male,Private,40,low
39,High school,Never married,Female,Government,51,low
46,Bachelor or higher,Never married,Female,Private,41,low
79,High school,Never married,Female,Private,41,low
41,Bachelor or higher,Never married,Male,Private,40,low
36,High school,Married,Male,Private,40,high
26,Bachelor or higher,Married,Female,Self-employed,41,low
89,High school,Never married,Female,Private,68,high
43,Bachelor or higher,Never married,Female,Government,41,low
36,High school,Never married,Male,Private,48,low
38,High school,Married,Female,Private,68,low
41,Some college,Never married,Male,Private,70,low
43,High school,Married,Male,Private,69,high
41,High school,Married,Female,Private,41,low
46,High school,Never married,Male,Private,41,low
34,Some college,Married,Male,Private,57,low
47,High school,Never married,Female,Private,70,low
71,High school,Married,Male,Government,41,low
40,High school,Married,Male,Private,41,high
23,No high school,Never married,Male,Private,61,low
47,Some college,Never married,Female,Private,70,low
25,Bachelor or higher,Never married,Female,Private,71,low
48,Some college,Previously married,Female,Government,41,low
31,Bachelor or higher,Married,Female,Private,40,low
21,High school,Married,Male,Private,41,low
41,High school,Married,Male,Private,41,high
51,High school,Never married,Male,Self-employed,66,low
47,High school,Previously married,Male,Private,41,low
30,High school,Never married,Male,Private,69,low
32,Bachelor or higher,Never married,Female,Private,41,low
20,Bachelor or higher,Never married,Female,Private,40,low
47,Some college,Never married,Female,Private,41,low
37,High school,Married,Male,Private,41,low
37,High school,Married,Male,Private,41,low
95,High school,Previously married,Female,Private,41,low
43,Bachelor or higher,Never married,Female,Government,69,low
108,Bachelor or higher,Never married,Male,Private,41,low
40,Some college,Married,Male,Private,40,low
43,High school,Married,Male,Private,40,low
44,High school,Married,Female,Private,41,low
45,Some college,Previously married,Male,Government,41,low
40,High school,Never married,Female,Private,70,low
100,No high school,Never married,Male,Private,70,low
50,High school,Never married,Male,Private,58,low
29,Bachelor or higher,Never married,Male,Government,41,low
39,High school,Married,Male,Private,41,low
47,High school,Married,Female,Private,41,low
34,High school,Married,Male,Self-employed,67,low
49,Bachelor or higher,Married,Female,Private,58,low
45,High school,Married,Male,Private,41,low
77,High school,Married,Female,Government,41,low
43,High school,Married,Male,Private,41,low
30,High school,Never married,Female,Private,41,low
50,High school,Never married,Female,Private,60,low
39,High school,Never married,Female,Private,71,low
41,Some college,Previously married,Female,Private,71,low
40,High school,Never married,Male,Private,55,high
66,High school,Never married,Male,Private,41,low
71,High school,Never married,Female,Self-employed,70,low
26,Bachelor or higher,Married,Male,Self-employed,70,low
29,High school,Never married,Female,Private,41,low
80,High school,Never married,Female,Government,68,low
40,High school,Never married,Male,Private,69,low
44,High school,Married,Female,Private,58,low
44,High school,Never married,Male,Private,66,low
44,No high school,Married,Female,Private,41,low
31,High school,Never married,Female,Private,70,low
48,High school,Never married,Female,Private,40,low
47,Bachelor or higher,Married,Male,Private,46,low
47,No high school,Previously married,Female,Private,41,low
49,High school,Previously married,Female,Private,41,low
26,High school,Married,Male,Private,42,low
42,High school,Never married,Male,Private,69,high
46,High school,Never married,Male,Private,42,low
26,Bachelor or higher,Never married,Female,Private,41,low
44,High school,Previously married,Male,Private,41,low
29,Some college,Married,Female,Government,41,low
33,High school,Married,Male,Private,71,high
38,Some college,Married,Female,Private,41,low
43,Some college,Never married,Male,Self-employed,41,low
40,Bachelor or higher,Married,Female,Private,41,low
49,Bachelor or higher,Never married,Female,Private,41,low
33,Some college,Never married,Female,Private,45,low
51,Some college,Married,Female,Private,66,low
79,High school,Married,Female,Private,41,low
44,Bachelor or higher,Never married,Male,Private,68,low
58,High school,Married,Female,Private,41,low
29,High school,Never married,Female,Private,67,low
81,High school,Married,Male,Private,67,low
40,High school,Married,Male,Private,65,low
48,High school,Previously married,Male,Government,41,low
45,High school,Married,Male,Private,41,low
29,High school,Never married,Male,Private,41,low
94,High school,Never married,Female,Private,39,low
34,High school,Never married,Female,Private,41,low
39,Bachelor or higher,Married,Male,Private,40,low
44,High school,Never married,Female,Private,41,low
48,High school,Never married,Male,Private,53,low
47,High school,Never married,Male,Private,41,high
33,High school,Previously married,Female,Self-employed,71,low
82,Bachelor or higher,Never married,Female,Private,68,low
47,High school,Previously married,Male,Private,67,low
43,High school,Never married,Male,Private,36,low
42,Some college,Married,Female,Private,41,low
42,High school,Never married,Male,Private,40,low
27,High school,Never married,Female,Private,41,low
46,High school,Married,Female,Self-employed,41,low
43,Bachelor or higher,Previously married,Female,Government,41,low
32,High school,Never married,Male,Private,40,low
46,High school,Married,Female,Private,64,low
30,Bachelor or higher,Married,Female,Private,40,low
45,High school,Never married,Male,Private,41,low
25,High school,Never married,Male,Private,41,low
41,Bachelor or higher,Married,Female,Private,41,low
32,High school,Never married,Male,Private,68,low
38,High school,Married,Female,Self-employed,69,low
98,Bachelor or higher,Never married,Male,Private,40,low
25,Bachelor or higher,Never married,Female,Private,41,low
51,High school,Never married,Female,Private,41,low
38,Some college,Never married,Female,Private,65,low
30,High school,Married,Male,Private,41,low
42,High school,Never married,Male,Private,41,low
86,High school,Never married,Female,Private,57,low
36,Bachelor or higher,Never married,Female,Private,41,low
47,High school,Never married,Male,Private,62,low
46,High school,Married,Male,Private,41,low
36,Some college,Married,Female,Private,41,low
28,High school,Never married,Male,Private,63,low
40,Bachelor or higher,Never married,Male,Private,41,high
88,High school,Never married,Male,Private,41,low
37,High school,Married,Female,Private,41,low
43,High school,Never married,Female,Private,41,low
31,Bachelor or higher,Married,Female,Private,41,low
44,Bachelor or higher,Never married,Male,Private,71,low
38,Bachelor or higher,Never married,Male,Private,64,high
50,High school,Never married,Male,Private,41,low
25,Bachelor or higher,Married,Female,Private,41,low
28,High school,Never married,Male,Private,40,low
46,High school,Never married,Female,Private,41,low
39,High school,Never married,Male,Private,58,low
47,Some college,Never married,Female,Private,41,low
41,High school,Previously married,Female,Private,41,low
41,High school,Never married,Male,Private,41,low
41,Bachelor or higher,Never married,Male,Self-employed,41,low
42,High school,Never married,Male,Private,41,high
49,Bachelor or higher,Never married,Female,Private,41,low
27,High school,Married,Female,Private,41,low
52,High school,Married,Male,Private,70,low
41,High school,Married,Male,Private,64,low
23,High school,Previously married,Female,Private,41,low
36,Bachelor or higher,Married,Female,Private,71,low
97,High school,Never married,Female,Government,40,low
34,High school,Never married,Female,Private,41,low
35,Bachelor or higher,Married,Female,Private,70,low
36,High school,Previously married,Male,Private,70,low
102,Some college,Never married,Female,Private,41,low
40,Bachelor or higher,Never married,Male,Private,70,low
36,High school,Married,Male,Private,41,high
26,High school,Previously married,Female,Private,72,low
89,Bachelor or higher,Never married,Female,Private,68,low
31,Bachelor or higher,Never married,Female,Private,41,low
37,High school,Married,Female,Private,41,low
47,High school,Previously married,Male,Private,69,low
47,Bachelor or higher,Never married,Female,Private,69,low
58,High school,Never married,Male,Private,41,low
38,High school,Never married,Female,Private,66,low
41,Bachelor or higher,Never married,Male,Private,41,low
46,High school,Never married,Female,Private,41,low
95,High school,Never married,Female,Private,41,low
47,High school,Never married,Female,Private,65,low
39,Some college,Married,Male,Private,69,low
54,Bachelor or higher,Never married,Male,Self-employed,41,low
47,Bachelor or higher,Married,Male,Private,39,high
48,Some college,Previously married,Male,Private,41,low
35,High school,Never married,Female,Private,69,low
40,High school,Married,Male,Private,41,low
35,High school,Previously married,Male,Private,58,low
42,High school,Never married,Female,Private,59,low
45,Bachelor or higher,Previously married,Male,Private,41,low
35,Bachelor or higher,Married,Female,Private,40,high
30,Some college,Never married,Male,Private,41,low
49,Some college,Married,Male,Private,41,low
81,High school,Previously married,Female,Private,41,low
32,Bachelor or higher,Never married,Female,Private,41,low
38,Bachelor or higher,Never married,Male,Private,41,low
32,High school,Never married,Male,Private,63,low
39,High school,Previously married,Female,Private,41,low
34,High school,Married,Male,Private,70,low
44,High school,Never married,Female,Private,71,high
45,High school,Married,Male,Private,69,low
46,Bachelor or higher,Never married,Female,Private,60,low
46,High school,Never married,Male,Private,66,low
35,Bachelor or higher,Never married,Female,Private,71,low
45,High school,Never married,Male,Private,68,low
45,High school,Married,Male,Private,40,low
49,High school,Married,Male,Private,66,low
25,High school,Married,Male,Private,67,low
27,High school,Never married,Female,Private,58,low
35,High school,Never married,Male,Private,41,high
41,Some college,Married,Male,Private,41,high
38,High school,Never married,Female,Private,69,high
36,High school,Previously married,Female,Private,41,low
38,Bachelor or higher,Never married,Male,Private,73,high
47,High school,Married,Male,Self-employed,41,high
40,Bachelor or higher,Never married,Female,Private,60,low
48,High school,Never married,Female,Private,41,low
45,Bachelor or higher,Never married,Male,Private,41,low
25,Some college,Previously married,Female,Private,41,high
78,High school,Never married,Male,Private,41,low
45,High school,Never married,Female,Private,41,low
36,Bachelor or higher,Married,Male,Private,41,low
45,High school,Married,Male,Private,40,high
34,High school,Never married,Male,Private,53,low
45,High school,Married,Male,Private,40,low
27,High school,Married,Male,Private,65,low
30,High school,Never married,Male,Private,41,low
48,High school,Never married,Male,Private,41,low
44,Bachelor or higher,Married,Female,Private,41,low
45,High school,Married,Female,Self-employed,41,low
49,Bachelor or higher,Never married,Male,Private,66,low
37,High school,Previously married,Female,Private,41,low
26,High school,Never married,Female,Private,58,low
44,High school,Never married,Female,Private,40,low
43,High school,Married,Female,Private,41,high
71,High school,Previously married,Female,Private,41,low
45,High school,Married,Male,Private,40,low
47,Bachelor or higher,Married,Male,Private,41,low
49,No high school,Never married,Female,Private,68,low
42,High school,Married,Female,Private,41,low
67,High school,Never married,Male,Private,71,low
43,High school,Never married,Female,Private,41,low
44,High school,Never married,Female,Private,69,low
46,High school,Married,Male,Private,41,low
42,Bachelor or higher,Married,Female,Self-employed,69,low
31,No high school,Never married,Male,Private,41,low
48,Some college,Married,Male,Private,68,low
45,High school,Previously married,Male,Private,40,low
51,High school,Previously married,Female,Private,41,low
35,High school,Married,Male,Government,41,high
49,High school,Never married,Male,Private,65,high
31,High school,Never married,Male,Private,41,low
48,Bachelor or higher,Married,Female,Private,41,low
31,High school,Previously married,Male,Private,70,low
42,High school,Never married,Male,Self-employed,41,low
35,High school,Married,Female,Private,59,low
44,High school,Never married,Female,Private,40,low
46,Bachelor or higher,Married,Female,Private,41,low
42,High school,Married,Female,Private,41,high
32,High school,Never married,Female,Private,41,low
90,High school,Never married,Female,Self-employed,41,low
65,High school,Never married,Male,Private,58,low
38,High school,Married,Female,Private,41,low
41,Bachelor or higher,Married,Male,Private,41,low
28,High school,Married,Female,Private,69,low
102,Bachelor or higher,Married,Female,Private,63,low
35,High school,Never married,Male,Private,41,low
47,Some college,Never married,Female,Private,41,low
72,High school,Never married,Male,Private,65,low
30,High school,Never married,Female,Private,41,low
42,High school,Married,Male,Private,56,high
49,Bachelor or higher,Never married,Female,Private,41,low
49,Some college,Married,Female,Private,70,low
40,High school,Never married,Female,Private,69,low
40,High school,Married,Male,Private,58,low
47,Some college,Previously married,Male,Private,41,low
49,Some college,Previously married,Male,Private,41,low
42,High school,Never married,Male,Private,41,low
39,Bachelor or higher,Married,Male,Private,68,low
38,High school,Never married,Male,Private,41,low
43,No high school,Married,Female,Private,41,low
33,Bachelor or higher,Never married,Female,Private,40,low
44,High school,Never married,Female,Private,41,low
48,No high school,Married,Female,Private,41,low
35,High school,Married,Male,Private,60,high
29,High school,Never married,Female,Private,40,low
98,Some college,Never married,Male,Self-employed,40,low
52,Bachelor or higher,Married,Female,Private,41,low
44,Bachelor or higher,Never married,Male,Private,40,low
45,Bachelor or higher,Never married,Male,Private,41,low
48,Bachelor or higher,Married,Male,Private,41,high
37,High school,Never married,Female,Private,41,low
45,Bachelor or higher,Never married,Female,Private,65,low
47,Bachelor or higher,Married,Female,Private,41,low
39,High school,Never married,Female,Private,41,low
48,Bachelor or higher,Never married,Male,Private,40,low
45,Bachelor or higher,Never married,Male,Private,40,low
104,Bachelor or higher,Never married,Male,Private,62,low
44,Some college,Never married,Female,Private,41,low
48,No high school,Never married,Male,Private,68,low
78,High school,Never married,Female,Private,41,low
49,High school,Never married,Female,Private,40,low
37,High school,Married,Male,Private,41,low
85,High school,Married,Female,Private,44,low
92,Bachelor or higher,Married,Male,Private,41,high
39,Bachelor or higher,Married,Male,Private,62,low
33,High school,Never married,Female,Private,40,low
68,Some college,Never married,Female,Private,66,low
50,Some college,Married,Male,Private,44,low
40,High school,Married,Male,Private,72,low
105,High school,Never married,Female,Private,70,low
42,High school,Never married,Male,Private,41,low
39,High school,Previously married,Female,Private,65,low
44,High school,Never married,Female,Private,66,low
65,High school,Never married,Female,Private,67,low
43,Bachelor or higher,Married,Male,Private,41,low
38,No high school,Never married,Female,Private,41,low
39,High school,Married,Female,Private,41,high
101,Bachelor or higher,Previously married,Male,Private,41,low
50,High school,Married,Female,Private,51,low
23,Bachelor or higher,Never married,Male,Government,41,low
43,Some college,Never married,Female,Private,68,low
41,No high school,Never married,Male,Private,66,low
34,High school,Never married,Female,Private,67,low
36,High school,Married,Female,Private,62,low
53,Some college,Married,Female,Private,67,low
42,High school,Married,Male,Private,41,low
43,High school,Never married,Male,Private,41,low
37,High school,Married,Male,Private,60,high
39,High school,Never married,Male,Private,41,low
41,No high school,Never married,Male,Self-employed,41,low
50,Some college,Never married,Female,Private,40,low
44,Some college,Previously married,Male,Private,113,low
32,Bachelor or higher,Married,Male,Private,40,low
30,High school,Married,Male,Private,71,low
35,Some college,Married,Male,Self-employed,68,low
43,High school,Married,Male,Private,41,high
35,High school,Previously married,Female,Government,41,low
42,High school,Previously married,Female,Private,70,low
49,High school,Married,Male,Private,41,low
47,High school,Married,Female,Private,70,low
44,Bachelor or higher,Married,Female,Private,40,low
24,Bachelor or higher,Never married,Male,Private,70,low
44,Some college,Married,Female,Private,41,low
108,High school,Never married,Female,Private,41,low
41,High school,Married,Male,Government,62,low
68,High school,Never married,Male,Private,71,low
38,High school,Married,Male,Private,50,high
31,Bachelor or higher,Never married,Male,Private,41,low
34,Some college,Married,Male,Private,41,low
90,High school,Never married,Male,Private,29,low
25,High school,Married,Female,Private,41,low
41,High school,Never married,Female,Private,66,low
95,Bachelor or higher,Married,Female,Private,41,low
40,Bachelor or higher,Never married,Female,Self-employed,69,low
31,High school,Married,Male,Private,65,low
34,Some college,Married,Female,Government,58,low
48,High school,Previously married,Female,Private,52,low
33,High school,Married,Male,Private,61,low
23,High school,Married,Female,Private,58,low
43,High school,Never married,Male,Private,66,low
24,High school,Married,Female,Private,41,low
43,No high school,Married,Male,Private,66,low
97,No high school,Never married,Male,Private,41,low
25,High school,Previously married,Female,Private,41,low
66,Bachelor or higher,Never married,Male,Private,54,low
34,High school,Married,Male,Government,66,low
37,Some college,Never married,Male,Private,41,low
38,High school,Never married,Female,Private,66,low
103,High school,Never married,Female,Private,40,low
47,High school,Never married,Female,Private,41,high
40,High school,Previously married,Female,Private,41,low
28,High school,Never married,Male,Private,67,high
65,Bachelor or higher,Married,Female,Private,41,low
42,Bachelor or higher,Previously married,Female,Government,66,low
63,Bachelor or higher,Married,Female,Private,41,low
34,High school,Married,Male,Private,41,low
49,Some college,Married,Male,Private,64,low
43,Bachelor or higher,Married,Male,Government,64,low
49,Bachelor or higher,Never married,Male,Private,41,low
48,Some college,Previously married,Female,Private,41,low
48,Some college,Previously married,Female,Private,41,low
29,High school,Never married,Male,Private,41,low
46,Bachelor or higher,Never married,Male,Private,51,low
49,High school,Previously married,Male,Private,70,low
46,High school,Married,Male,Private,71,low
48,High school,Never married,Male,Private,40,low
47,High school,Never married,Male,Private,60,low
87,Some college,Never married,Male,Private,40,low
18,High school,Never married,Female,Private,41,low
43,High school,Married,Female,Private,41,low
32,Bachelor or higher,Never married,Female,Private,69,low
42,High school,Previously married,Female,Private,67,low
91,High school,Married,Female,Self-employed,44,low
39,Some college,Married,Female,Private,41,low
35,High school,Never married,Male,Private,41,low
42,High school,Married,Male,Private,57,low
47,Some college,Never married,Female,Private,42,low
96,Some college,Never married,Male,Government,67,low
48,No high school,Married,Male,Private,41,low
40,High school,Previously married,Female,Government,60,low
31,Bachelor or higher,Married,Female,Government,53,low
100,No high school,Never married,Female,Private,66,low
82,Some college,Never married,Male,Self-employed,41,low
40,High school,Married,Female,Private,41,low
37,High school,Married,Male,Private,40,low
26,High school,Never married,Male,Self-employed,41,low
79,Bachelor or higher,Married,Female,Private,40,low
25,High school,Never married,Female,Private,41,low
43,Bachelor or higher,Never married,Female,Private,40,low
37,High school,Never married,Female,Private,41,low
47,Some college,Never married,Female,Private,41,low
48,Bachelor or higher,Previously married,Female,Private,40,low
31,High school,Married,Male,Private,40,low
42,High school,Never married,Female,Private,64,low
42,High school,Never married,Male,Private,35,low
39,High school,Married,Male,Private,62,high
48,High school,Never married,Female,Private,41,low
106,High school,Married,Female,Private,40,low
44,No high school,Never married,Female,Private,71,low
38,No high school,Never married,Female,Private,41,low
44,Bachelor or higher,Married,Female,Private,40,low
45,Some college,Previously married,Female,Government,41,low
38,High school,Married,Male,Government,41,low
90,Bachelor or higher,Never married,Male,Private,68,low
43,High school,Never married,Male,Self-employed,41,low
26,Some college,Previously married,Female,Private,41,low
100,High school,Never married,Female,Private,70,low
51,No high school,Never married,Male,Private,68,low
105,High school,Married,Male,Government,40,low
24,High school,Never married,Female,Private,68,low
44,Some college,Married,Male,Private,70,low
50,High school,Married,Male,Private,41,high
39,Some college,Never married,Female,Private,41,low
97,Some college,Married,Female,Private,65,low
41,High school,Previously married,Male,Private,41,low
66,High school,Married,Male,Private,69,high
47,High school,Never married,Female,Private,40,low
37,High school,Previously married,Female,Self-employed,41,low
32,High school,Married,Male,Private,41,low
46,High school,Never married,Female,Private,40,low
47,Some college,Never married,Male,Private,41,low
39,High school,Previously married,Female,Private,41,low
33,No high school,Never married,Female,Private,40,low
36,High school,Married,Male,Government,41,low
47,Some college,Never married,Male,Private,41,high
34,High school,Previously married,Male,Private,67,low
38,High school,Married,Female,Private,40,low
37,High school,Married,Male,Government,63,low
36,High school,Never married,Male,Self-employed,66,low
26,High school,Never married,Male,Private,41,low
95,No high school,Married,Female,Private,41,low
85,No high school,Never married,Female,Private,57,low
35,High school,Never married,Female,Private,60,low
45,Some college,Never married,Male,Private,51,high
39,Bachelor or higher,Married,Male,Private,40,low
26,Bachelor or higher,Married,Male,Private,69,low
38,High school,Never married,Female,Private,41,high
22,High school,Married,Female,Private,70,low
94,High school,Married,Female,Private,41,low
32,Bachelor or higher,Married,Male,Private,66,low
48,Bachelor or higher,Never married,Female,Government,64,low
39,High school,Never married,Male,Private,41,high
35,High school,Married,Male,Private,41,low
48,Some college,Never married,Female,Private,41,low
84,Bachelor or higher,Never married,Male,Private,41,low
48,No high school,Married,Male,Private,46,low
71,Bachelor or higher,Married,Male,Private,62,low
47,High school,Previously married,Female,Government,41,low
43,High school,Never married,Female,Private,56,low
30,Bachelor or higher,Married,Male,Private,41,low
43,High school,Never married,Male,Private,65,low
30,High school,Married,Male,Private,71,low
42,High school,Married,Male,Private,68,low
103,Some college,Married,Male,Private,40,low
51,High school,Never married,Female,Private,71,low
38,High school,Married,Male,Private,64,low
44,Some college,Previously married,Male,Private,41,low
37,High school,Married,Female,Private,41,low
37,High school,Never married,Male,Private,65,high
48,Bachelor or higher,Never married,Female,Private,40,low
33,Bachelor or higher,Married,Male,Private,41,high
32,No high school,Previously married,Female,Private,41,low
41,High school,Married,Male,Private,41,low
49,High school,Never married,Male,Private,64,low
28,High school,Married,Female,Private,41,low
28,High school,Never married,Male,Private,41,low
40,Bachelor or higher,Never married,Female,Government,70,low
43,High school,Never married,Male,Self-employed,55,low
31,High school,Never married,Male,Private,63,low
105,Some college,Married,Female,Private,60,low
43,High school,Married,Female,Private,70,low
45,High school,Never married,Female,Private,67,low
44,High school,Never married,Male,Private,68,low
75,High school,Never married,Female,Government,37,low
28,High school,Never married,Male,Private,71,low
71,Bachelor or higher,Previously married,Female,Private,41,low
43,High school,Never married,Male,Private,40,high
104,High school,Never married,Female,Private,41,low
35,High school,Never married,Female,Self-employed,40,low
39,No high school,Previously married,Male,Self-employed,41,low
48,Some college,Married,Male,Private,41,low
34,Bachelor or higher,Previously married,Female,Private,71,low
35,Bachelor or higher,Never married,Female,Government,71,low
27,High school,Never married,Female,Private,41,low
43,High school,Married,Male,Private,41,low
50,High school,Never married,Female,Private,70,low
25,Some college,Married,Female,Private,63,low
30,Some college,Never married,Male,Private,41,low
98,High school,Never married,Female,Private,41,low
78,High school,Previously married,Male,Private,41,high
40,High school,Never married,Male,Private,42,low
46,High school,Never married,Male,Private,41,low
26,Some college,Married,Female,Private,41,low
36,Some college,Married,Female,Private,41,low
39,High school,Never married,Female,Private,54,low
51,Bachelor or higher,Never married,Female,Private,40,low
43,Bachelor or higher,Never married,Male,Private,64,low
29,Bachelor or higher,Never married,Female,Private,70,low
49,Bachelor or higher,Never married,Female,Private,41,low
46,High school,Married,Female,Private,41,low
42,High school,Never married,Male,Private,40,low
44,High school,Never married,Female,Private,41,low
46,High school,Married,Male,Private,40,low
48,Bachelor or higher,Previously married,Male,Government,41,low
30,High school,Married,Male,Private,55,low
37,High school,Never married,Female,Private,41,low
29,Bachelor or higher,Never married,Female,Private,41,low
49,High school,Never married,Female,Private,41,low
30,Bachelor or higher,Married,Female,Private,70,low
82,High school,Previously married,Female,Private,40,low
45,High school,Previously married,Female,Private,41,low
50,High school,Never married,Male,Private,65,low
41,High school,Never married,Male,Private,71,high
50,Some college,Married,Female,Private,47,low
42,High school,Married,Male,Private,67,low
44,Bachelor or higher,Married,Female,Private,70,low
33,High school,Married,Male,Self-employed,41,low
36,Some college,Never married,Female,Private,40,low
28,No high school,Never married,Female,Private,40,low
30,High school,Married,Male,Private,69,low
82,High school,Never married,Male,Self-employed,41,low
48,Some college,Previously married,Female,Private,44,low
80,High school,Never married,Female,Self-employed,61,low
26,High school,Married,Female,Self-employed,41,low
51,High school,Never married,Male,Private,40,low
26,High school,Married,Female,Private,40,low
31,High school,Never married,Male,Private,41,low
88,Some college,Never married,Male,Private,41,low
48,High school,Never married,Female,Private,40,low
41,Bachelor or higher,Married,Female,Private,67,low
24,Bachelor or higher,Married,Female,Private,66,low
29,High school,Married,Female,Private,41,low
47,High school,Never married,Male,Private,71,low
49,High school,Previously married,Male,Private,68,high
47,Some college,Never married,Female,Private,40,low
28,High school,Married,Male,Private,68,low
97,Some college,Never married,Male,Private,40,low
89,Bachelor or higher,Never married,Male,Private,70,low
38,Some college,Previously married,Female,Private,41,low
49,High school,Married,Male,Private,41,low
48,Bachelor or higher,Married,Female,Private,41,low
102,Some college,Never married,Female,Private,40,low
45,Bachelor or higher,Never married,Female,Private,69,low
46,High school,Never married,Female,Private,41,low
48,Bachelor or higher,Never married,Male,Private,50,low
43,High school,Married,Male,Private,70,low
40,Bachelor or higher,Never married,Female,Private,41,low
49,High school,Married,Female,Private,68,low
36,Some college,Previously married,Female,Private,41,high
35,High school,Previously married,Female,Private,41,low
41,Some college,Married,Female,Self-employed,70,low
44,Bachelor or higher,Never married,Female,Private,71,low
49,High school,Never married,Male,Private,69,low
41,Some college,Married,Male,Private,41,low
36,High school,Never married,Female,Private,68,low
42,High school,Previously married,Female,Private,41,low
36,High school,Married,Male,Private,41,low
35,Bachelor or higher,Married,Male,Private,61,low
20,Bachelor or higher,Never married,Male,Private,40,low
92,High school,Never married,Male,Private,68,high
37,Bachelor or higher,Never married,Female,Government,40,low
39,High school,Married,Male,Private,41,high
46,High school,Married,Female,Self-employed,69,low
19,High school,Previously married,Female,Private,40,low
43,Bachelor or higher,Never married,Female,Private,41,low
47,Bachelor or higher,Married,Female,Private,41,low
47,High school,Never married,Male,Private,40,low
32,High school,Married,Female,Private,41,low
44,High school,Previously married,Female,Private,41,low
35,Bachelor or higher,Married,Male,Private,63,low
35,High school,Never married,Female,Government,40,low
46,High school,Never married,Male,Private,41,low
47,High school,Married,Female,Private,40,low
36,High school,Married,Male,Private,69,low
74,Bachelor or higher,Married,Female,Private,68,low
42,High school,Never married,Male,Private,40,low
28,Bachelor or higher,Married,Male,Self-employed,38,low
45,High school,Married,Female,Private,63,low
47,Bachelor or higher,Never married,Male,Private,41,high
43,Bachelor or higher,Married,Male,Private,64,low
28,High school,Never married,Female,Private,70,low
79,High school,Previously married,Female,Private,41,low
26,Bachelor or higher,Never married,Female,Private,41,low
28,Some college,Never married,Female,Private,45,low
100,High school,Never married,Female,Private,70,low
50,Bachelor or higher,Married,Female,Private,41,low
47,High school,Married,Male,Private,40,high
33,High school,Never married,Female,Private,41,low
44,Some college,Never married,Male,Private,65,low
40,High school,Married,Female,Private,41,high
27,High school,Married,Male,Private,40,high
34,High school,Married,Male,Private,41,low
34,High school,Never married,Male,Private,61,low
37,Some college,Married,Female,Self-employed,65,low
43,Some college,Never married,Female,Private,68,low
32,High school,Never married,Female,Private,41,low
37,High school,Never married,Male,Private,41,low
38,Bachelor or higher,Married,Male,Private,41,low
33,High school,Married,Female,Private,45,low
37,Bachelor or higher,Married,Female,Private,41,low
40,High school,Never married,Female,Private,71,low
41,High school,Never married,Male,Government,41,low
44,High school,Never married,Female,Private,41,low
36,Some college,Never married,Male,Private,41,low
35,High school,Never married,Female,Private,41,low
50,Some college,Never married,Male,Private,58,low
53,High school,Married,Female,Private,41,low
39,High school,Married,Female,Private,67,low
24,High school,Never married,Male,Private,41,low
49,Some college,Never married,Male,Private,61,low
81,High school,Never married,Female,Private,70,low
42,High school,Never married,Male,Private,41,low
39,High school,Never married,Female,Private,41,low
24,Some college,Previously married,Male,Private,41,low
45,High school,Previously married,Female,Private,41,low
48,Some college,Never married,Female,Private,41,low
46,High school,Married,Male,Private,56,low
44,High school,Never married,Female,Government,41,low
43,High school,Never married,Female,Private,70,low
47,High school,Never married,Female,Private,71,low
26,High school,Married,Male,Self-employed,68,low
47,High school,Married,Female,Private,68,low
40,High school,Previously married,Female,Private,41,low
43,High school,Never married,Female,Self-employed,55,low
46,Bachelor or higher,Married,Female,Private,58,low
38,Bachelor or higher,Never married,Male,Private,69,low
39,Some college,Married,Male,Private,67,low
42,Bachelor or higher,Married,Female,Private,68,low
49,High school,Previously married,Male,Private,40,low
43,No high school,Never married,Female,Private,68,low
30,Some college,Married,Female,Private,68,low
49,Bachelor or higher,Married,Female,Private,41,high
34,High school,Married,Female,Private,41,low
28,High school,Never married,Female,Private,41,low
50,No high school,Never married,Female,Private,53,low
20,Bachelor or higher,Never married,Female,Private,66,low
35,High school,Previously married,Female,Private,41,low
41,High school,Married,Male,Private,41,low
40,High school,Married,Male,Private,40,low
43,Some college,Previously married,Male,Private,41,low
46,High school,Married,Male,Private,65,low
45,High school,Never married,Male,Government,57,low
29,Bachelor or higher,Never married,Female,Private,41,low
105,Some college,Previously married,Female,Private,71,low
44,Bachelor or higher,Never married,Female,Private,41,low
49,Bachelor or higher,Never married,Male,Private,59,low
31,Bachelor or higher,Married,Female,Private,49,low
50,Some college,Never married,Male,Private,70,low
44,High school,Married,Female,Private,71,low
49,Bachelor or higher,Married,Male,Private,41,low
26,High school,Previously married,Male,Private,70,low
26,High school,Previously married,Male,Private,67,low
42,High school,Never married,Male,Private,40,low
32,Some college,Never married,Female,Private,41,low
95,High school,Married,Male,Private,41,low
22,High school,Married,Female,Private,58,high
36,No high school,Married,Male,Private,69,low
36,High school,Never married,Male,Private,66,low
46,Some college,Never married,Male,Private,69,low
25,Bachelor or higher,Never married,Female,Self-employed,41,low
46,Bachelor or higher,Married,Female,Private,41,low
28,High school,Never married,Female,Private,69,low
38,Bachelor or higher,Never married,Male,Private,41,low
32,High school,Married,Female,Private,41,low
47,Bachelor or higher,Never married,Male,Private,68,low
107,No high school,Married,Male,Private,40,low
42,High school,Married,Male,Private,40,low
49,Bachelor or higher,Never married,Male,Private,41,low
44,No high school,Married,Female,Private,68,low
45,Some college,Never married,Male,Private,41,low
34,No high school,Never married,Female,Private,60,low
34,No high school,Never married,Female,Private,68,low
47,No high school,Never married,Male,Government,58,low
93,No high school,Married,Male,Private,41,low
44,High school,Never married,Male,Private,41,low
45,No high school,Never married,Male,Private,41,low
42,High school,Previously married,Male,Private,41,low
43,Bachelor or higher,Never married,Male,Private,70,low
44,Some college,Never married,Female,Private,41,low
70,Bachelor or higher,Never married,Female,Private,41,low
46,Bachelor or higher,Never married,Female,Private,41,high
42,High school,Married,Male,Private,70,high
33,High school,Previously married,Female,Private,41,low
33,High school,Previously married,Male,Private,41,high
38,High school,Never married,Female,Private,56,low
44,High school,Never married,Male,Private,41,low
40,Some college,Never married,Male,Private,41,low
37,Some college,Never married,Female,Private,41,low
34,High school,Never married,Female,Private,40,low
48,High school,Never married,Male,Private,69,high
43,High school,Previously married,Female,Private,41,low
78,Bachelor or higher,Previously married,Male,Private,41,low
20,Bachelor or higher,Married,Male,Private,68,low
47,Some college,Never married,Male,Private,48,high
46,High school,Married,Female,Private,41,low
42,High school,Never married,Male,Private,70,low
104,High school,Married,Male,Private,40,low
40,High school,Never married,Female,Private,69,high
20,High school,Never married,Female,Private,64,low
88,High school,Never married,Female,Self-employed,41,low
50,Some college,Never married,Male,Private,41,low
35,Bachelor or higher,Married,Male,Private,40,low
46,Bachelor or higher,Never married,Female,Private,64,low
47,Some college,Married,Male,Private,63,low
44,Some college,Never married,Male,Private,40,low
69,Bachelor or higher,Married,Male,Private,65,low
44,Some college,Never married,Male,Government,40,low
47,Bachelor or higher,Never married,Female,Private,59,low
33,High school,Married,Female,Private,41,low
99,High school,Never married,Male,Private,41,low
99,Bachelor or higher,Never married,Male,Private,41,low
56,Bachelor or higher,Never married,Male,Private,41,low
39,Some college,Never married,Male,Private,41,high
41,High school,Never married,Male,Private,41,low
35,Some college,Never married,Male,Private,40,low
95,Bachelor or higher,Never married,Female,Private,59,low
28,High school,Never married,Male,Private,41,low
41,High school,Never married,Female,Private,40,low
38,No high school,Married,Male,Private,67,low
34,Some college,Never married,Male,Government,41,low
50,High school,Previously married,Male,Private,41,low
78,High school,Never married,Female,Private,52,low
42,High school,Married,Female,Private,41,low
30,High school,Married,Female,Private,41,low
37,High school,Married,Female,Private,64,high
44,Some college,Married,Female,Private,41,low
34,High school,Never married,Female,Private,41,low
42,High school,Previously married,Male,Private,41,high
33,High school,Never married,Female,Private,40,low
39,Bachelor or higher,Married,Male,Private,68,low
27,High school,Married,Female,Private,72,low
45,High school,Never married,Male,Private,40,high
36,High school,Never married,Female,Private,41,low
49,High school,Married,Female,Private,41,low
43,High school,Never married,Male,Private,71,high
49,No high school,Never married,Female,Private,41,low
45,High school,Never married,Male,Private,58,high
32,Bachelor or higher,Married,Male,Private,67,low
75,High school,Never married,Male,Private,41,low
29,High school,Married,Female,Private,40,low
22,Bachelor or higher,Married,Male,Private,54,low
93,High school,Never married,Male,Private,60,low
42,High school,Previously married,Female,Private,12,low
35,High school,Married,Male,Private,41,low
97,High school,Married,Male,Government,55,low
37,Bachelor or higher,Married,Male,Private,70,low
32,Bachelor or higher,Never married,Female,Private,70,low
45,High school,Never married,Female,Private,70,low
42,High school,Previously married,Female,Private,68,low
105,High school,Never married,Male,Private,41,low
45,High school,Never married,Male,Private,69,low
47,Some college,Married,Male,Private,65,low
46,High school,Never married,Female,Private,56,low
39,Some college,Married,Male,Private,40,low
73,High school,Never married,Male,Private,67,low
48,High school,Never married,Female,Private,41,low
45,High school,Never married,Male,Private,45,low
32,High school,Previously married,Male,Private,40,low
82,High school,Never married,Male,Private,40,low
46,Bachelor or higher,Never married,Female,Government,64,low
57,Bachelor or higher,Never married,Female,Private,54,high
100,High school,Previously married,Female,Private,41,low
45,Bachelor or higher,Married,Female,Private,41,low
43,High school,Never married,Female,Private,41,low
44,High school,Never married,Male,Government,41,low
36,High school,Never married,Female,Private,67,low
46,High school,Previously married,Male,Private,41,low
44,No high school,Married,Male,Private,40,low
44,Bachelor or higher,Married,Male,Private,41,low
48,High school,Never married,Female,Private,41,low
21,High school,Never married,Male,Self-employed,58,low
20,High school,Never married,Male,Private,41,low
20,No high school,Married,Male,Private,41,low
64,High school,Married,Female,Private,41,low
40,High school,Never married,Female,Private,52,low
81,High school,Never married,Female,Private,67,low
44,High school,Never married,Female,Private,41,low
96,No high school,Never married,Male,Private,40,low
45,High school,Married,Female,Private,70,low
48,High school,Never married,Female,Private,41,low
49,Bachelor or higher,Married,Male,Private,41,low
92,High school,Previously married,Female,Private,71,low
37,High school,Never married,Male,Private,41,low
36,Bachelor or higher,Married,Female,Private,41,low
48,Some college,Married,Female,Private,41,low
44,High school,Never married,Male,Private,41,low
30,Bachelor or higher,Never married,Female,Private,71,low
44,High school,Never married,Male,Private,40,low
32,Bachelor or higher,Never married,Male,Private,40,low
71,Bachelor or higher,Never married,Male,Private,41,high
42,High school,Married,Male,Private,41,low
50,Some college,Never married,Male,Private,65,low
48,Bachelor or higher,Married,Male,Private,63,low
104,Bachelor or higher,Never married,Female,Private,41,low
73,Bachelor or higher,Married,Female,Private,41,low
41,High school,Never married,Male,Private,70,low
42,Bachelor or higher,Never married,Male,Private,61,low
78,High school,Never married,Male,Private,65,low
26,High school,Never married,Female,Private,66,low
36,High school,Never married,Male,Self-employed,60,low
42,High school,Married,Male,Private,41,low
32,High school,Married,Male,Private,69,high
27,High school,Never married,Female,Private,41,low
24,High school,Never married,Male,Self-employed,69,low
43,Bachelor or higher,Married,Female,Private,41,low
31,High school,Never married,Female,Private,41,low
47,High school,Never married,Male,Private,65,low
44,High school,Married,Male,Private,41,low
19,High school,Never married,Male,Private,41,low
36,Some college,Married,Male,Private,40,low
44,Bachelor or higher,Married,Male,Private,41,high
46,Bachelor or higher,Never married,Male,Private,68,high
37,Bachelor or higher,Married,Male,Private,41,low
41,High school,Married,Male,Government,68,low
34,High school,Never married,Male,Private,65,low
30,Bachelor or higher,Never married,Female,Private,68,high
38,Some college,Previously married,Female,Private,68,low
40,High school,Never married,Female,Private,41,low
40,Some college,Never married,Male,Private,58,low
25,High school,Never married,Female,Self-employed,41,low
46,High school,Never married,Female,Private,41,low
54,Bachelor or higher,Never married,Male,Private,40,low
45,Bachelor or higher,Never married,Male,Private,40,low
35,Some college,Married,Female,Private,70,high
31,Some college,Married,Male,Private,70,low
42,High school,Married,Male,Private,70,low
45,High school,Never married,Female,Private,40,low
59,High school,Married,Female,Government,59,low
38,High school,Married,Female,Private,48,low
44,Bachelor or higher,Previously married,Male,Government,64,low
27,High school,Previously married,Male,Private,41,high
48,High school,Never married,Female,Private,58,low
39,High school,Never married,Female,Private,41,low
28,High school,Married,Female,Self-employed,71,low
48,Bachelor or higher,Never married,Female,Private,57,low
40,High school,Married,Male,Private,62,low
42,High school,Never married,Male,Private,41,low
39,Bachelor or higher,Never married,Female,Private,70,low
20,Bachelor or higher,Married,Female,Private,70,low
47,High school,Never married,Female,Private,42,low
47,Bachelor or higher,Married,Male,Private,41,low
45,High school,Never married,Male,Private,41,low
39,High school,Never married,Male,Private,67,low
47,High school,Never married,Male,Private,40,low
60,No high school,Married,Male,Private,41,low
36,Some college,Married,Female,Private,41,low
40,Bachelor or higher,Married,Female,Private,68,low
44,High school,Married,Male,Private,41,low
39,High school,Previously married,Male,Private,41,low
57,High school,Never married,Female,Private,68,low
44,High school,Never married,Male,Private,41,low
39,High school,Married,Female,Private,41,low
46,Some college,Previously married,Female,Private,65,low
41,Bachelor or higher,Never married,Male,Private,40,low
38,Bachelor or higher,Married,Male,Private,68,high
59,Bachelor or higher,Never married,Female,Private,41,low
50,High school,Never married,Male,Private,65,low
51,High school,Never married,Male,Private,41,low
49,High school,Never married,Male,Private,40,high
42,High school,Never married,Female,Private,70,low
48,Bachelor or higher,Married,Female,Private,62,low
44,High school,Previously married,Female,Government,67,low
78,High school,Never married,Male,Government,41,low
42,Bachelor or higher,Never married,Female,Private,41,low
89,High school,Married,Female,Private,69,low
38,High school,Never married,Female,Self-employed,59,low
23,High school,Married,Female,Government,53,low
48,Bachelor or higher,Married,Female,Private,49,low
15,High school,Never married,Male,Government,54,low
32,High school,Never married,Male,Private,41,low
46,Some college,Never married,Female,Private,41,low
50,Some college,Never married,Female,Private,41,high
25,High school,Never married,Female,Private,63,low
35,Bachelor or higher,Previously married,Male,Private,41,low
44,High school,Never married,Male,Private,69,low
37,Bachelor or higher,Never married,Female,Private,41,high
47,Some college,Never married,Male,Private,40,low
40,Some college,Married,Female,Self-employed,70,low
48,No high school,Never married,Female,Private,68,low
31,Bachelor or higher,Married,Male,Private,41,low
42,High school,Never married,Male,Private,40,low
29,Some college,Married,Female,Private,41,low
39,High school,Previously married,Female,Private,41,low
46,High school,Previously married,Female,Self-employed,41,low
26,No high school,Never married,Male,Private,41,low
48,High school,Never married,Male,Private,41,low
33,High school,Married,Female,Private,56,low
38,High school,Never married,Male,Private,69,low
30,High school,Married,Male,Private,66,low
48,High school,Never married,Female,Private,68,low
95,Some college,Married,Female,Private,41,low
50,High school,Married,Male,Private,64,low
103,No high school,Never married,Male,Private,64,low
48,High school,Never married,Female,Private,41,low
40,Bachelor or higher,Never married,Female,Private,71,low
34,Bachelor or higher,Married,Male,Private,68,high
55,Some college,Married,Female,Private,41,low
97,High school,Married,Female,Private,41,low
47,High school,Never married,Female,Private,66,low
29,High school,Married,Female,Private,41,low
40,Bachelor or higher,Never married,Male,Private,67,high
40,No high school,Never married,Female,Private,41,low
30,Some college,Never married,Female,Government,41,low
41,Bachelor or higher,Never married,Male,Self-employed,69,low
33,No high school,Never married,Female,Private,41,high
43,High school,Never married,Female,Private,40,low
35,High school,Never married,Female,Private,67,low
51,High school,Never married,Female,Private,41,low
33,High school,Married,Female,Private,71,low
40,Bachelor or higher,Never married,Female,Private,70,low
47,High school,Married,Male,Private,41,low
37,Some college,Never married,Male,Government,68,low
39,Bachelor or higher,Married,Female,Private,68,low
28,High school,Never married,Male,Private,40,low
38,Bachelor or higher,Never married,Male,Private,41,low
45,No high school,Never married,Male,Private,41,high
41,High school,Married,Female,Private,70,low
50,No high school,Never married,Male,Private,41,low
75,Bachelor or higher,Previously married,Female,Government,41,low
43,High school,Never married,Female,Private,41,low
47,Some college,Married,Female,Private,41,low
38,No high school,Never married,Male,Private,57,low
93,High school,Never married,Male,Private,66,high
26,Bachelor or higher,Never married,Female,Private,57,low
53,High school,Previously married,Female,Private,41,high
46,Bachelor or higher,Never married,Female,Private,41,low
27,High school,Married,Female,Private,40,low
44,High school,Never married,Male,Private,67,low
46,High school,Never married,Male,Private,70,low
38,High school,Married,Female,Private,41,low
105,Bachelor or higher,Never married,Male,Private,41,low
43,High school,Married,Male,Private,57,low
54,High school,Never married,Male,Private,50,low
44,Bachelor or higher,Never married,Male,Private,41,low
42,High school,Married,Female,Private,61,low
46,High school,Previously married,Male,Private,41,low
42,High school,Married,Female,Government,41,low
41,High school,Never married,Male,Private,51,high
17,High school,Married,Female,Government,70,low
73,Some college,Married,Female,Government,41,low
48,Bachelor or higher,Never married,Female,Private,66,low
36,High school,Married,Female,Private,41,low
47,No high school,Married,Female,Government,69,low
46,Bachelor or higher,Never married,Female,Private,41,low
47,Some college,Previously married,Female,Private,41,low
43,High school,Never married,Female,Private,68,low
35,High school,Never married,Female,Private,40,low
42,Bachelor or higher,Married,Female,Private,61,low
40,High school,Married,Male,Private,65,low
48,No high school,Married,Female,Private,40,low
47,High school,Married,Male,Private,40,low
46,High school,Married,Male,Private,41,low
35,No high school,Married,Male,Private,40,low
35,No high school,Married,Male,Private,41,low
34,High school,Never married,Male,Self-employed,69,low
39,High school,Never married,Male,Private,41,low
97,High school,Never married,Male,Private,71,low
32,High school,Previously married,Female,Private,41,low
32,High school,Previously married,Female,Private,53,low
39,Some college,Never married,Male,Private,41,low
37,High school,Married,Female,Private,70,low
30,High school,Married,Male,Private,41,low
46,Bachelor or higher,Never married,Male,Private,71,low
51,No high school,Never married,Female,Private,60,low
51,Some college,Never married,Female,Private,40,low
36,High school,Never married,Female,Private,62,low
46,No high school,Married,Male,Private,49,low
39,High school,Never married,Female,Private,41,low
42,Bachelor or higher,Never married,Male,Private,40,high
29,Bachelor or higher,Married,Female,Private,41,low
26,High school,Never married,Male,Private,41,low
49,Some college,Never married,Female,Private,40,low
45,Some college,Married,Female,Private,31,low
38,High school,Never married,Female,Private,70,low
44,High school,Never married,Female,Private,41,low
46,Bachelor or higher,Married,Female,Private,69,low
48,No high school,Previously married,Male,Private,41,low
32,High school,Never married,Female,Private,41,low
33,No high school,Previously married,Female,Government,69,low
45,Bachelor or higher,Married,Female,Government,41,low
43,Bachelor or higher,Never married,Male,Private,41,low
46,Bachelor or higher,Married,Male,Private,41,low
33,Bachelor or higher,Married,Female,Private,72,low
40,High school,Previously married,Male,Private,40,low
45,High school,Never married,Male,Private,41,low
47,Some college,Previously married,Female,Private,41,low
103,High school,Never married,Female,Private,41,low
40,High school,Never married,Male,Private,61,low
27,High school,Never married,Female,Private,69,low
96,No high school,Never married,Female,Private,69,low
46,High school,Never married,Female,Private,41,low
104,Some college,Never married,Female,Private,41,low
41,No high school,Never married,Male,Private,66,low
68,High school,Married,Male,Private,69,high
38,Bachelor or higher,Married,Female,Private,41,low
47,Some college,Never married,Female,Private,41,low
34,High school,Never married,Female,Private,41,low
19,High school,Never married,Male,Private,41,low
54,No high school,Married,Male,Private,41,low
47,Some college,Never married,Female,Private,67,low
45,No high school,Never married,Male,Private,47,low
22,Bachelor or higher,Previously married,Male,Private,41,low
31,High school,Never married,Male,Private,41,high
32,High school,Married,Female,Private,41,low
80,High school,Previously married,Female,Private,41,low
43,High school,Never married,Male,Private,67,low
51,Bachelor or higher,Married,Male,Private,41,low
50,Bachelor or higher,Never married,Male,Private,41,low
31,Bachelor or higher,Previously married,Female,Private,41,low
47,High school,Married,Male,Private,64,high
40,Some college,Married,Male,Private,41,high
46,High school,Married,Female,Private,63,low
36,High school,Never married,Female,Government,70,low
27,High school,Never married,Female,Private,70,low
92,Bachelor or higher,Never married,Female,Private,70,low
22,High school,Never married,Male,Private,41,high
46,No high school,Married,Male,Private,25,low
48,High school,Never married,Male,Private,40,low
50,Some college,Never married,Male,Self-employed,62,low
44,High school,Married,Female,Private,70,low
44,Bachelor or higher,Married,Male,Private,41,low
44,High school,Never married,Female,Private,41,low
50,High school,Previously married,Female,Private,27,low
43,Bachelor or higher,Married,Male,Private,69,low
23,High school,Married,Male,Self-employed,69,low
45,Some college,Never married,Female,Private,70,high
39,High school,Never married,Male,Private,67,low
38,High school,Married,Male,Self-employed,41,low
35,High school,Never married,Female,Private,41,low
94,High school,Married,Male,Private,40,low
26,High school,Never married,Male,Self-employed,62,low
30,High school,Married,Male,Private,41,low
40,High school,Never married,Female,Private,41,high
25,High school,Married,Female,Private,70,low
27,Some college,Never married,Male,Private,41,high
45,Bachelor or higher,Married,Male,Private,40,low
49,High school,Never married,Male,Private,60,low
46,Bachelor or higher,Never married,Male,Private,68,low
39,Bachelor or higher,Never married,Female,Private,66,low
47,High school,Never married,Male,Private,54,low
45,Some college,Previously married,Female,Private,41,low
39,High school,Never married,Male,Private,59,low
41,High school,Never married,Female,Private,41,low
50,Some college,Previously married,Female,Private,41,low
35,High school,Previously married,Female,Government,41,low
51,High school,Never married,Male,Private,41,low
36,High school,Married,Male,Private,41,low
44,High school,Never married,Male,Private,69,high
41,Bachelor or higher,Married,Male,Private,41,low
48,Some college,Never married,Female,Private,41,low
46,High school,Never married,Male,Private,65,low
98,Some college,Never married,Male,Private,41,low
74,High school,Never married,Female,Private,71,low
26,Bachelor or higher,Previously married,Female,Private,41,low
43,High school,Never married,Female,Private,41,low
34,High school,Married,Male,Government,62,high
46,High school,Never married,Female,Private,41,low
35,High school,Married,Male,Private,69,low
77,Bachelor or higher,Previously married,Male,Private,65,low
47,Some college,Never married,Male,Private,41,low
82,Bachelor or higher,Never married,Female,Private,59,low
44,High school,Never married,Male,Private,47,high
24,High school,Never married,Female,Private,40,low
46,High school,Never married,Male,Government,40,low
51,High school,Married,Female,Private,41,low
44,High school,Married,Male,Government,65,low
45,High school,Never married,Female,Private,41,high
42,Bachelor or higher,Never married,Male,Private,71,low
105,High school,Never married,Male,Private,41,high
46,Bachelor or higher,Never married,Female,Private,41,low
43,Some college,Previously married,Female,Private,40,low
57,High school,Married,Male,Private,40,low
38,Bachelor or higher,Married,Male,Private,41,low
25,High school,Never married,Female,Private,41,low
21,High school,Previously married,Male,Private,41,low
39,Bachelor or higher,Never married,Female,Private,41,low
69,High school,Never married,Female,Private,65,low
32,High school,Never married,Male,Private,41,low
38,Bachelor or higher,Never married,Male,Private,41,high
39,High school,Never married,Male,Private,70,low
46,Bachelor or higher,Married,Female,Private,41,low
39,High school,Never married,Female,Private,41,low
37,High school,Married,Male,Private,70,low
25,High school,Never married,Male,Self-employed,70,low
49,High school,Never married,Male,Private,67,low
39,High school,Previously married,Female,Private,42,low
36,No high school,Never married,Female,Private,41,low
40,Some college,Married,Female,Private,41,low
23,Some college,Married,Male,Private,65,low
43,High school,Never married,Female,Private,66,high
43,High school,Never married,Female,Private,41,low
46,High school,Previously married,Female,Private,41,low
95,High school,Married,Female,Private,66,low
87,Bachelor or higher,Married,Male,Private,41,low
35,Bachelor or higher,Never married,Male,Self-employed,69,high
103,High school,Never married,Female,Private,41,low
72,High school,Never married,Female,Private,58,low
51,High school,Never married,Male,Private,41,low
32,High school,Never married,Male,Private,41,low
42,High school,Never married,Male,Private,40,low
29,Bachelor or higher,Married,Male,Private,41,low
39,Bachelor or higher,Married,Male,Self-employed,41,low
49,High school,Never married,Male,Private,59,low
47,No high school,Never married,Female,Private,53,low
45,Bachelor or higher,Never married,Male,Private,41,low
31,High school,Married,Female,Private,41,low
44,Bachelor or higher,Never married,Female,Government,53,low
40,Bachelor or higher,Previously married,Female,Private,41,low
44,Some college,Never married,Male,Private,64,low
35,High school,Previously married,Female,Government,41,low
31,Bachelor or higher,Never married,Male,Government,40,low
100,High school,Married,Female,Private,41,low
46,High school,Married,Female,Private,41,low
49,Some college,Never married,Female,Private,40,low
40,High school,Never married,Female,Private,41,low
33,High school,Never married,Male,Private,40,low
46,Bachelor or higher,Never married,Female,Private,40,low
43,Bachelor or higher,Never married,Male,Private,69,high
27,High school,Never married,Female,Private,62,low
41,High school,Married,Male,Private,41,low
32,Some college,Never married,Male,Private,70,low
34,High school,Previously married,Female,Private,41,low
38,No high school,Married,Female,Private,41,low
50,Some college,Previously married,Female,Private,41,low
37,High school,Previously married,Female,Private,41,low
36,High school,Married,Female,Private,69,low
37,High school,Married,Female,Private,41,low
45,High school,Never married,Female,Private,41,low
47,High school,Married,Male,Private,64,low
39,Bachelor or higher,Never married,Female,Private,41,high
48,High school,Married,Male,Private,41,low
42,High school,Married,Male,Private,41,high
61,Some college,Married,Female,Private,41,low
27,High school,Married,Male,Private,40,low
29,Bachelor or higher,Never married,Male,Private,69,low
46,High school,Married,Female,Private,41,low
39,Some college,Married,Male,Private,41,low
46,High school,Never married,Male,Private,41,low
89,High school,Never married,Female,Private,67,low
28,Bachelor or higher,Never married,Female,Private,66,high
46,Bachelor or higher,Married,Female,Private,65,low
35,High school,Married,Female,Private,40,low
61,High school,Previously married,Male,Private,56,low
50,High school,Never married,Female,Private,41,low
47,Some college,Never married,Male,Private,41,low
28,Bachelor or higher,Never married,Male,Private,41,low
32,High school,Never married,Female,Private,41,low
50,High school,Never married,Female,Private,60,low
48,Bachelor or higher,Married,Female,Private,69,low
46,Bachelor or higher,Previously married,Female,Private,41,low
41,High school,Never married,Male,Private,40,low
30,High school,Never married,Male,Private,69,low
35,High school,Married,Female,Private,41,low
45,Bachelor or higher,Married,Male,Private,41,low
27,High school,Never married,Male,Private,69,low
46,High school,Never married,Male,Self-employed,21,low
44,Bachelor or higher,Never married,Male,Private,71,low
33,High school,Previously married,Male,Private,41,low
47,Bachelor or higher,Never married,Male,Private,59,low
22,Bachelor or higher,Never married,Female,Government,41,low
45,Bachelor or higher,Never married,Male,Private,40,low
48,Some college,Married,Female,Private,41,low
45,High school,Married,Male,Private,41,low
40,Bachelor or higher,Never married,Male,Private,61,low
30,High school,Married,Male,Private,69,low
48,Bachelor or higher,Never married,Female,Private,40,low
38,High school,Never married,Male,Private,68,low
32,High school,Previously married,Female,Private,69,low
34,Bachelor or higher,Never married,Female,Private,70,low
41,High school,Married,Female,Private,50,low
45,Bachelor or higher,Never married,Male,Private,70,low
49,High school,Never married,Female,Private,41,low
33,High school,Married,Male,Private,63,low
46,No high school,Never married,Male,Private,40,low
96,High school,Never married,Female,Private,41,low
30,High school,Never married,Female,Private,73,low
32,Some college,Never married,Female,Private,40,low
50,Some college,Married,Female,Private,41,low
41,High school,Never married,Male,Private,57,low
38,High school,Never married,Female,Private,41,low
76,High school,Never married,Male,Private,44,low
35,High school,Married,Male,Private,50,low
46,Some college,Married,Female,Private,41,low
41,High school,Never married,Female,Government,54,low
41,Bachelor or higher,Married,Male,Private,42,low
29,No high school,Never married,Female,Private,70,high
32,High school,Never married,Male,Private,41,low
46,High school,Never married,Female,Private,71,low
36,High school,Never married,Female,Private,62,low
47,No high school,Never married,Male,Private,40,low
41,Bachelor or higher,Never married,Female,Private,70,low
38,Bachelor or higher,Never married,Male,Private,57,low
47,Bachelor or higher,Never married,Male,Private,70,high
30,High school,Previously married,Male,Private,69,low
22,Bachelor or higher,Married,Male,Private,68,low
37,High school,Married,Male,Private,41,low
33,Bachelor or higher,Married,Female,Private,41,low
45,High school,Never married,Female,Private,41,low
42,High school,Never married,Female,Private,61,low
45,No high school,Married,Female,Private,41,low
38,Bachelor or higher,Married,Male,Private,57,high
43,High school,Married,Male,Private,41,low
49,Some college,Married,Female,Private,40,low
39,High school,Married,Female,Private,41,low
93,High school,Previously married,Female,Private,41,low
35,High school,Previously married,Female,Private,67,low
27,No high school,Never married,Female,Private,41,low
46,Bachelor or higher,Married,Male,Private,41,low
49,High school,Never married,Male,Private,70,low
38,High school,Never married,Female,Private,71,low
50,Some college,Never married,Male,Private,60,high
42,High school,Married,Male,Self-employed,68,low
46,Bachelor or higher,Never married,Male,Private,41,low
32,Some college,Married,Male,Private,68,low
34,Bachelor or higher,Never married,Male,Private,41,low
41,Bachelor or higher,Never married,Male,Private,41,low
27,High school,Married,Female,Private,41,low
47,Bachelor or higher,Never married,Male,Private,67,low
45,High school,Never married,Female,Private,41,low
43,High school,Married,Female,Private,71,low
25,High school,Never married,Female,Private,41,low
43,High school,Previously married,Male,Private,41,low
34,High school,Married,Female,Self-employed,40,low
37,High school,Never married,Female,Private,41,low
46,High school,Married,Female,Private,68,low
47,Bachelor or higher,Never married,Female,Private,40,low
49,High school,Never married,Female,Private,41,low
79,High school,Never married,Male,Private,56,low
46,Some college,Married,Female,Self-employed,66,low
44,High school,Never married,Female,Private,56,low
24,Bachelor or higher,Married,Male,Private,71,high
38,High school,Never married,Female,Government,69,low
48,Bachelor or higher,Never married,Male,Private,39,low
37,High school,Married,Male,Private,41,low
46,Bachelor or higher,Never married,Female,Private,41,low
92,High school,Previously married,Female,Private,67,high
30,High school,Previously married,Female,Private,41,low
27,High school,Never married,Male,Private,51,low
44,Bachelor or higher,Never married,Female,Private,68,low
29,Bachelor or higher,Married,Female,Private,41,low
47,No high school,Never married,Male,Private,41,low
47,High school,Previously married,Female,Private,64,low
58,Bachelor or higher,Married,Male,Private,64,low
51,Some college,Never married,Male,Private,64,low
56,High school,Married,Female,Private,69,low
55,Bachelor or higher,Married,Male,Private,47,high
42,High school,Never married,Male,Private,65,low
66,High school,Never married,Female,Private,69,low
30,Bachelor or higher,Married,Male,Private,41,low
24,High school,Never married,Female,Private,28,low
41,High school,Never married,Female,Private,41,low
29,Bachelor or higher,Never married,Male,Private,49,low
105,No high school,Never married,Male,Private,40,low
35,No high school,Never married,Male,Private,41,low
103,High school,Married,Female,Private,41,low
48,Some college,Previously married,Female,Private,41,low
50,High school,Never married,Male,Private,41,low
90,High school,Previously married,Female,Private,68,low
45,High school,Married,Female,Private,41,high
30,Some college,Previously married,Female,Private,70,low
25,Bachelor or higher,Married,Female,Private,65,low
101,High school,Never married,Male,Private,63,low
46,High school,Never married,Female,Private,67,low
40,High school,Married,Female,Private,41,low
46,High school,Never married,Female,Private,40,low
44,Bachelor or higher,Never married,Female,Private,41,low
48,Some college,Never married,Female,Private,68,low
40,High school,Never married,Female,Private,70,low
34,High school,Married,Male,Private,40,low
40,Bachelor or higher,Previously married,Female,Private,41,low
26,No high school,Married,Female,Private,41,low
41,High school,Married,Male,Private,41,low
36,High school,Never married,Male,Private,70,low
44,Some college,Previously married,Male,Private,41,low
43,High school,Married,Female,Private,41,low
43,High school,Never married,Male,Private,65,low
43,High school,Never married,Male,Private,70,low
94,Bachelor or higher,Married,Female,Private,51,low
49,High school,Married,Female,Private,40,low
45,High school,Never married,Male,Private,38,low
93,High school,Never married,Female,Private,40,low
42,No high school,Never married,Female,Private,68,low
30,High school,Never married,Male,Private,69,low
49,Bachelor or higher,Never married,Male,Private,41,low
35,Bachelor or higher,Married,Female,Private,60,low
40,High school,Married,Male,Private,40,low
50,High school,Married,Male,Private,41,low
33,High school,Previously married,Male,Private,67,low
45,High school,Married,Male,Private,41,low
46,Bachelor or higher,Never married,Female,Private,41,low
49,High school,Never married,Female,Private,41,low
39,Some college,Never married,Male,Private,57,low
48,High school,Never married,Male,Private,41,low
47,Some college,Never married,Male,Private,67,low
24,High school,Never married,Female,Private,68,low
49,Some college,Previously married,Female,Private,41,low
20,Bachelor or higher,Never married,Male,Private,41,low
49,Some college,Never married,Male,Private,68,low
65,High school,Married,Female,Private,41,low
39,High school,Never married,Female,Private,69,low
45,Bachelor or higher,Never married,Female,Private,41,low
35,High school,Never married,Female,Private,56,low
28,High school,Married,Male,Private,41,high
33,High school,Never married,Male,Private,40,low
32,High school,Never married,Female,Private,71,low
35,Bachelor or higher,Married,Male,Private,67,low
28,High school,Married,Male,Government,31,low
46,High school,Never married,Male,Private,68,low
43,Bachelor or higher,Never married,Female,Private,68,low
27,Some college,Married,Female,Self-employed,70,low
40,High school,Never married,Male,Self-employed,59,low
67,High school,Married,Male,Private,40,low
84,Some college,Never married,Female,Government,71,low
43,High school,Never married,Female,Government,55,low
49,High school,Never married,Female,Government,41,low
43,High school,Never married,Male,Private,41,low
45,High school,Never married,Female,Private,41,low
37,High school,Previously married,Male,Private,70,low
44,Some college,Never married,Male,Private,41,low
31,High school,Married,Female,Private,41,low
94,High school,Never married,Male,Private,61,low
41,High school,Never married,Male,Private,70,low
49,High school,Married,Male,Private,41,low
43,Bachelor or higher,Married,Male,Private,72,low
48,Bachelor or higher,Married,Female,Private,41,low
31,Bachelor or higher,Married,Male,Private,41,low
39,Bachelor or higher,Never married,Male,Private,41,high
32,Bachelor or higher,Married,Female,Private,67,low
46,Bachelor or higher,Never married,Male,Private,67,low
92,Bachelor or higher,Never married,Male,Private,67,low
73,Some college,Married,Female,Self-employed,73,high
34,Bachelor or higher,Never married,Female,Private,41,low
64,High school,Married,Female,Private,69,low
76,Bachelor or higher,Married,Female,Self-employed,41,low
42,Some college,Never married,Male,Private,41,low
35,High school,Never married,Female,Private,41,low
105,No high school,Never married,Female,Private,41,low
33,High school,Married,Male,Private,41,low
37,High school,Never married,Female,Private,41,low
30,High school,Married,Male,Private,41,low
39,High school,Previously married,Female,Private,41,low
56,No high school,Previously married,Male,Private,41,low
46,High school,Married,Male,Government,40,low
44,High school,Never married,Male,Private,41,high
44,High school,Never married,Female,Government,55,low
24,High school,Previously married,Male,Private,63,low
42,Some college,Never married,Male,Private,44,low
48,High school,Previously married,Male,Private,65,low
42,High school,Never married,Male,Private,67,high
46,High school,Married,Male,Private,40,low
39,High school,Married,Male,Private,41,low
46,High school,Previously married,Female,Private,41,low
26,High school,Married,Male,Private,69,low
44,High school,Married,Female,Private,41,low
24,No high school,Never married,Male,Private,41,low
35,High school,Married,Male,Private,41,low
31,High school,Married,Female,Private,41,low
37,High school,Married,Female,Private,41,high
100,High school,Previously married,Female,Government,41,low
67,Some college,Married,Female,Private,65,low
43,High school,Never married,Male,Private,58,low
33,High school,Married,Female,Private,40,low
25,No high school,Never married,Male,Private,63,low
51,Some college,Previously married,Female,Private,65,low
35,High school,Previously married,Female,Private,41,low
40,Bachelor or higher,Never married,Male,Private,68,low
38,High school,Never married,Male,Government,40,low
46,High school,Never married,Male,Private,40,low
51,Some college,Previously married,Male,Private,41,low
27,Bachelor or higher,Never married,Female,Self-employed,59,high
42,High school,Married,Male,Private,41,low
45,Bachelor or higher,Married,Male,Private,41,low
38,High school,Married,Female,Private,59,low
48,Some college,Married,Female,Private,41,low
42,Bachelor or higher,Never married,Male,Private,41,high
44,High school,Previously married,Male,Private,41,low
25,High school,Never married,Female,Private,69,low
43,High school,Married,Female,Private,40,low
37,High school,Previously married,Male,Private,41,low
49,High school,Never married,Female,Private,68,low
49,Some college,Married,Male,Private,40,low
40,Bachelor or higher,Married,Male,Government,41,low
47,Bachelor or higher,Married,Male,Private,40,low
42,High school,Never married,Female,Private,70,low
43,No high school,Married,Male,Private,41,low
47,High school,Never married,Female,Private,41,low
87,Some college,Married,Male,Government,49,low
56,Some college,Never married,Female,Private,41,low
47,High school,Married,Female,Government,41,low
48,Some college,Never married,Female,Private,40,low
45,Bachelor or higher,Never married,Male,Private,41,low
41,High school,Never married,Male,Private,41,low
28,Bachelor or higher,Married,Female,Private,63,low
83,High school,Never married,Female,Private,40,low
34,High school,Never married,Female,Private,40,low
32,Some college,Married,Male,Self-employed,67,low
33,Some college,Married,Male,Private,41,low
57,Bachelor or higher,Previously married,Female,Private,41,low
46,High school,Never married,Male,Private,40,low
41,High school,Married,Female,Private,41,low
38,Bachelor or higher,Never married,Male,Private,41,high
49,High school,Never married,Female,Private,65,low
40,High school,Never married,Male,Government,66,low
31,High school,Married,Male,Private,41,low
110,High school,Never married,Female,Private,41,low
37,High school,Married,Female,Private,41,low
97,Bachelor or higher,Married,Male,Private,68,low
52,Some college,Never married,Male,Private,59,low
37,High school,Never married,Male,Private,70,low
28,High school,Never married,Male,Private,68,low
37,High school,Married,Male,Private,69,low
40,High school,Previously married,Female,Private,41,low
39,Bachelor or higher,Married,Female,Self-employed,40,low
36,High school,Previously married,Male,Private,41,low
33,High school,Previously married,Female,Private,55,low
46,Bachelor or higher,Previously married,Male,Private,67,high
46,Some college,Never married,Male,Private,68,low
49,No high school,Never married,Female,Private,41,low
47,High school,Never married,Female,Private,41,high
36,Some college,Never married,Female,Private,71,low
51,High school,Married,Male,Private,59,high
50,Some college,Never married,Male,Private,30,high
43,High school,Never married,Female,Private,68,low
28,High school,Never married,Female,Private,40,low
20,High school,Never married,Male,Private,41,low
34,High school,Married,Male,Private,40,low
89,Bachelor or higher,Previously married,Female,Private,41,low
44,Bachelor or higher,Married,Male,Private,69,low
81,Some college,Married,Female,Private,41,low
47,High school,Married,Male,Private,59,low
42,No high school,Never married,Male,Private,41,high
39,High school,Married,Male,Private,41,low
44,High school,Never married,Female,Private,41,low
38,Bachelor or higher,Never married,Male,Private,41,low
37,High school,Married,Female,Government,62,low
31,High school,Married,Male,Private,41,low
65,Bachelor or higher,Never married,Male,Private,41,high
85,Some college,Married,Female,Private,41,low
28,High school,Never married,Male,Self-employed,66,low
29,High school,Married,Female,Private,41,low
46,High school,Never married,Male,Private,52,low
47,High school,Never married,Male,Private,41,low
44,Some college,Never married,Male,Private,59,low
82,Some college,Previously married,Female,Private,41,low
32,High school,Married,Male,Private,40,low
38,High school,Never married,Male,Private,65,low
46,High school,Married,Female,Private,41,low
64,Some college,Never married,Male,Private,40,low
42,Bachelor or higher,Never married,Male,Private,41,low
105,Some college,Never married,Female,Private,41,low
29,High school,Married,Male,Private,64,low
40,Bachelor or higher,Married,Female,Private,65,low
23,Bachelor or higher,Married,Female,Government,69,low
32,Bachelor or higher,Married,Female,Private,41,low
85,High school,Married,Female,Private,60,low
38,Bachelor or higher,Never married,Male,Private,68,low
97,Bachelor or higher,Married,Female,Private,41,low
37,High school,Married,Female,Self-employed,70,low
28,High school,Previously married,Female,Government,41,low
29,High school,Never married,Female,Private,41,low
44,High school,Married,Male,Private,70,low
50,Some college,Married,Female,Private,41,low
36,Some college,Married,Male,Private,41,low
36,High school,Married,Female,Private,40,low
43,High school,Never married,Female,Private,41,high
36,High school,Married,Female,Private,41,low
53,Some college,Never married,Male,Private,41,low
27,High school,Never married,Female,Private,49,low
31,High school,Married,Male,Government,40,low
37,Bachelor or higher,Married,Male,Private,69,low
22,High school,Married,Female,Private,69,low
47,No high school,Never married,Female,Private,41,low
36,Some college,Never married,Male,Private,57,low
45,High school,Never married,Male,Private,41,high
50,High school,Never married,Female,Private,66,low
36,Bachelor or higher,Married,Male,Private,68,low
98,High school,Never married,Female,Private,40,high
39,High school,Previously married,Female,Private,41,low
30,Bachelor or higher,Never married,Female,Private,41,low
48,High school,Never married,Male,Private,60,high
44,High school,Previously married,Female,Private,41,low
42,High school,Married,Male,Private,40,low
43,High school,Married,Male,Private,70,low
44,Bachelor or higher,Married,Male,Private,69,low
44,High school,Married,Male,Government,67,low
21,High school,Married,Female,Private,41,low
45,High school,Married,Male,Self-employed,64,low
41,High school,Previously married,Female,Private,41,low
30,High school,Never married,Female,Private,41,low
32,High school,Previously married,Female,Private,41,low
46,High school,Never married,Male,Private,59,high
47,High school,Previously married,Female,Private,41,low
47,High school,Previously married,Female,Private,71,low
38,High school,Never married,Male,Private,69,low
49,High school,Never married,Female,Private,68,low
31,Bachelor or higher,Never married,Male,Private,40,low
83,High school,Previously married,Female,Self-employed,41,low
58,High school,Never married,Female,Private,41,high
48,High school,Never married,Female,Private,67,low
23,Bachelor or higher,Married,Male,Private,41,low
42,Bachelor or higher,Married,Female,Private,70,low
39,High school,Married,Male,Government,47,low
46,Some college,Previously married,Female,Private,41,low
44,High school,Never married,Male,Private,41,low
36,High school,Previously married,Male,Private,41,low
41,Bachelor or higher,Never married,Female,Private,41,low
27,Bachelor or higher,Married,Male,Private,69,low
43,High school,Never married,Female,Private,65,low
27,High school,Married,Male,Private,67,low
37,High school,Never married,Female,Private,69,high
50,Some college,Previously married,Female,Private,41,low
46,High school,Never married,Female,Private,41,low
47,High school,Never married,Male,Private,63,low
38,High school,Married,Male,Private,41,low
45,Bachelor or higher,Never married,Female,Private,65,low
38,Bachelor or higher,Married,Male,Private,41,low
26,High school,Never married,Male,Private,70,high
38,Bachelor or higher,Never married,Male,Private,41,low
69,High school,Married,Male,Private,41,low
49,Bachelor or higher,Married,Male,Private,69,high
45,Bachelor or higher,Never married,Male,Private,68,low
41,Some college,Never married,Male,Private,41,low
40,High school,Never married,Male,Private,41,low
31,High school,Never married,Female,Self-employed,41,low
40,Bachelor or higher,Never married,Male,Private,41,low
50,Some college,Never married,Female,Private,41,low
43,Some college,Married,Male,Private,41,low
31,High school,Previously married,Female,Government,104,low
36,Bachelor or higher,Previously married,Female,Private,41,low
42,Bachelor or higher,Never married,Male,Private,41,low
37,Bachelor or higher,Never married,Male,Private,62,low
35,High school,Married,Female,Private,67,low
37,Some college,Never married,Male,Private,64,low
27,High school,Previously married,Male,Private,40,low
82,Some college,Never married,Female,Private,41,low
48,Bachelor or higher,Never married,Male,Private,40,low
24,High school,Never married,Male,Private,57,low
90,High school,Never married,Male,Private,41,low
40,High school,Never married,Male,Government,65,high
30,High school,Never married,Male,Private,43,low
38,Bachelor or higher,Never married,Female,Private,41,low
47,Bachelor or higher,Never married,Male,Private,37,high
46,Bachelor or higher,Never married,Male,Private,66,low
44,High school,Never married,Female,Private,70,high
45,Some college,Never married,Male,Private,41,low
50,Bachelor or higher,Never married,Male,Private,41,low
109,High school,Never married,Male,Private,41,low
36,Bachelor or higher,Married,Male,Government,68,low
42,High school,Never married,Female,Private,65,high
37,High school,Married,Male,Private,41,low
46,Bachelor or higher,Never married,Male,Private,66,low
25,High school,Married,Female,Private,68,low
45,Some college,Never married,Female,Private,70,low
42,Some college,Married,Male,Private,41,low
40,High school,Married,Male,Private,68,low
30,High school,Never married,Male,Private,41,low
59,Some college,Never married,Female,Private,41,low
33,High school,Married,Female,Self-employed,41,low
47,High school,Never married,Female,Private,41,low
41,High school,Married,Male,Private,41,low
48,Some college,Never married,Male,Private,40,low
43,High school,Previously married,Female,Government,61,low
33,High school,Previously married,Female,Private,40,low
45,High school,Never married,Male,Private,63,low
47,High school,Married,Female,Private,48,low
43,Bachelor or higher,Married,Male,Private,58,low
37,High school,Previously married,Female,Private,41,low
40,High school,Married,Male,Private,40,low
38,Bachelor or higher,Married,Female,Private,41,low
90,High school,Previously married,Female,Private,68,low
88,High school,Never married,Female,Private,41,low
25,High school,Previously married,Female,Private,59,low
16,High school,Married,Female,Private,71,low
36,High school,Never married,Male,Private,41,low
87,High school,Never married,Female,Private,41,low
32,High school,Married,Male,Private,71,high
49,High school,Married,Female,Private,41,low
44,High school,Married,Male,Private,41,low
39,Some college,Married,Male,Private,65,low
24,High school,Married,Male,Private,55,low
40,High school,Married,Male,Private,41,low
38,Bachelor or higher,Never married,Female,Private,70,low
35,High school,Married,Female,Private,41,low
36,High school,Married,Female,Private,41,low
50,High school,Never married,Male,Private,40,low
43,High school,Never married,Male,Private,41,low
58,High school,Married,Female,Self-employed,41,low
47,High school,Married,Female,Private,68,low
29,High school,Never married,Male,Private,53,low
46,High school,Never married,Male,Private,41,low
37,Bachelor or higher,Married,Female,Private,57,low
42,Some college,Previously married,Male,Government,66,low
46,Bachelor or higher,Previously married,Male,Private,41,low
48,Some college,Married,Male,Private,52,low
83,Bachelor or higher,Married,Female,Private,68,low
50,No high school,Married,Female,Private,67,low
42,Some college,Married,Male,Private,41,low
77,Some college,Never married,Male,Private,62,low
36,High school,Previously married,Female,Private,41,low
49,No high school,Never married,Male,Private,70,low
43,High school,Married,Female,Private,41,low
93,High school,Never married,Male,Private,40,low
42,Bachelor or higher,Never married,Male,Private,41,high
44,High school,Married,Male,Private,41,low
40,High school,Previously married,Female,Private,41,low
29,High school,Never married,Male,Private,70,low
30,High school,Married,Female,Private,41,low
24,Bachelor or higher,Never married,Male,Private,71,high
41,Bachelor or higher,Never married,Male,Private,48,low
29,High school,Never married,Male,Private,41,low
31,Bachelor or higher,Never married,Female,Private,65,low
44,Some college,Married,Female,Private,41,low
44,High school,Previously married,Female,Private,41,low
45,Bachelor or higher,Married,Male,Private,63,low
92,High school,Never married,Male,Private,63,low
35,High school,Married,Male,Private,70,low
39,High school,Married,Female,Private,41,low
73,Bachelor or higher,Married,Female,Private,41,low
38,High school,Married,Male,Private,70,low
50,Some college,Never married,Female,Private,71,low
49,Bachelor or higher,Never married,Female,Private,66,low
48,High school,Never married,Female,Private,40,low
92,High school,Never married,Female,Private,69,low
47,Some college,Previously married,Female,Private,64,low
48,Bachelor or higher,Married,Female,Government,70,low
48,Bachelor or higher,Previously married,Female,Government,40,low
41,High school,Never married,Male,Private,41,low
43,High school,Never married,Male,Private,68,low
46,High school,Never married,Female,Private,41,low
47,High school,Never married,Female,Private,41,low
38,No high school,Never married,Female,Private,67,low
44,Bachelor or higher,Never married,Male,Private,65,low
39,High school,Married,Female,Government,65,low
44,Bachelor or higher,Married,Male,Private,40,low
29,No high school,Never married,Male,Private,55,low
44,Bachelor or higher,Never married,Female,Private,41,low
27,High school,Never married,Female,Self-employed,51,low
41,High school,Never married,Male,Private,66,low
45,High school,Married,Female,Private,63,low
40,High school,Married,Female,Private,41,low
46,Some college,Never married,Female,Private,58,low
40,Bachelor or higher,Never married,Male,Private,67,low
30,Bachelor or higher,Married,Male,Government,69,low
35,High school,Married,Male,Private,69,low
41,High school,Married,Male,Private,57,low
21,Some college,Married,Male,Self-employed,60,low
31,Some college,Never married,Male,Private,41,low
100,Some college,Never married,Male,Private,66,low
51,High school,Never married,Male,Private,59,low
40,High school,Never married,Male,Private,41,low
33,High school,Never married,Male,Private,67,low
105,High school,Never married,Male,Private,70,low
33,High school,Married,Male,Self-employed,41,low
45,Some college,Never married,Female,Private,41,low
36,High school,Never married,Male,Private,41,low
40,Bachelor or higher,Never married,Male,Private,70,low
37,High school,Married,Male,Private,41,low
46,High school,Never married,Female,Private,65,low
41,High school,Never married,Female,Private,67,low
43,High school,Married,Male,Government,41,low
43,Bachelor or higher,Never married,Male,Private,70,high
48,High school,Previously married,Male,Private,68,low
30,Bachelor or higher,Married,Male,Self-employed,41,low
35,High school,Never married,Female,Private,40,low
45,Bachelor or higher,Married,Male,Private,40,low
39,High school,Never married,Female,Private,71,low
87,Bachelor or higher,Never married,Male,Private,41,low
23,High school,Married,Male,Self-employed,41,low
45,Bachelor or higher,Married,Female,Private,67,low
98,High school,Married,Male,Private,41,high
39,Some college,Married,Male,Private,66,low
44,Bachelor or higher,Never married,Female,Private,40,low
27,High school,Never married,Male,Private,59,low
44,High school,Never married,Female,Private,41,low
54,Bachelor or higher,Never married,Female,Private,41,low
47,Some college,Never married,Male,Private,40,low
37,High school,Previously married,Male,Private,41,low
46,Bachelor or higher,Never married,Male,Private,41,low
35,Bachelor or higher,Married,Female,Private,41,low
43,High school,Never married,Male,Government,40,low
48,Some college,Never married,Female,Private,41,low
51,Some college,Married,Female,Private,56,low
29,High school,Married,Male,Private,64,low
43,No high school,Never married,Male,Private,41,low
45,Bachelor or higher,Never married,Female,Private,67,low
47,High school,Never married,Female,Private,40,low
50,High school,Never married,Female,Private,66,low
44,Bachelor or higher,Never married,Female,Private,41,low
50,High school,Previously married,Female,Government,40,low
38,High school,Never married,Male,Private,40,low
54,High school,Married,Female,Private,41,low
40,High school,Never married,Female,Private,41,low
41,Bachelor or higher,Never married,Female,Private,69,high
41,Some college,Married,Female,Private,41,low
34,High school,Married,Female,Private,41,low
49,High school,Never married,Male,Self-employed,55,low
34,High school,Previously married,Female,Government,70,low
39,Some college,Married,Male,Private,56,low
43,No high school,Never married,Female,Private,41,low
46,No high school,Married,Male,Private,41,low
84,Some college,Never married,Female,Private,41,low
24,High school,Never married,Male,Private,41,low
45,High school,Married,Male,Private,65,low
45,High school,Never married,Female,Private,41,low
40,Bachelor or higher,Never married,Female,Private,41,low
42,High school,Married,Male,Private,40,low
44,High school,Never married,Female,Private,66,low
34,High school,Married,Female,Private,40,low
51,High school,Never married,Male,Private,66,low
29,High school,Married,Male,Private,47,low
36,Bachelor or higher,Never married,Female,Private,50,low
49,High school,Never married,Male,Private,41,low
24,High school,Married,Male,Self-employed,40,low
54,High school,Married,Female,Private,71,low
35,High school,Married,Female,Self-employed,41,low
45,High school,Previously married,Female,Private,70,low
44,High school,Never married,Female,Private,67,low
47,High school,Never married,Male,Private,70,high
24,High school,Married,Male,Private,41,low
47,High school,Never married,Male,Private,41,low
25,No high school,Never married,Male,Private,41,low
39,High school,Never married,Female,Private,70,low
82,Bachelor or higher,Never married,Female,Private,40,low
34,Some college,Never married,Female,Private,41,high
32,Some college,Married,Male,Private,41,high
34,High school,Never married,Female,Private,41,low
32,High school,Married,Male,Private,41,low
26,High school,Married,Female,Private,41,low
41,High school,Previously married,Female,Private,41,low
48,Bachelor or higher,Never married,Male,Private,41,low
49,Bachelor or higher,Married,Male,Private,69,high
47,Bachelor or higher,Never married,Female,Private,69,low
34,High school,Previously married,Female,Self-employed,41,low
32,High school,Never married,Male,Private,41,low
48,High school,Never married,Female,Private,41,low
96,High school,Never married,Male,Private,40,low
44,High school,Married,Male,Government,41,low
48,High school,Married,Female,Private,41,low
33,High school,Never married,Female,Private,65,low
47,No high school,Never married,Female,Private,41,low
74,High school,Never married,Female,Self-employed,40,high
36,High school,Married,Male,Private,41,low
38,High school,Married,Female,Private,41,low
40,High school,Married,Female,Government,41,low
41,Bachelor or higher,Married,Female,Private,71,high
27,Bachelor or higher,Previously married,Female,Private,41,low
43,Bachelor or higher,Never married,Female,Government,40,low
37,High school,Married,Female,Private,41,high
41,High school,Never married,Male,Private,69,low
28,High school,Married,Male,Self-employed,67,low
40,High school,Never married,Male,Private,41,high
48,High school,Never married,Female,Private,41,low
105,High school,Never married,Female,Private,40,low
28,No high school,Never married,Female,Private,69,low
37,High school,Married,Female,Government,63,low
30,High school,Never married,Female,Private,41,low
62,Bachelor or higher,Never married,Male,Private,62,low
50,Bachelor or higher,Never married,Female,Private,68,low
106,High school,Never married,Male,Private,71,low
50,Some college,Married,Female,Private,40,low
44,Some college,Previously married,Female,Private,41,low
39,High school,Never married,Male,Private,41,low
38,Bachelor or higher,Never married,Female,Private,40,low
37,High school,Married,Female,Private,41,low
33,High school,Married,Male,Self-employed,69,low
38,High school,Never married,Male,Private,61,low
48,Bachelor or higher,Never married,Female,Private,70,low
33,No high school,Previously married,Male,Private,41,low
75,No high school,Never married,Female,Private,54,low
41,High school,Never married,Female,Private,41,low
39,Bachelor or higher,Married,Female,Private,40,low
30,Some college,Previously married,Female,Private,40,low
42,Bachelor or higher,Married,Male,Private,41,low
35,Bachelor or higher,Married,Male,Private,40,low
33,High school,Married,Female,Government,41,low
61,High school,Married,Male,Private,61,low
98,High school,Never married,Female,Private,70,low
60,High school,Married,Female,Private,41,high
32,High school,Never married,Female,Private,67,low
27,High school,Previously married,Male,Private,41,low
46,High school,Married,Male,Government,40,low
46,High school,Never married,Male,Private,41,low
99,High school,Never married,Female,Private,40,low
25,Bachelor or higher,Never married,Female,Private,41,low
47,Some college,Never married,Male,Private,57,low
43,High school,Never married,Female,Private,41,low
28,Some college,Married,Male,Self-employed,69,low
40,High school,Married,Female,Private,40,low
83,High school,Never married,Male,Private,69,low
73,Bachelor or higher,Never married,Male,Private,40,low
41,Some college,Never married,Female,Private,41,low
84,High school,Married,Female,Private,53,low
45,High school,Never married,Female,Private,68,low
44,High school,Married,Male,Private,41,high
47,High school,Never married,Male,Private,41,low
46,Some college,Never married,Male,Private,40,low
28,High school,Never married,Female,Private,41,low
37,High school,Married,Female,Private,61,high
41,High school,Married,Female,Private,41,low
38,Bachelor or higher,Never married,Female,Government,69,low
48,High school,Never married,Male,Private,67,low
50,No high school,Never married,Male,Private,67,low
41,High school,Previously married,Male,Private,65,low
49,Bachelor or higher,Never married,Male,Private,40,low
37,No high school,Married,Male,Private,34,high
34,High school,Never married,Male,Private,41,low
43,High school,Previously married,Female,Private,41,low
46,Bachelor or higher,Never married,Female,Government,40,low
48,High school,Never married,Female,Private,40,low
37,High school,Married,Male,Private,41,low
43,High school,Married,Male,Private,41,low
49,Some college,Never married,Female,Private,40,low
32,High school,Married,Male,Private,40,low
29,High school,Never married,Female,Private,59,low
38,Bachelor or higher,Never married,Male,Private,40,low
101,High school,Never married,Male,Private,63,low
31,Some college,Previously married,Female,Private,70,low
41,High school,Married,Female,Private,71,low
38,High school,Married,Female,Private,41,low
46,Some college,Never married,Female,Private,41,low
40,Bachelor or higher,Married,Female,Government,40,low
37,High school,Previously married,Female,Private,41,low
38,High school,Married,Male,Private,47,low
34,High school,Never married,Male,Private,41,high
41,Bachelor or higher,Never married,Male,Private,71,low
47,Bachelor or higher,Never married,Female,Private,41,low
43,High school,Never married,Male,Self-employed,41,low
44,High school,Previously married,Female,Private,66,low
43,Bachelor or higher,Married,Female,Private,41,high
42,High school,Never married,Male,Private,63,low
48,Bachelor or higher,Married,Female,Private,40,low
35,Bachelor or higher,Married,Male,Private,71,low
45,High school,Never married,Female,Private,41,low
48,High school,Never married,Male,Private,58,low
46,Bachelor or higher,Married,Male,Private,66,low
46,No high school,Never married,Male,Private,46,low
48,Bachelor or higher,Married,Male,Private,41,low
44,High school,Never married,Female,Private,58,low
104,Some college,Previously married,Male,Private,62,low
52,Some college,Never married,Male,Private,41,low
44,High school,Never married,Male,Private,66,high
47,Bachelor or higher,Previously married,Female,Private,58,low
42,High school,Never married,Male,Private,71,low
45,High school,Never married,Male,Private,41,low
49,Bachelor or higher,Never married,Female,Private,40,low
40,High school,Never married,Female,Private,58,low
43,Bachelor or higher,Never married,Male,Private,61,low
42,High school,Previously married,Female,Private,68,low
38,Bachelor or higher,Married,Female,Private,70,low
26,Bachelor or higher,Never married,Male,Self-employed,41,low
30,Bachelor or higher,Married,Male,Private,42,low
24,High school,Married,Male,Self-employed,68,low
49,High school,Never married,Male,Private,41,low
45,Bachelor or higher,Married,Male,Private,41,low
42,Bachelor or higher,Never married,Female,Private,71,low
41,Some college,Never married,Male,Private,40,high
24,Bachelor or higher,Previously married,Male,Private,41,low
59,High school,Married,Female,Private,27,low
88,High school,Never married,Female,Private,64,low
49,High school,Never married,Female,Private,41,low
50,Bachelor or higher,Married,Male,Private,40,low
27,High school,Married,Male,Private,41,low
33,High school,Married,Male,Self-employed,59,low
26,Bachelor or higher,Married,Male,Self-employed,41,low
31,Bachelor or higher,Never married,Male,Private,49,low
41,High school,Previously married,Male,Private,41,low
57,High school,Previously married,Female,Private,41,low
26,High school,Never married,Male,Private,60,low
45,High school,Never married,Male,Private,41,low
44,High school,Previously married,Male,Private,69,high
33,High school,Never married,Female,Private,41,low
44,Some college,Married,Female,Private,41,low
49,Bachelor or higher,Married,Female,Private,41,low
48,High school,Married,Female,Private,41,low
46,High school,Never married,Female,Private,41,low
45,High school,Previously married,Male,Private,41,low
46,High school,Never married,Female,Private,41,low
44,High school,Previously married,Female,Self-employed,41,low
44,High school,Never married,Male,Government,40,low
40,High school,Previously married,Female,Private,41,low
33,Bachelor or higher,Never married,Female,Private,41,low
38,Bachelor or higher,Married,Female,Self-employed,41,low
40,High school,Married,Female,Government,41,low
21,Bachelor or higher,Married,Female,Private,41,low
46,No high school,Previously married,Female,Private,41,low
29,High school,Previously married,Male,Private,41,low
44,Some college,Married,Female,Private,69,low
56,Bachelor or higher,Never married,Male,Private,59,low
40,High school,Never married,Female,Private,52,low
41,Bachelor or higher,Never married,Male,Private,66,low
47,Bachelor or higher,Married,Male,Private,65,low
62,High school,Never married,Female,Government,51,low
49,Some college,Never married,Male,Government,69,high
41,High school,Never married,Female,Private,67,low
19,Bachelor or higher,Married,Male,Private,70,low
49,High school,Never married,Female,Private,41,low
44,High school,Married,Male,Private,41,low
43,High school,Never married,Male,Private,41,high
41,High school,Never married,Male,Private,41,low
46,High school,Never married,Female,Private,41,low
34,Bachelor or higher,Married,Male,Private,30,low
39,High school,Never married,Male,Private,40,low
98,High school,Previously married,Female,Private,40,low
40,High school,Never married,Male,Private,67,low
36,High school,Married,Female,Private,41,low
26,High school,Married,Male,Private,41,low
42,High school,Married,Female,Private,69,low
35,High school,Married,Male,Private,58,low
45,Bachelor or higher,Never married,Female,Private,55,low
34,High school,Never married,Female,Private,41,low
49,Some college,Never married,Female,Government,40,low
41,High school,Married,Male,Private,41,low
46,Bachelor or higher,Never married,Male,Private,41,low
42,High school,Never married,Female,Private,41,low
50,Bachelor or higher,Married,Male,Private,40,low
49,Some college,Never married,Male,Private,70,low
34,High school,Never married,Male,Private,64,low
45,Bachelor or higher,Married,Male,Private,42,low
41,High school,Never married,Male,Private,41,low
30,Some college,Previously married,Female,Private,41,low
47,High school,Never married,Female,Private,41,low
83,Some college,Never married,Male,Private,41,low
44,Bachelor or higher,Never married,Male,Private,41,low
49,High school,Previously married,Male,Private,40,low
50,High school,Never married,Female,Private,40,low
104,Some college,Previously married,Female,Private,41,low
32,High school,Never married,Female,Private,40,low
49,Some college,Never married,Female,Private,60,low
44,No high school,Married,Female,Private,41,low
49,No high school,Never married,Male,Private,64,low
44,Bachelor or higher,Married,Female,Private,40,low
41,High school,Married,Male,Private,62,low
47,High school,Previously married,Female,Private,41,low
49,Bachelor or higher,Previously married,Female,Private,41,low
25,High school,Married,Male,Private,40,low
86,High school,Never married,Male,Private,120,low
45,Bachelor or higher,Never married,Female,Private,40,low
45,High school,Never married,Male,Private,40,low
39,High school,Married,Male,Private,50,low
25,High school,Married,Female,Private,66,low
42,Bachelor or higher,Married,Female,Private,41,low
27,Bachelor or higher,Married,Male,Private,64,low
42,High school,Never married,Male,Private,60,low
45,Bachelor or higher,Never married,Male,Private,41,low
75,No high school,Never married,Male,Private,60,low
51,Some college,Married,Male,Private,40,low
43,No high school,Married,Female,Private,71,low
37,Bachelor or higher,Never married,Male,Private,56,low
38,Some college,Never married,Female,Private,68,low
49,Bachelor or higher,Never married,Female,Private,40,low
36,High school,Never married,Female,Private,40,low
47,High school,Married,Male,Private,41,low
40,High school,Married,Female,Private,68,low
49,Some college,Married,Female,Private,41,low
32,High school,Married,Male,Self-employed,69,low
22,Some college,Married,Female,Government,41,low
41,High school,Married,Female,Private,40,low
37,Some college,Previously married,Female,Private,70,low
33,High school,Never married,Female,Private,41,low
38,High school,Never married,Male,Private,38,low
98,High school,Never married,Male,Private,65,low
40,High school,Never married,Male,Private,41,low
48,High school,Never married,Female,Private,41,low
83,Bachelor or higher,Married,Female,Private,68,low
45,High school,Never married,Female,Private,41,low
45,High school,Never married,Male,Private,41,high
33,High school,Married,Male,Private,41,low
41,High school,Married,Female,Private,59,low
45,High school,Never married,Male,Private,65,low
30,Some college,Never married,Female,Private,41,low
47,High school,Never married,Female,Private,68,low
47,High school,Never married,Female,Private,67,low
48,No high school,Never married,Male,Private,63,low
38,Some college,Previously married,Male,Government,59,low
22,Bachelor or higher,Married,Male,Private,67,low
71,High school,Never married,Female,Private,41,low
41,High school,Previously married,Female,Private,68,low
47,High school,Never married,Male,Private,40,low
41,Bachelor or higher,Never married,Male,Private,41,low
49,Bachelor or higher,Never married,Female,Private,40,high
41,Bachelor or higher,Married,Male,Private,67,low
36,Bachelor or higher,Never married,Female,Government,41,low
41,High school,Married,Female,Private,41,low
39,Bachelor or higher,Married,Male,Private,67,low
46,High school,Never married,Female,Private,64,low
89,High school,Never married,Male,Private,69,low
42,High school,Previously married,Female,Private,41,low
27,Some college,Never married,Female,Private,41,low
36,Bachelor or higher,Never married,Female,Private,41,low
51,High school,Never married,Male,Private,64,low
35,Bachelor or higher,Married,Male,Private,40,low
42,Bachelor or higher,Married,Male,Private,41,low
37,No high school,Married,Male,Self-employed,55,low
18,High school,Married,Female,Private,71,low
40,High school,Married,Female,Private,58,low
37,Bachelor or higher,Never married,Male,Private,70,low
42,High school,Never married,Male,Private,58,low
50,High school,Never married,Male,Private,40,low
28,High school,Never married,Female,Private,41,low
50,High school,Married,Male,Private,41,low
46,Bachelor or higher,Married,Female,Private,40,low
44,Bachelor or higher,Previously married,Female,Private,41,low
97,No high school,Married,Male,Private,40,low
99,High school,Never married,Female,Private,41,low
39,High school,Never married,Female,Private,70,low
36,High school,Never married,Male,Private,56,low
27,High school,Married,Male,Private,53,low
72,Bachelor or higher,Never married,Male,Private,66,low
32,High school,Never married,Female,Private,41,low
41,High school,Previously married,Female,Private,41,low
38,No high school,Married,Female,Private,68,low
47,Bachelor or higher,Never married,Female,Government,64,low
44,High school,Married,Male,Private,35,low
39,High school,Never married,Female,Private,41,low
30,High school,Never married,Male,Private,70,high
34,Some college,Married,Male,Private,41,low
37,No high school,Married,Female,Private,41,low
46,High school,Never married,Male,Self-employed,41,low
36,Some college,Married,Female,Private,41,low
44,High school,Married,Female,Self-employed,70,low
37,High school,Married,Female,Private,41,low
81,Bachelor or higher,Married,Male,Private,41,high
46,High school,Married,Female,Private,65,low
100,Bachelor or higher,Previously married,Male,Private,41,low
48,High school,Never married,Male,Private,40,low
47,Bachelor or higher,Never married,Male,Private,52,low
96,High school,Never married,Male,Private,41,low
52,Some college,Married,Female,Government,68,low
43,High school,Never married,Female,Private,41,low
28,High school,Never married,Male,Private,69,high
45,High school,Never married,Male,Government,41,low
49,High school,Married,Male,Private,40,low
35,High school,Married,Female,Private,69,low
49,High school,Married,Male,Private,41,high
43,High school,Married,Male,Private,41,low
102,Bachelor or higher,Never married,Male,Private,67,low
40,High school,Never married,Male,Private,68,low
27,High school,Previously married,Female,Private,71,low
41,Bachelor or higher,Married,Female,Private,41,low
41,Some college,Married,Male,Private,41,low
45,Bachelor or higher,Never married,Female,Private,40,low
33,High school,Never married,Female,Self-employed,68,low
23,High school,Never married,Male,Private,41,low
50,Bachelor or higher,Married,Male,Private,41,low
40,Some college,Never married,Male,Private,40,low
98,Some college,Married,Female,Private,41,low
76,Bachelor or higher,Married,Female,Private,69,high
38,Some college,Never married,Male,Self-employed,65,low
34,High school,Married,Male,Self-employed,41,low
37,High school,Never married,Female,Private,41,low
48,High school,Never married,Female,Private,40,low
36,High school,Never married,Female,Private,41,low
40,Some college,Previously married,Female,Private,40,low
48,Some college,Never married,Male,Private,68,low
36,No high school,Previously married,Female,Private,68,low
37,High school,Never married,Male,Private,41,low
35,Bachelor or higher,Never married,Female,Government,41,low
47,Bachelor or higher,Never married,Female,Private,41,low
44,High school,Never married,Female,Private,41,low
50,High school,Never married,Female,Private,40,low
96,No high school,Previously married,Female,Private,64,low
91,High school,Never married,Male,Private,41,high
46,High school,Never married,Female,Private,41,low
36,High school,Married,Female,Private,41,low
42,High school,Married,Female,Private,55,low
41,High school,Never married,Female,Private,41,low
38,High school,Never married,Male,Private,57,low
48,Bachelor or higher,Never married,Female,Private,70,low
44,Some college,Previously married,Male,Private,54,low
44,High school,Married,Female,Private,41,low
44,Bachelor or higher,Never married,Male,Private,69,low
30,Bachelor or higher,Married,Male,Self-employed,69,low
46,Some college,Married,Male,Private,66,low
25,Bachelor or higher,Never married,Male,Private,69,low
46,High school,Married,Male,Private,65,low
49,High school,Never married,Female,Private,41,low
43,Some college,Never married,Male,Private,68,high
37,High school,Married,Male,Private,41,low
43,High school,Never married,Male,Self-employed,41,low
25,High school,Never married,Female,Private,63,low
43,High school,Never married,Male,Self-employed,60,low
46,High school,Never married,Male,Private,53,low
33,High school,Never married,Female,Private,41,high
45,High school,Never married,Female,Private,40,low
46,Bachelor or higher,Married,Female,Private,67,low
97,High school,Previously married,Male,Private,41,low
40,High school,Never married,Female,Private,55,low
42,High school,Married,Male,Private,40,low
36,Bachelor or higher,Married,Female,Private,40,low
49,No high school,Previously married,Female,Private,41,low
70,Some college,Previously married,Female,Government,61,low
85,Some college,Never married,Female,Private,41,low
46,Some college,Never married,Female,Private,63,low
37,Bachelor or higher,Never married,Female,Private,41,low
39,High school,Married,Male,Private,50,low
41,High school,Never married,Male,Private,41,low
45,High school,Never married,Female,Private,41,low
35,High school,Never married,Female,Private,40,low
48,High school,Never married,Male,Private,55,high
51,Some college,Never married,Male,Government,41,low
49,Bachelor or higher,Married,Female,Private,40,low
54,High school,Married,Male,Private,40,low
47,Bachelor or higher,Married,Female,Private,40,low
46,Bachelor or higher,Never married,Female,Private,41,low
39,High school,Married,Female,Private,41,low
28,Bachelor or higher,Never married,Female,Private,41,low
41,High school,Married,Female,Private,40,low
38,Bachelor or higher,Never married,Male,Government,41,low
43,High school,Previously married,Female,Government,66,low
30,High school,Never married,Male,Self-employed,41,low
47,Bachelor or higher,Never married,Male,Private,63,low
43,High school,Never married,Female,Private,41,low
43,High school,Married,Female,Private,40,low
40,Bachelor or higher,Married,Female,Private,41,low
73,High school,Married,Male,Private,41,low
44,High school,Never married,Male,Private,41,low
42,High school,Never married,Female,Private,40,low
35,Some college,Never married,Male,Private,40,low
44,High school,Married,Male,Private,41,low
49,Bachelor or higher,Married,Female,Private,52,low
34,Some college,Married,Female,Private,68,low
29,Bachelor or higher,Married,Male,Private,70,high
45,High school,Married,Male,Private,40,low
47,High school,Married,Female,Private,41,low
41,High school,Never married,Male,Private,41,low
55,No high school,Married,Female,Private,41,low
37,Bachelor or higher,Married,Male,Private,41,low
47,High school,Married,Male,Private,70,low
43,High school,Married,Female,Private,63,low
39,High school,Never married,Male,Private,41,low
32,Bachelor or higher,Married,Female,Private,66,low
29,Bachelor or higher,Married,Female,Private,41,low
50,High school,Married,Female,Private,56,low
40,High school,Never married,Male,Private,41,low
31,Bachelor or higher,Married,Male,Government,56,high
49,High school,Never married,Male,Private,41,low
45,High school,Never married,Male,Private,40,low
34,High school,Previously married,Female,Private,41,low
43,Some college,Previously married,Male,Private,41,low
47,High school,Previously married,Male,Private,61,low
42,High school,Previously married,Male,Government,67,low
48,High school,Never married,Female,Private,41,low
30,High school,Never married,Female,Private,41,low
44,High school,Never married,Female,Private,69,low
44,Bachelor or higher,Never married,Female,Government,41,low
37,Some college,Married,Female,Private,69,low
41,Some college,Married,Female,Private,71,low
38,High school,Married,Male,Private,40,low
30,High school,Married,Male,Government,69,high
37,High school,Never married,Male,Private,69,low
45,Bachelor or higher,Married,Male,Private,68,low
87,Bachelor or higher,Never married,Female,Private,41,low
47,Some college,Never married,Male,Private,41,high
40,Bachelor or higher,Married,Female,Private,41,low
94,Some college,Married,Female,Private,41,low
39,Bachelor or higher,Never married,Female,Private,72,low
39,High school,Previously married,Male,Private,41,low
40,High school,Never married,Female,Private,65,low
46,High school,Never married,Female,Private,41,low
50,High school,Never married,Female,Private,41,low
45,Some college,Married,Female,Private,41,low
48,No high school,Never married,Female,Private,68,low
47,High school,Married,Female,Private,41,low
47,High school,Never married,Male,Private,41,low
30,High school,Never married,Male,Private,64,low
48,High school,Married,Male,Private,70,low
24,High school,Never married,Male,Government,47,low
42,High school,Previously married,Female,Private,41,low
46,High school,Married,Male,Private,41,low
45,Bachelor or higher,Married,Female,Private,61,low
47,No high school,Married,Female,Private,40,low
32,High school,Never married,Female,Private,41,low
38,High school,Married,Male,Private,61,low
40,High school,Never married,Female,Private,57,low
40,High school,Never married,Male,Private,55,low
41,High school,Never married,Female,Private,40,low
25,High school,Married,Male,Private,67,low
41,High school,Never married,Female,Private,68,low
34,High school,Married,Male,Private,70,low
45,No high school,Married,Female,Private,41,low
48,Some college,Never married,Female,Self-employed,41,low
45,High school,Previously married,Female,Private,68,low
44,High school,Previously married,Female,Private,41,low
91,Bachelor or higher,Never married,Male,Private,66,low
42,High school,Never married,Male,Private,41,low
45,Some college,Married,Male,Private,59,low
35,High school,Never married,Female,Self-employed,41,low
29,High school,Never married,Female,Private,41,low
40,High school,Never married,Female,Private,69,low
45,No high school,Previously married,Female,Private,41,low
34,High school,Previously married,Male,Private,41,low
49,High school,Never married,Female,Private,41,low
46,Bachelor or higher,Never married,Female,Private,51,low
102,Bachelor or higher,Never married,Male,Private,56,low
45,Some college,Never married,Male,Private,41,high
45,Some college,Never married,Male,Private,41,low
36,High school,Never married,Female,Private,70,low
38,High school,Never married,Male,Private,70,low
33,High school,Never married,Female,Private,41,low
37,High school,Never married,Female,Private,41,low
76,High school,Never married,Male,Private,41,low
40,High school,Married,Male,Private,56,low
41,Bachelor or higher,Never married,Female,Private,40,low
46,Some college,Never married,Female,Private,71,low
30,High school,Never married,Male,Private,58,low
44,Some college,Never married,Female,Private,71,low
51,High school,Never married,Female,Private,41,low
45,High school,Never married,Male,Private,41,low
37,High school,Married,Male,Private,40,low
42,Bachelor or higher,Married,Male,Private,41,low
49,Bachelor or higher,Never married,Female,Private,40,low
83,High school,Never married,Female,Private,70,low
95,Bachelor or higher,Never married,Female,Private,41,low
31,High school,Never married,Male,Government,70,low
25,High school,Never married,Male,Private,66,low
47,Bachelor or higher,Never married,Male,Private,61,low
48,Bachelor or higher,Never married,Female,Private,41,low
28,High school,Never married,Female,Private,68,high
30,Some college,Married,Female,Private,41,low
45,Some college,Never married,Male,Private,41,high
39,High school,Married,Male,Private,69,low
35,High school,Never married,Male,Private,65,low
34,High school,Previously married,Female,Private,41,low
33,High school,Never married,Female,Private,41,high
23,Bachelor or higher,Married,Female,Private,40,low
54,Some college,Never married,Female,Self-employed,47,low
32,High school,Married,Female,Private,70,low
39,Bachelor or higher,Married,Female,Private,41,high
44,No high school,Married,Female,Private,50,low
41,High school,Married,Male,Private,41,high
40,High school,Never married,Male,Private,67,low
47,High school,Never married,Male,Private,40,low
45,High school,Never married,Female,Self-employed,41,low
44,High school,Married,Female,Private,41,high
41,High school,Married,Female,Private,41,low
47,No high school,Never married,Female,Private,41,low
48,High school,Married,Female,Private,65,low
18,Bachelor or higher,Never married,Male,Self-employed,41,high
48,High school,Never married,Male,Private,61,low
45,High school,Never married,Male,Private,40,low
44,High school,Previously married,Male,Private,41,low
49,Some college,Never married,Female,Private,41,low
47,Bachelor or higher,Married,Female,Private,41,low
36,High school,Never married,Male,Private,69,low
46,Bachelor or higher,Never married,Female,Private,41,low
49,High school,Previously married,Female,Private,68,low
87,Bachelor or higher,Married,Female,Private,41,low
46,High school,Never married,Female,Private,41,low
46,Bachelor or higher,Never married,Male,Private,67,low
46,Bachelor or higher,Previously married,Male,Private,41,low
46,Bachelor or higher,Married,Male,Private,41,low
49,High school,Married,Female,Private,40,low
47,Bachelor or higher,Never married,Female,Private,69,low
87,High school,Never married,Female,Private,64,high
47,High school,Married,Male,Private,41,low
47,Bachelor or higher,Married,Male,Private,41,low
36,Bachelor or higher,Never married,Male,Private,61,low
29,High school,Previously married,Female,Private,41,low
44,High school,Never married,Female,Private,68,low
51,High school,Never married,Female,Private,40,low
40,Some college,Married,Male,Private,41,high
49,High school,Never married,Male,Private,40,low
37,Bachelor or higher,Married,Female,Private,41,low
48,High school,Married,Female,Private,41,low
50,Bachelor or higher,Never married,Female,Private,41,low
42,Bachelor or higher,Married,Female,Private,41,low
44,Bachelor or higher,Never married,Male,Private,59,low
20,High school,Never married,Male,Government,41,low
20,High school,Previously married,Female,Private,41,low
31,Bachelor or higher,Married,Male,Private,70,low
45,No high school,Never married,Male,Private,68,low
26,High school,Never married,Female,Private,41,low
30,High school,Never married,Female,Government,57,low
109,Bachelor or higher,Never married,Female,Private,41,low
79,High school,Never married,Female,Private,60,low
43,High school,Married,Female,Private,41,low
38,High school,Never married,Female,Private,33,low
45,High school,Never married,Male,Private,40,low
71,High school,Married,Male,Private,57,low
36,High school,Married,Male,Private,45,low
50,Some college,Married,Female,Private,40,low
48,Bachelor or higher,Married,Male,Private,41,low
40,High school,Never married,Female,Private,57,low
49,High school,Never married,Male,Private,69,low
38,Bachelor or higher,Previously married,Male,Private,41,low
47,High school,Never married,Male,Private,59,low
84,Bachelor or higher,Never married,Male,Private,70,low
30,High school,Previously married,Male,Private,41,low
48,High school,Married,Female,Private,41,low
46,High school,Never married,Male,Private,65,low
40,Some college,Previously married,Female,Private,41,low
48,High school,Never married,Male,Private,41,low
51,No high school,Married,Male,Private,40,low
37,Bachelor or higher,Never married,Male,Private,41,low
31,High school,Married,Female,Private,71,low
27,High school,Married,Female,Private,41,low
46,Some college,Previously married,Female,Private,41,low
28,High school,Never married,Female,Private,41,low
35,Bachelor or higher,Never married,Female,Private,41,low
48,Bachelor or higher,Never married,Female,Private,41,low
42,Bachelor or higher,Previously married,Female,Private,48,low
48,High school,Never married,Female,Private,71,low
49,High school,Married,Male,Private,41,high
41,Some college,Married,Female,Government,63,low
32,High school,Never married,Female,Private,67,low
26,High school,Married,Female,Private,41,high
33,Some college,Never married,Female,Private,68,low
105,Some college,Never married,Female,Private,41,low
34,Bachelor or higher,Married,Female,Government,41,low
35,Some college,Married,Female,Private,69,high
23,High school,Previously married,Female,Private,41,low
36,Some college,Previously married,Female,Private,66,low
29,High school,Married,Female,Private,41,low
32,High school,Married,Female,Private,41,low
42,High school,Previously married,Male,Private,41,low
48,Bachelor or higher,Married,Male,Private,42,low
48,Some college,Previously married,Female,Private,41,low
39,High school,Married,Male,Private,41,high
43,High school,Previously married,Female,Government,48,low
41,Some college,Married,Male,Private,51,high
37,High school,Married,Female,Private,41,low
44,Bachelor or higher,Married,Female,Private,60,low
42,High school,Never married,Female,Private,39,low
84,Some college,Never married,Female,Private,41,low
41,High school,Previously married,Male,Private,69,low
81,High school,Never married,Male,Private,65,high
41,High school,Never married,Male,Private,40,low
82,High school,Never married,Male,Private,41,low
44,High school,Never married,Female,Private,41,low
18,Bachelor or higher,Never married,Male,Private,41,low
33,High school,Married,Female,Private,41,low
42,Bachelor or higher,Married,Male,Private,71,low
21,Bachelor or higher,Married,Male,Private,41,low
100,Some college,Never married,Female,Private,41,low
44,High school,Married,Female,Private,41,low
43,High school,Married,Female,Private,71,low
44,High school,Married,Male,Private,57,low
93,Bachelor or higher,Previously married,Male,Private,41,low
50,Some college,Never married,Female,Private,41,low
32,Some college,Previously married,Female,Private,41,low
33,Bachelor or higher,Previously married,Male,Private,65,high
40,Bachelor or higher,Married,Male,Private,40,high
21,High school,Married,Male,Private,67,low
43,High school,Never married,Male,Private,126,low
42,High school,Married,Male,Private,40,high
41,High school,Never married,Female,Private,40,low
39,High school,Never married,Male,Private,67,low
42,High school,Never married,Female,Private,66,low
51,No high school,Never married,Female,Private,64,low
27,Bachelor or higher,Married,Female,Private,65,low
28,Some college,Married,Male,Private,41,low
40,Bachelor or higher,Married,Female,Private,41,low
43,High school,Never married,Male,Private,69,low
25,High school,Married,Female,Private,70,low
43,No high school,Married,Female,Private,41,low
26,Bachelor or higher,Married,Male,Private,67,low
40,High school,Married,Male,Private,41,low
99,Bachelor or higher,Married,Male,Private,41,low
39,Some college,Never married,Male,Private,41,low
44,High school,Married,Male,Private,40,low
48,Some college,Never married,Male,Private,64,high
29,Some college,Married,Male,Private,41,low
40,High school,Previously married,Male,Private,40,low
97,High school,Never married,Female,Private,41,low
30,High school,Married,Female,Private,51,low
49,Some college,Never married,Female,Private,41,high
38,Bachelor or higher,Married,Female,Private,41,low
101,No high school,Never married,Male,Private,41,low
28,High school,Married,Male,Private,40,low
47,Some college,Married,Female,Private,41,low
46,Bachelor or higher,Married,Female,Private,41,low
47,Bachelor or higher,Never married,Female,Private,41,low
45,High school,Married,Male,Private,41,low
45,Some college,Previously married,Female,Private,67,low
39,High school,Never married,Male,Private,37,low
47,High school,Married,Female,Private,41,low
103,Bachelor or higher,Never married,Female,Private,41,low
32,High school,Married,Male,Government,41,low
37,Bachelor or higher,Married,Male,Private,40,low
32,Bachelor or higher,Never married,Male,Private,40,low
92,High school,Never married,Female,Private,67,low
90,Bachelor or higher,Married,Male,Private,56,low
45,High school,Never married,Male,Private,41,low
40,Bachelor or higher,Previously married,Female,Private,60,low
43,High school,Never married,Female,Private,41,low
40,Bachelor or higher,Married,Male,Private,41,low
33,High school,Never married,Female,Self-employed,41,low
28,High school,Never married,Male,Private,40,low
23,High school,Married,Male,Self-employed,63,low
46,High school,Never married,Male,Private,69,high
46,High school,Previously married,Male,Private,41,low
44,Bachelor or higher,Previously married,Female,Private,41,low
24,High school,Never married,Female,Private,41,low
44,Bachelor or higher,Never married,Male,Government,59,low
42,Bachelor or higher,Married,Female,Private,40,low
27,Bachelor or higher,Married,Female,Private,41,low
36,Bachelor or higher,Married,Male,Private,69,low
40,Bachelor or higher,Previously married,Female,Private,41,low
38,Bachelor or higher,Married,Male,Private,70,low
44,High school,Never married,Male,Private,41,low
41,High school,Never married,Female,Government,55,low
47,High school,Never married,Male,Private,41,low
45,High school,Never married,Female,Private,69,low
46,High school,Previously married,Male,Private,41,low
38,Bachelor or higher,Never married,Male,Private,41,low
42,Bachelor or higher,Never married,Male,Private,41,low
82,High school,Married,Male,Private,65,low
39,Some college,Never married,Female,Private,69,high
49,High school,Never married,Male,Private,40,low
33,High school,Never married,Female,Self-employed,40,low
93,Some college,Previously married,Female,Private,41,low
29,High school,Never married,Female,Private,41,low
43,Bachelor or higher,Never married,Male,Private,71,low
101,Some college,Previously married,Male,Private,70,low
37,High school,Never married,Female,Private,41,low
42,High school,Never married,Male,Private,41,low
32,Bachelor or higher,Previously married,Male,Private,68,low
44,Bachelor or higher,Married,Male,Private,71,low
41,High school,Never married,Male,Private,55,low
41,Bachelor or higher,Never married,Male,Private,40,high
96,Some college,Previously married,Female,Private,41,high
38,High school,Previously married,Male,Private,71,low
24,High school,Married,Female,Self-employed,68,low
31,Some college,Never married,Female,Private,69,low
41,High school,Married,Male,Private,41,low
36,Some college,Previously married,Female,Private,50,low
30,High school,Never married,Male,Private,67,low
49,High school,Married,Female,Government,61,low
42,High school,Never married,Female,Private,41,low
40,Bachelor or higher,Married,Male,Private,41,low
40,Some college,Married,Female,Private,67,low
93,High school,Married,Male,Private,40,low
38,Bachelor or higher,Never married,Female,Private,70,low
47,Bachelor or higher,Married,Male,Private,41,low
50,High school,Previously married,Female,Private,56,low
38,High school,Married,Female,Private,57,low
45,High school,Never married,Female,Private,41,low
48,High school,Married,Male,Self-employed,58,low
33,High school,Married,Female,Private,41,low
31,High school,Married,Female,Private,40,low
43,High school,Previously married,Male,Private,41,low
42,High school,Never married,Male,Private,66,low
36,High school,Married,Female,Private,41,low
21,High school,Married,Male,Private,65,low
32,Some college,Previously married,Female,Private,41,low
22,Some college,Never married,Male,Private,62,low
45,Bachelor or higher,Never married,Male,Private,39,low
34,Bachelor or higher,Never married,Male,Private,69,low
46,Bachelor or higher,Never married,Male,Private,41,low
44,Bachelor or higher,Never married,Female,Private,56,low
40,High school,Never married,Male,Private,41,low
42,Bachelor or higher,Never married,Male,Private,41,low
45,Bachelor or higher,Never married,Male,Private,41,low
47,No high school,Never married,Female,Private,68,low
35,High school,Married,Male,Government,41,low
98,Bachelor or higher,Never married,Female,Private,40,low
36,High school,Married,Male,Private,41,low
39,High school,Previously married,Female,Private,41,low
31,High school,Married,Male,Private,46,low
44,High school,Married,Male,Private,63,high
35,High school,Married,Male,Private,41,low
78,Bachelor or higher,Never married,Male,Private,66,low
26,High school,Married,Female,Private,41,low
45,High school,Married,Female,Private,41,low
38,High school,Previously married,Male,Private,41,low
44,Bachelor or higher,Never married,Male,Private,40,low
45,Some college,Married,Male,Private,69,low
44,High school,Never married,Female,Private,41,low
106,High school,Never married,Female,Private,54,low
34,High school,Married,Male,Private,41,low
39,High school,Never married,Male,Private,41,low
43,High school,Never married,Male,Private,41,low
38,High school,Never married,Male,Private,41,high
45,Some college,Never married,Female,Private,41,low
27,High school,Married,Female,Private,70,low
47,Some college,Previously married,Female,Private,40,low
45,No high school,Previously married,Female,Private,41,low
42,High school,Never married,Female,Private,41,low
95,Bachelor or higher,Married,Female,Private,53,low
38,High school,Married,Female,Private,66,low
71,High school,Married,Male,Private,40,low
42,High school,Never married,Male,Private,41,high
45,Some college,Previously married,Female,Government,41,low
33,High school,Never married,Male,Private,58,low
31,Bachelor or higher,Never married,Female,Private,68,low
45,Some college,Previously married,Female,Private,41,low
99,Some college,Previously married,Female,Private,41,low
97,Bachelor or higher,Married,Male,Private,41,low
40,High school,Never married,Male,Government,66,low
36,High school,Married,Male,Private,69,high
34,High school,Never married,Female,Private,62,low
49,No high school,Never married,Female,Private,67,low
45,High school,Previously married,Male,Private,41,low
41,High school,Married,Female,Private,58,high
81,High school,Never married,Male,Private,57,low
32,High school,Never married,Female,Private,65,high
45,Bachelor or higher,Married,Female,Private,41,low
33,High school,Previously married,Female,Private,41,low
48,High school,Never married,Female,Private,41,low
35,High school,Married,Male,Private,59,low
50,Bachelor or higher,Married,Male,Private,28,low
38,High school,Never married,Female,Private,57,low
34,High school,Married,Female,Private,71,low
50,Bachelor or higher,Never married,Female,Private,41,low
58,High school,Previously married,Female,Private,40,low
42,High school,Married,Male,Private,40,low
45,Some college,Married,Female,Private,54,low
42,High school,Never married,Female,Private,40,low
38,High school,Never married,Male,Private,68,low
95,High school,Never married,Male,Private,40,low
88,No high school,Married,Female,Private,41,low
25,High school,Previously married,Female,Private,41,low
46,High school,Never married,Female,Private,41,low
57,Bachelor or higher,Never married,Female,Private,41,low
33,Bachelor or higher,Never married,Male,Private,71,low
42,High school,Never married,Female,Government,40,low
46,Bachelor or higher,Never married,Female,Private,40,low
93,Bachelor or higher,Never married,Male,Private,41,low
30,Bachelor or higher,Never married,Male,Private,40,low
45,High school,Never married,Male,Private,70,low
42,High school,Never married,Male,Private,71,low
26,High school,Never married,Male,Private,41,low
24,High school,Never married,Male,Private,69,low
35,High school,Previously married,Female,Private,41,low
34,High school,Married,Male,Private,123,low
45,High school,Married,Female,Private,41,low
46,High school,Married,Male,Private,41,low
46,High school,Never married,Female,Private,40,low
46,Bachelor or higher,Never married,Female,Private,41,high
36,High school,Never married,Male,Private,40,high
41,High school,Never married,Female,Private,41,low
34,High school,Never married,Female,Private,41,low
35,Bachelor or higher,Never married,Female,Private,40,low
28,High school,Never married,Female,Private,41,low
47,Some college,Married,Male,Self-employed,59,low
41,High school,Never married,Male,Private,63,low
84,High school,Never married,Male,Private,58,low
48,Some college,Previously married,Female,Private,41,low
32,High school,Married,Male,Private,69,low
29,High school,Never married,Male,Private,58,low
31,High school,Never married,Female,Private,41,low
45,High school,Never married,Female,Private,41,low
45,High school,Never married,Female,Private,67,low
42,Bachelor or higher,Never married,Female,Private,41,low
43,High school,Never married,Female,Private,58,low
43,High school,Married,Male,Private,41,low
44,No high school,Never married,Male,Private,67,low
50,Some college,Never married,Female,Private,71,low
33,Bachelor or higher,Never married,Male,Private,59,low
42,High school,Married,Male,Private,68,high
45,High school,Never married,Male,Private,40,low
42,High school,Never married,Female,Private,41,low
35,Bachelor or higher,Never married,Male,Private,70,high
49,Some college,Married,Female,Private,41,low
43,High school,Never married,Female,Private,41,low
32,High school,Never married,Female,Private,68,low
98,Bachelor or higher,Never married,Male,Government,61,low
28,High school,Never married,Female,Private,41,low
42,Bachelor or higher,Never married,Female,Private,70,low
29,High school,Previously married,Female,Government,41,low
65,High school,Never married,Female,Private,45,low
46,Bachelor or higher,Married,Male,Private,41,low
25,Bachelor or higher,Never married,Male,Private,41,low
36,High school,Never married,Female,Private,40,low
50,Some college,Never married,Female,Private,41,low
40,Some college,Never married,Male,Private,68,low
45,No high school,Previously married,Female,Private,52,low
48,Bachelor or higher,Married,Female,Private,41,low
54,No high school,Never married,Female,Private,40,low
42,Some college,Never married,Male,Private,41,high
74,Some college,Married,Female,Private,41,low
32,Bachelor or higher,Never married,Male,Private,68,low
45,Some college,Never married,Female,Government,41,low
36,High school,Married,Female,Private,40,low
39,High school,Never married,Male,Private,66,high
50,High school,Married,Male,Private,70,low
87,Some college,Married,Female,Private,41,high
48,Bachelor or higher,Married,Male,Private,41,low
37,High school,Married,Male,Private,41,low
40,High school,Married,Male,Private,68,low
44,Bachelor or higher,Married,Male,Self-employed,41,low
45,Some college,Never married,Female,Private,66,low
40,High school,Married,Male,Private,41,high
43,High school,Married,Female,Private,41,low
46,High school,Never married,Male,Private,65,low
38,High school,Never married,Female,Self-employed,41,low
21,High school,Married,Male,Government,39,low
29,High school,Married,Male,Private,41,low
35,High school,Never married,Female,Private,67,low
91,High school,Never married,Female,Private,40,low
42,Bachelor or higher,Never married,Male,Private,41,low
25,High school,Married,Female,Private,70,low
46,Some college,Never married,Male,Private,41,low
35,Bachelor or higher,Never married,Male,Private,69,low
46,High school,Never married,Female,Private,41,low
45,No high school,Never married,Male,Private,41,low
77,Some college,Married,Female,Private,58,low
26,Bachelor or higher,Married,Female,Self-employed,41,low
50,High school,Previously married,Female,Private,41,low
45,High school,Married,Male,Private,49,low
97,High school,Never married,Female,Private,58,low
45,High school,Previously married,Female,Private,41,low
41,High school,Never married,Male,Private,63,low
45,Bachelor or higher,Married,Male,Private,41,low
98,High school,Never married,Female,Private,41,low
86,Bachelor or higher,Married,Female,Private,41,low
29,Bachelor or higher,Never married,Female,Private,64,low
49,High school,Never married,Male,Private,63,low
93,Some college,Previously married,Female,Private,58,low
37,High school,Married,Male,Private,41,low
43,High school,Married,Male,Private,40,low
30,Some college,Married,Male,Private,40,high
100,Some college,Married,Female,Private,47,low
40,High school,Never married,Female,Private,41,low
43,Bachelor or higher,Never married,Female,Government,40,low
44,Bachelor or higher,Married,Male,Private,41,low
40,No high school,Married,Male,Private,41,low
34,High school,Married,Female,Private,71,low
42,High school,Married,Male,Private,69,low
44,Bachelor or higher,Married,Female,Private,41,low
40,High school,Never married,Female,Private,41,low
37,Some college,Married,Female,Private,41,low
47,High school,Married,Male,Private,56,low
36,High school,Never married,Male,Private,51,low
27,Bachelor or higher,Never married,Male,Private,69,low
50,High school,Never married,Male,Private,68,low
42,High school,Never married,Male,Private,70,low
42,Bachelor or higher,Married,Female,Private,64,low
41,No high school,Married,Female,Private,33,low
37,Bachelor or higher,Never married,Female,Private,69,low
35,High school,Married,Male,Private,51,low
44,High school,Never married,Female,Private,70,low
35,High school,Previously married,Female,Private,41,low
43,Bachelor or higher,Married,Male,Private,41,low
50,High school,Never married,Female,Private,41,low
38,Some college,Married,Male,Private,40,low
36,High school,Married,Male,Private,41,low
41,Bachelor or higher,Married,Male,Private,41,high
48,Some college,Never married,Female,Private,41,low
43,Some college,Previously married,Male,Private,40,low
44,High school,Never married,Female,Private,41,high
35,No high school,Never married,Male,Private,41,low
29,High school,Previously married,Female,Private,41,low
46,High school,Never married,Male,Private,70,low
43,High school,Never married,Female,Private,66,low
48,High school,Never married,Male,Private,41,low
41,High school,Never married,Male,Private,56,high
44,No high school,Never married,Female,Private,70,low
28,High school,Never married,Male,Private,65,low
28,Bachelor or higher,Never married,Female,Private,40,low
34,High school,Never married,Female,Private,41,low
39,High school,Never married,Male,Self-employed,69,low
84,High school,Previously married,Female,Government,63,low
48,High school,Married,Male,Private,41,low
70,No high school,Married,Female,Private,41,low
42,Some college,Never married,Female,Private,66,low
21,Bachelor or higher,Married,Female,Private,70,low
49,Some college,Married,Female,Private,71,low
41,High school,Never married,Male,Private,71,low
46,High school,Never married,Male,Private,53,low
44,High school,Never married,Female,Private,41,low
46,Some college,Never married,Male,Private,48,low
48,High school,Never married,Female,Private,56,low
41,High school,Married,Male,Private,62,low
33,High school,Never married,Male,Private,41,low
41,High school,Previously married,Female,Private,40,low
47,Some college,Married,Male,Private,62,low
82,Bachelor or higher,Married,Male,Private,40,low
30,High school,Never married,Female,Government,40,low
40,High school,Never married,Male,Private,70,low
47,High school,Never married,Male,Private,41,low
49,High school,Never married,Female,Private,40,low
63,High school,Never married,Male,Private,71,low
19,Bachelor or higher,Married,Female,Private,41,low
92,High school,Never married,Male,Private,51,low
41,Bachelor or higher,Married,Male,Private,71,low
88,High school,Married,Female,Private,67,low
36,High school,Never married,Male,Private,55,low
27,Bachelor or higher,Never married,Male,Self-employed,41,low
39,High school,Married,Male,Private,41,low
49,High school,Never married,Male,Private,41,low
28,High school,Never married,Male,Private,69,low
41,Bachelor or higher,Never married,Male,Private,40,low
101,High school,Never married,Female,Private,41,low
39,High school,Never married,Male,Private,69,low
46,High school,Previously married,Female,Private,41,low
42,High school,Married,Male,Private,68,low
31,High school,Married,Female,Private,41,low
23,High school,Never married,Female,Self-employed,70,low
44,Some college,Never married,Male,Private,55,low
47,High school,Never married,Female,Private,41,low
39,High school,Married,Female,Private,41,low
43,High school,Never married,Male,Private,60,low
51,Some college,Never married,Male,Private,40,low
47,High school,Never married,Male,Private,41,high
37,High school,Never married,Female,Private,41,low
38,High school,Never married,Female,Private,41,low
43,No high school,Never married,Male,Private,41,low
38,High school,Never married,Male,Private,40,low
46,Bachelor or higher,Married,Female,Private,65,low
46,High school,Married,Male,Private,41,high
46,High school,Married,Female,Private,63,low
46,High school,Never married,Male,Private,63,low
22,High school,Married,Female,Private,55,low
45,High school,Previously married,Female,Government,41,low
33,High school,Married,Female,Private,68,low
48,High school,Never married,Female,Private,40,low
41,High school,Married,Male,Self-employed,62,low
18,High school,Never married,Male,Private,41,high
51,High school,Married,Male,Private,41,low
39,High school,Never married,Female,Private,63,low
32,High school,Previously married,Female,Self-employed,70,low
48,High school,Married,Male,Private,41,low
28,Some college,Previously married,Female,Government,40,low
48,No high school,Never married,Female,Private,50,low
33,Bachelor or higher,Married,Female,Private,59,low
55,High school,Never married,Female,Private,49,low
46,High school,Never married,Male,Private,41,low
45,High school,Married,Male,Private,70,high
21,Bachelor or higher,Never married,Female,Private,41,low
42,High school,Married,Male,Private,41,low
45,High school,Never married,Female,Private,41,low
22,High school,Never married,Female,Self-employed,63,low
47,High school,Never married,Male,Private,65,high
29,High school,Married,Female,Private,41,low
50,High school,Married,Female,Private,41,low
34,High school,Never married,Male,Private,65,low
48,High school,Never married,Female,Private,41,low
16,High school,Never married,Female,Private,57,low
44,High school,Never married,Female,Private,41,low
42,High school,Previously married,Female,Private,41,low
50,High school,Married,Male,Private,68,low
38,No high school,Never married,Female,Private,40,low
47,High school,Previously married,Female,Private,40,low
20,High school,Married,Female,Self-employed,58,low
33,High school,Married,Female,Private,41,low
46,No high school,Never married,Female,Private,41,low
40,High school,Married,Male,Private,41,high
38,Bachelor or higher,Married,Female,Private,40,low
74,No high school,Never married,Female,Private,70,low
44,High school,Married,Male,Private,40,low
46,High school,Never married,Female,Private,70,low
39,High school,Married,Female,Private,40,low
42,No high school,Never married,Male,Private,41,low
44,High school,Never married,Male,Private,66,low
66,High school,Never married,Female,Private,41,low
48,High school,Married,Male,Private,60,low
42,High school,Never married,Female,Private,69,low
18,High school,Married,Male,Self-employed,71,low
42,Bachelor or higher,Never married,Male,Private,42,low
49,Some college,Married,Male,Private,41,low
47,Bachelor or higher,Married,Male,Private,66,low
43,No high school,Never married,Female,Private,67,low
49,Bachelor or higher,Previously married,Female,Private,41,low
99,High school,Never married,Female,Private,41,low
36,High school,Married,Male,Private,70,high
41,Some college,Never married,Male,Government,70,low
45,Some college,Married,Female,Private,51,low
84,Bachelor or higher,Married,Male,Private,69,low
43,Bachelor or higher,Never married,Male,Private,70,high
46,Bachelor or higher,Married,Male,Private,41,low
43,Some college,Previously married,Female,Private,41,low
40,Bachelor or higher,Previously married,Female,Government,41,low
43,Bachelor or higher,Previously married,Male,Private,41,low
38,No high school,Previously married,Male,Private,50,low
35,Bachelor or higher,Married,Female,Private,41,low
35,Some college,Previously married,Female,Private,57,low
41,High school,Married,Female,Private,40,low
44,High school,Never married,Male,Private,71,high
41,High school,Never married,Male,Private,40,low
31,High school,Married,Male,Private,63,low
42,Bachelor or higher,Never married,Male,Private,68,low
37,High school,Never married,Male,Private,67,low
43,High school,Previously married,Male,Private,41,low
41,Bachelor or higher,Married,Male,Private,69,low
36,Bachelor or higher,Married,Male,Private,41,low
31,Bachelor or higher,Married,Male,Private,41,low
42,High school,Never married,Male,Government,40,low
23,No high school,Never married,Female,Private,41,low
35,High school,Never married,Female,Private,68,low
41,High school,Never married,Female,Government,52,low
41,Bachelor or higher,Married,Female,Private,41,low
31,High school,Married,Male,Private,41,high
42,High school,Married,Male,Private,40,low
42,Some college,Previously married,Male,Private,56,low
29,High school,Previously married,Female,Private,40,low
36,Bachelor or higher,Never married,Female,Private,41,low
27,High school,Never married,Female,Private,68,low
32,High school,Never married,Male,Private,67,high
36,High school,Married,Male,Private,41,low
47,High school,Never married,Female,Private,41,low
41,High school,Previously married,Female,Private,71,low
52,Bachelor or higher,Married,Female,Private,41,low
36,High school,Married,Male,Private,61,high
39,High school,Never married,Female,Private,41,low
38,High school,Married,Female,Private,58,low
39,High school,Previously married,Male,Self-employed,67,low
48,High school,Never married,Male,Private,60,low
43,High school,Never married,Female,Private,40,low
36,No high school,Never married,Male,Private,41,low
47,Bachelor or higher,Previously married,Female,Private,41,low
101,Some college,Married,Male,Private,40,low
76,Some college,Never married,Female,Private,46,low
37,High school,Previously married,Female,Private,41,low
30,High school,Previously married,Male,Private,41,low
30,High school,Never married,Male,Private,41,low
36,Bachelor or higher,Married,Female,Private,41,low
43,High school,Never married,Male,Private,41,low
43,High school,Never married,Female,Private,52,low
41,High school,Married,Female,Private,41,low
44,Some college,Previously married,Female,Private,41,low
39,High school,Married,Male,Private,41,low
39,High school,Never married,Male,Private,40,high
37,High school,Never married,Male,Private,66,high
50,High school,Never married,Male,Private,41,low
49,High school,Never married,Male,Private,41,low
30,Some college,Never married,Female,Government,50,low
24,Bachelor or higher,Married,Male,Self-employed,41,high
31,High school,Married,Male,Private,41,low
95,Some college,Never married,Female,Private,41,low
41,Some college,Never married,Female,Private,66,low
48,High school,Married,Male,Private,40,low
42,High school,Never married,Male,Private,40,low
30,High school,Never married,Male,Private,37,low
47,Bachelor or higher,Previously married,Female,Private,70,low
47,No high school,Married,Male,Private,41,low
29,High school,Married,Female,Self-employed,41,low
16,High school,Previously married,Male,Private,56,low
44,High school,Married,Male,Private,40,low
40,High school,Never married,Male,Private,41,low
42,High school,Never married,Female,Private,41,low
49,Some college,Previously married,Female,Private,41,low
67,Bachelor or higher,Never married,Male,Private,68,low
38,High school,Never married,Male,Private,71,low
107,Some college,Never married,Female,Private,41,low
48,Some college,Married,Female,Private,41,low
27,Bachelor or higher,Married,Male,Private,69,low
34,High school,Previously married,Female,Private,41,low
58,No high school,Married,Female,Private,41,low
33,High school,Married,Female,Private,64,low
42,Some college,Married,Male,Private,41,high
38,High school,Never married,Female,Private,41,high
90,Bachelor or higher,Never married,Female,Government,68,low
49,Some college,Never married,Female,Private,41,low
48,High school,Never married,Female,Private,41,low
54,Bachelor or higher,Married,Female,Private,41,low
39,High school,Never married,Female,Private,41,low
96,High school,Married,Female,Private,41,low
43,Bachelor or higher,Never married,Male,Private,59,low
28,Bachelor or higher,Never married,Male,Private,69,low
29,High school,Married,Male,Private,70,low
41,High school,Never married,Male,Self-employed,40,low
109,Bachelor or higher,Never married,Male,Private,41,low
33,High school,Never married,Female,Private,67,low
34,High school,Never married,Male,Private,63,low
25,High school,Previously married,Male,Self-employed,61,low
44,High school,Previously married,Female,Private,40,low
42,High school,Married,Male,Private,41,low
98,High school,Never married,Female,Private,41,low
46,Some college,Never married,Male,Private,41,low
50,Some college,Never married,Female,Private,41,low
40,High school,Never married,Male,Private,54,low
94,Bachelor or higher,Never married,Male,Private,41,low
38,High school,Never married,Female,Private,55,low
27,High school,Never married,Male,Private,57,low
32,Bachelor or higher,Never married,Male,Private,65,low
48,High school,Married,Male,Private,41,low
39,No high school,Married,Female,Private,41,low
29,High school,Married,Male,Private,65,low
39,High school,Married,Male,Private,41,low
30,High school,Never married,Male,Private,41,low
104,Bachelor or higher,Married,Male,Private,41,low
51,Some college,Previously married,Female,Private,72,low
49,Bachelor or higher,Previously married,Female,Government,41,low
45,High school,Married,Male,Private,41,low
45,High school,Never married,Male,Private,66,high
43,High school,Married,Female,Private,41,low
44,Some college,Married,Male,Government,41,low
45,Bachelor or higher,Never married,Male,Private,41,low
44,High school,Never married,Male,Private,41,low
41,High school,Never married,Male,Private,56,high
35,High school,Never married,Female,Private,41,low
48,High school,Never married,Male,Government,40,low
47,High school,Previously married,Male,Private,67,low
44,Bachelor or higher,Never married,Female,Private,41,low
33,High school,Previously married,Female,Private,40,low
27,High school,Previously married,Female,Private,41,low
56,Some college,Previously married,Female,Government,41,low
42,High school,Married,Male,Government,58,high
45,High school,Never married,Male,Private,40,low
35,High school,Never married,Male,Private,41,low
47,High school,Married,Female,Private,48,low
38,High school,Married,Female,Private,41,low
49,High school,Never married,Female,Private,41,low
94,High school,Married,Male,Private,41,low
45,High school,Never married,Female,Private,71,high
47,High school,Married,Male,Private,41,low
35,High school,Never married,Male,Private,64,high
46,Bachelor or higher,Never married,Female,Private,41,low
46,High school,Married,Female,Private,41,low
50,Bachelor or higher,Never married,Male,Private,40,low
45,High school,Married,Female,Private,49,low
27,High school,Never married,Female,Private,40,low
50,Some college,Previously married,Female,Private,70,low
32,High school,Married,Female,Government,41,low
35,Bachelor or higher,Married,Female,Private,68,low
23,Bachelor or higher,Never married,Male,Self-employed,68,low
47,No high school,Married,Female,Private,59,low
43,High school,Never married,Female,Private,41,low
30,High school,Married,Female,Private,40,low
45,Bachelor or higher,Married,Male,Self-employed,56,low
33,No high school,Never married,Female,Private,56,low
29,High school,Previously married,Male,Government,41,low
25,High school,Married,Male,Self-employed,69,low
32,High school,Never married,Male,Self-employed,70,high
44,Some college,Never married,Male,Private,66,low
47,High school,Never married,Male,Private,41,low
43,High school,Never married,Male,Private,40,low
37,High school,Never married,Female,Self-employed,41,low
95,High school,Never married,Male,Private,41,low
51,Bachelor or higher,Married,Male,Private,41,low
105,Some college,Previously married,Female,Private,41,low
41,High school,Never married,Female,Private,61,low
41,High school,Never married,Female,Private,41,low
43,High school,Never married,Female,Private,64,low
72,High school,Previously married,Male,Private,70,low
50,High school,Married,Male,Private,68,low
46,High school,Never married,Female,Private,41,low
29,High school,Never married,Male,Self-employed,60,low
47,High school,Never married,Male,Private,41,low
41,High school,Never married,Male,Private,40,low
34,High school,Never married,Female,Private,41,low
41,High school,Never married,Male,Private,41,low
29,High school,Never married,Male,Private,41,low
43,Some college,Never married,Female,Private,61,low
50,Some college,Never married,Male,Private,66,low
23,High school,Never married,Male,Private,64,low
35,High school,Never married,Male,Private,55,low
34,No high school,Married,Female,Private,64,low
41,Some college,Married,Male,Private,41,low
30,High school,Married,Female,Private,54,low
41,High school,Married,Female,Private,63,low
33,High school,Previously married,Male,Private,59,low
48,High school,Never married,Male,Private,41,low
45,High school,Previously married,Female,Self-employed,68,low
52,Bachelor or higher,Never married,Male,Private,41,low
37,High school,Never married,Female,Private,40,low
47,Bachelor or higher,Never married,Female,Private,41,low
47,Bachelor or higher,Never married,Male,Private,41,high
29,High school,Married,Female,Private,71,low
102,Bachelor or higher,Never married,Male,Private,41,low
50,High school,Never married,Male,Private,66,low
35,High school,Previously married,Male,Private,41,low
40,Bachelor or higher,Never married,Female,Private,41,low
44,Some college,Married,Male,Private,22,low
45,High school,Never married,Male,Private,68,low
30,High school,Previously married,Female,Private,41,low
48,No high school,Never married,Female,Private,61,low
49,High school,Married,Male,Private,41,low
30,High school,Never married,Female,Self-employed,41,low
27,Bachelor or higher,Married,Male,Private,70,high
40,High school,Never married,Female,Government,40,low
42,High school,Never married,Male,Private,41,low
32,High school,Married,Male,Private,55,low
44,Bachelor or higher,Married,Female,Private,41,low
41,High school,Married,Male,Private,66,low
56,High school,Married,Male,Private,40,low
44,High school,Never married,Female,Private,71,low
42,No high school,Married,Female,Private,58,low
44,High school,Never married,Female,Private,41,high
79,High school,Never married,Female,Private,41,low
42,High school,Married,Female,Private,64,low
34,Bachelor or higher,Never married,Female,Private,41,low
35,Some college,Never married,Female,Private,65,low
41,High school,Never married,Female,Private,41,low
44,High school,Never married,Male,Private,41,low
46,High school,Never married,Male,Private,61,low
46,Bachelor or higher,Never married,Male,Government,41,low
47,Bachelor or higher,Never married,Male,Private,56,low
91,Some college,Married,Male,Private,63,low
48,Some college,Previously married,Female,Private,41,low
42,Bachelor or higher,Married,Male,Private,41,low
42,High school,Married,Female,Private,71,low
30,High school,Never married,Male,Private,65,low
39,High school,Never married,Female,Private,71,low
48,High school,Previously married,Female,Private,67,low
33,Bachelor or higher,Married,Male,Private,41,low
29,High school,Never married,Male,Private,56,low
34,High school,Previously married,Female,Self-employed,41,low
45,Bachelor or higher,Married,Female,Government,41,low
37,Bachelor or higher,Married,Male,Private,62,low
42,High school,Previously married,Female,Private,41,low
37,Bachelor or higher,Previously married,Female,Private,41,low
42,Bachelor or higher,Never married,Female,Private,70,low
47,High school,Married,Male,Private,70,low
48,Bachelor or higher,Never married,Male,Government,40,low
44,High school,Never married,Male,Private,70,low
108,High school,Never married,Male,Private,41,low
42,High school,Never married,Male,Private,51,high
40,High school,Never married,Male,Private,41,low
30,High school,Never married,Female,Private,40,low
30,High school,Never married,Male,Private,40,high
79,High school,Previously married,Female,Private,41,low
46,High school,Never married,Male,Private,60,low
23,Bachelor or higher,Married,Male,Private,70,low
49,High school,Never married,Female,Private,40,low
41,High school,Never married,Male,Private,52,low
42,High school,Married,Female,Self-employed,69,low
33,High school,Married,Female,Private,41,low
31,High school,Never married,Female,Private,41,low
24,Some college,Married,Male,Private,62,low
44,Bachelor or higher,Never married,Male,Private,41,high
57,Bachelor or higher,Previously married,Female,Private,66,low
41,High school,Previously married,Female,Private,41,low
28,High school,Married,Male,Private,40,low
23,Bachelor or higher,Never married,Female,Private,41,low
25,Bachelor or higher,Married,Male,Private,64,low
49,High school,Married,Female,Private,70,low
40,High school,Married,Female,Private,71,low
44,Some college,Never married,Male,Private,46,low
45,Bachelor or higher,Married,Male,Private,41,high
22,Bachelor or higher,Married,Male,Private,69,low
37,High school,Married,Female,Private,59,low
82,Bachelor or higher,Married,Female,Private,41,low
36,High school,Never married,Male,Private,41,low
63,High school,Never married,Female,Private,41,low
43,High school,Never married,Female,Private,41,low
40,Some college,Never married,Female,Private,70,low
25,High school,Never married,Male,Self-employed,60,low
47,Bachelor or higher,Never married,Female,Private,41,low
42,High school,Married,Female,Private,41,low
45,High school,Never married,Female,Private,61,low
45,High school,Never married,Male,Private,41,low
48,No high school,Never married,Female,Private,65,low
103,High school,Never married,Female,Private,41,low
40,High school,Never married,Male,Private,41,low
37,Bachelor or higher,Never married,Female,Private,67,low
39,High school,Never married,Male,Private,41,low
43,Bachelor or higher,Married,Female,Private,69,low
43,Some college,Never married,Male,Private,41,low
56,No high school,Never married,Female,Private,69,low
31,Some college,Married,Male,Private,45,low
29,Bachelor or higher,Married,Female,Private,41,low
34,Bachelor or higher,Never married,Female,Private,41,low
35,High school,Married,Female,Private,68,low
48,Some college,Never married,Female,Private,41,low
48,No high school,Never married,Male,Private,63,low
41,Bachelor or higher,Never married,Male,Private,41,high
24,High school,Never married,Male,Self-employed,56,low
39,High school,Previously married,Female,Private,65,low
49,High school,Never married,Female,Private,70,low
72,High school,Never married,Male,Private,70,low
49,No high school,Married,Male,Private,65,low
47,High school,Previously married,Female,Private,71,low
33,High school,Never married,Female,Government,41,low
47,High school,Never married,Female,Private,68,low
90,High school,Never married,Male,Private,41,low
30,High school,Married,Male,Private,41,low
47,High school,Married,Male,Private,70,low
48,High school,Never married,Female,Private,41,low
36,High school,Previously married,Male,Self-employed,67,low
84,High school,Married,Male,Private,41,low
33,High school,Married,Female,Private,71,low
31,Some college,Married,Female,Private,69,low
31,Bachelor or higher,Married,Male,Private,68,low
67,High school,Never married,Female,Private,69,low
27,High school,Married,Male,Self-employed,66,low
50,High school,Never married,Male,Private,44,low
39,Some college,Never married,Female,Private,70,low
29,High school,Never married,Male,Private,70,low
51,High school,Never married,Male,Private,58,low
29,High school,Never married,Female,Private,62,low
45,High school,Married,Male,Private,40,low
96,Some college,Never married,Female,Private,69,low
47,High school,Married,Male,Private,40,low
30,High school,Never married,Female,Private,41,low
33,High school,Never married,Male,Private,66,low
58,High school,Never married,Male,Private,70,high
30,High school,Married,Male,Self-employed,64,low
20,Some college,Married,Female,Private,41,low
36,High school,Married,Female,Private,40,low
46,Bachelor or higher,Never married,Female,Private,71,low
36,No high school,Married,Female,Self-employed,40,low
49,No high school,Married,Male,Private,41,low
18,Bachelor or higher,Married,Male,Private,71,low
47,High school,Married,Male,Private,65,low
29,High school,Previously married,Female,Private,41,high
30,High school,Married,Male,Private,70,low
42,High school,Married,Male,Government,65,low
48,Bachelor or higher,Married,Male,Private,40,low
82,Some college,Never married,Female,Private,41,low
40,High school,Previously married,Female,Private,70,low
48,High school,Married,Female,Private,41,high
38,High school,Never married,Female,Private,41,low
47,Bachelor or higher,Never married,Female,Private,41,low
53,High school,Married,Male,Private,20,low
48,High school,Never married,Female,Private,41,low
44,Bachelor or higher,Never married,Female,Private,41,low
26,High school,Never married,Male,Private,41,high
51,High school,Never married,Female,Private,53,low
82,High school,Never married,Male,Private,65,high
81,High school,Previously married,Female,Private,41,low
43,High school,Never married,Male,Private,65,low
47,Some college,Never married,Female,Private,65,low
44,Bachelor or higher,Previously married,Female,Private,41,low
44,Some college,Never married,Male,Private,58,low
38,High school,Never married,Female,Private,70,low
49,Bachelor or higher,Married,Male,Private,40,low
44,High school,Married,Female,Private,70,low
42,Some college,Married,Male,Private,40,low
45,High school,Never married,Female,Private,41,low
45,High school,Married,Female,Private,41,low
32,High school,Married,Female,Government,41,low
48,High school,Never married,Female,Private,40,low
48,Some college,Previously married,Female,Private,64,low
39,High school,Never married,Female,Private,63,low
48,High school,Married,Male,Private,40,low
77,Bachelor or higher,Previously married,Female,Private,41,low
107,High school,Never married,Male,Private,52,low
23,High school,Married,Female,Private,41,low
42,Bachelor or higher,Married,Male,Private,41,low
77,High school,Never married,Male,Private,60,low
48,High school,Married,Female,Private,41,low
27,High school,Never married,Female,Self-employed,41,low
103,High school,Previously married,Female,Private,65,low
40,Bachelor or higher,Married,Male,Private,57,high
23,High school,Married,Male,Private,41,low
41,High school,Previously married,Female,Private,41,low
39,Bachelor or higher,Married,Male,Private,68,low
34,High school,Married,Male,Private,58,high
37,High school,Married,Female,Private,41,low
87,Bachelor or higher,Never married,Male,Private,69,low
31,High school,Married,Female,Private,41,low
46,Some college,Married,Female,Private,68,low
33,High school,Never married,Male,Private,59,low
24,High school,Never married,Male,Private,66,low
38,High school,Married,Male,Private,41,low
25,No high school,Married,Male,Private,47,low
30,High school,Previously married,Female,Private,41,low
33,Bachelor or higher,Never married,Male,Private,41,low
50,Some college,Never married,Female,Private,41,low
43,Some college,Previously married,Male,Private,41,low
37,Bachelor or higher,Married,Female,Private,41,low
47,High school,Never married,Male,Private,70,low
40,High school,Never married,Female,Private,41,high
40,High school,Previously married,Female,Private,68,low
44,Bachelor or higher,Never married,Male,Private,65,low
43,High school,Married,Male,Private,40,low
42,Bachelor or higher,Married,Male,Private,41,low
41,Bachelor or higher,Never married,Female,Private,69,high
46,Some college,Never married,Male,Private,70,low
29,High school,Never married,Female,Private,57,low
46,High school,Married,Male,Private,36,low
47,Bachelor or higher,Never married,Female,Private,41,low
99,High school,Never married,Female,Private,41,low
27,High school,Never married,Male,Self-employed,19,low
38,High school,Married,Male,Private,62,low
83,Some college,Married,Male,Private,70,low
59,High school,Married,Male,Private,41,low
48,High school,Married,Female,Private,67,low
44,Some college,Married,Male,Private,41,low
44,Some college,Married,Male,Private,53,low
48,Some college,Never married,Female,Private,41,low
25,Bachelor or higher,Married,Male,Private,41,low
107,Some college,Never married,Female,Private,68,low
39,High school,Never married,Female,Private,67,low
49,Bachelor or higher,Never married,Male,Private,40,low
48,High school,Never married,Female,Private,40,low
48,High school,Married,Male,Private,63,low
49,High school,Never married,Female,Private,41,low
46,High school,Never married,Female,Private,69,low
40,High school,Married,Female,Private,41,high
42,Bachelor or higher,Never married,Male,Private,40,low
43,Bachelor or higher,Previously married,Male,Private,68,low
105,Some college,Never married,Female,Private,41,low
35,High school,Married,Female,Private,41,low
43,High school,Never married,Female,Private,40,low
46,Some college,Married,Male,Private,62,low
42,High school,Married,Male,Self-employed,41,low
34,High school,Married,Female,Private,41,low
42,High school,Married,Male,Private,41,low
48,No high school,Married,Female,Private,41,low
42,High school,Married,Female,Government,68,low
45,Bachelor or higher,Previously married,Female,Private,41,low
34,Bachelor or higher,Married,Female,Private,43,low
44,Bachelor or higher,Never married,Male,Private,69,low
49,High school,Previously married,Female,Private,41,low
28,High school,Married,Male,Private,66,low
40,High school,Never married,Male,Private,69,low
49,High school,Never married,Male,Private,41,low
23,High school,Married,Male,Government,71,high
45,High school,Previously married,Female,Private,41,low
27,Bachelor or higher,Never married,Female,Private,57,low
36,Bachelor or higher,Married,Male,Private,54,low
36,High school,Married,Female,Private,55,low
45,Bachelor or higher,Previously married,Male,Private,41,low
38,Bachelor or higher,Never married,Male,Private,71,high
49,No high school,Never married,Female,Private,40,low
32,High school,Married,Female,Self-employed,71,low
46,Bachelor or higher,Never married,Female,Private,41,low
43,Some college,Never married,Male,Private,40,low
47,High school,Married,Female,Private,43,low
62,Bachelor or higher,Married,Male,Private,41,low
38,High school,Married,Female,Private,41,low
39,High school,Never married,Female,Private,69,low
100,High school,Married,Female,Private,41,low
44,High school,Previously married,Female,Private,68,low
39,High school,Married,Male,Private,68,low
37,Some college,Married,Male,Private,57,low
41,High school,Married,Male,Private,70,low
24,No high school,Married,Female,Private,32,low
43,Bachelor or higher,Married,Female,Private,69,low
31,High school,Never married,Male,Private,41,low
82,High school,Married,Male,Private,67,low
49,Bachelor or higher,Never married,Female,Private,40,low
44,High school,Married,Female,Private,67,low
42,High school,Never married,Male,Private,41,low
39,High school,Never married,Male,Self-employed,70,low
44,High school,Never married,Female,Private,41,low
31,High school,Never married,Male,Private,41,low
46,Bachelor or higher,Never married,Female,Private,66,low
40,High school,Married,Male,Private,68,low
37,High school,Never married,Male,Private,62,low
26,High school,Married,Male,Private,71,low
45,High school,Previously married,Male,Private,68,low
39,Bachelor or higher,Never married,Male,Private,57,low
45,High school,Previously married,Female,Private,71,low
30,High school,Never married,Male,Private,41,low
40,No high school,Never married,Male,Private,41,low
35,High school,Previously married,Female,Private,71,low
36,High school,Never married,Female,Government,61,low
43,High school,Never married,Male,Private,40,low
64,Bachelor or higher,Never married,Male,Private,40,high
47,High school,Married,Female,Private,40,low
45,Some college,Previously married,Male,Private,62,low
42,High school,Never married,Male,Private,70,low
43,Bachelor or higher,Never married,Male,Private,41,low
20,Some college,Married,Male,Private,62,low
35,Bachelor or higher,Married,Male,Private,41,low
42,High school,Never married,Female,Private,41,low
42,High school,Married,Male,Private,40,low
82,High school,Previously married,Female,Private,57,low
44,High school,Married,Male,Government,41,low
46,Bachelor or higher,Never married,Male,Private,41,low
72,Bachelor or higher,Never married,Male,Private,70,low
37,High school,Never married,Male,Private,41,low
47,High school,Never married,Male,Private,41,low
90,High school,Previously married,Female,Private,40,low
16,High school,Married,Male,Government,40,low
32,Some college,Never married,Female,Private,40,low
38,Bachelor or higher,Married,Female,Private,41,low
31,High school,Married,Female,Private,49,low
20,High school,Never married,Female,Private,41,low
72,Bachelor or higher,Married,Female,Private,41,low
30,High school,Never married,Male,Government,66,low
45,Bachelor or higher,Married,Male,Private,69,high
46,High school,Never married,Male,Private,48,low
47,Bachelor or higher,Never married,Male,Private,41,low
47,Bachelor or higher,Never married,Female,Government,67,low
50,Bachelor or higher,Never married,Female,Private,41,low
32,High school,Never married,Female,Private,41,low
39,High school,Never married,Female,Private,72,low
46,Bachelor or higher,Never married,Female,Private,41,low
48,Some college,Previously married,Female,Private,41,low
49,High school,Previously married,Female,Private,69,low
73,High school,Never married,Female,Private,41,low
38,Bachelor or higher,Married,Female,Private,50,high
93,No high school,Never married,Female,Private,51,low
44,High school,Never married,Male,Private,51,low
40,High school,Never married,Female,Private,40,low
34,High school,Previously married,Female,Private,41,low
44,High school,Never married,Male,Private,41,high
41,High school,Never married,Male,Private,41,high
37,High school,Previously married,Female,Private,70,low
37,High school,Never married,Male,Private,40,low
26,No high school,Never married,Male,Private,70,low
57,Some college,Never married,Female,Private,41,low
33,High school,Never married,Male,Government,59,low
35,No high school,Never married,Female,Government,41,low
41,High school,Never married,Male,Private,41,low
47,High school,Previously married,Male,Private,59,low
100,Bachelor or higher,Never married,Female,Private,41,low
33,High school,Never married,Female,Private,41,low
48,High school,Never married,Male,Private,41,low
33,Bachelor or higher,Never married,Female,Private,41,low
49,High school,Never married,Male,Private,35,low
47,High school,Never married,Female,Private,69,low
94,Some college,Married,Female,Private,41,high
32,Some college,Married,Female,Private,41,low
37,High school,Previously married,Female,Private,41,low
50,Bachelor or higher,Married,Male,Private,41,low
40,High school,Never married,Male,Self-employed,41,low
28,Bachelor or higher,Married,Male,Self-employed,56,low
41,High school,Previously married,Female,Private,41,low
26,High school,Never married,Male,Private,67,low
35,Bachelor or higher,Never married,Male,Private,71,low
51,Bachelor or higher,Never married,Male,Private,41,low
34,High school,Never married,Female,Private,41,low
31,High school,Never married,Male,Private,41,low
43,High school,Never married,Male,Private,47,high
36,Bachelor or higher,Married,Female,Private,59,low
47,Bachelor or higher,Never married,Male,Private,57,low
45,High school,Never married,Male,Private,70,low
24,High school,Married,Female,Private,41,low
50,Some college,Never married,Male,Private,41,low
44,Bachelor or higher,Previously married,Female,Private,41,low
39,Some college,Never married,Male,Private,41,high
49,High school,Never married,Male,Private,41,low
32,Bachelor or higher,Married,Male,Private,41,low
32,Some college,Never married,Female,Private,41,low
49,Bachelor or higher,Never married,Female,Private,40,low
36,High school,Married,Female,Government,69,low
38,High school,Married,Female,Private,69,low
43,Bachelor or higher,Never married,Female,Private,41,low
36,High school,Married,Female,Private,56,low
35,High school,Never married,Female,Private,41,low
42,Bachelor or higher,Married,Female,Private,40,low
47,Some college,Never married,Male,Private,41,low
39,Bachelor or higher,Married,Male,Government,41,low
44,No high school,Married,Female,Private,65,low
48,High school,Previously married,Female,Government,70,low
63,High school,Married,Male,Private,41,low
41,High school,Married,Female,Private,41,low
51,Some college,Never married,Male,Private,41,low
47,High school,Never married,Female,Private,41,low
39,Bachelor or higher,Married,Male,Private,41,low
41,No high school,Married,Female,Private,69,low
27,Bachelor or higher,Never married,Female,Private,41,low
49,No high school,Never married,Female,Self-employed,41,low
40,No high school,Never married,Male,Private,41,low
44,High school,Married,Female,Private,58,high
42,No high school,Never married,Male,Private,45,low
31,High school,Never married,Male,Private,69,low
30,High school,Married,Male,Private,57,low
48,High school,Never married,Male,Private,41,low
51,High school,Never married,Male,Private,66,low
37,High school,Married,Female,Private,70,low
44,High school,Married,Male,Private,68,low
46,High school,Never married,Female,Private,41,low
23,Bachelor or higher,Never married,Male,Private,68,low
48,High school,Never married,Female,Private,41,low
75,Some college,Married,Female,Private,69,low
26,High school,Never married,Female,Private,68,low
42,No high school,Married,Male,Private,40,low
39,High school,Never married,Male,Private,62,high
47,Bachelor or higher,Married,Male,Private,41,low
100,Bachelor or higher,Married,Male,Private,41,low
45,Some college,Never married,Male,Private,41,low
26,High school,Never married,Male,Private,41,low
45,Some college,Married,Male,Private,40,high
46,No high school,Never married,Male,Private,41,low
93,Some college,Married,Female,Private,41,low
32,Bachelor or higher,Married,Female,Private,41,low
48,High school,Never married,Female,Private,41,low
50,High school,Never married,Female,Private,40,low
43,Some college,Never married,Male,Private,68,low
41,High school,Married,Male,Private,41,high
34,Some college,Never married,Female,Private,41,low
42,High school,Never married,Female,Private,41,low
48,High school,Previously married,Male,Private,41,high
48,Bachelor or higher,Married,Female,Private,40,low
39,Bachelor or higher,Married,Female,Government,63,high
27,High school,Married,Male,Self-employed,70,low
50,High school,Never married,Male,Private,41,low
39,High school,Never married,Female,Private,41,low
36,High school,Married,Female,Private,41,low
42,High school,Married,Male,Government,68,low
45,Bachelor or higher,Married,Male,Government,41,high
38,Some college,Married,Female,Private,70,low
42,High school,Never married,Female,Private,41,low
23,High school,Never married,Female,Self-employed,41,low
39,High school,Never married,Male,Private,51,low
42,High school,Married,Female,Private,68,low
48,High school,Previously married,Female,Private,71,low
41,High school,Married,Male,Private,69,low
88,No high school,Married,Female,Private,41,low
48,High school,Never married,Female,Private,64,low
44,Some college,Never married,Male,Private,61,low
42,Bachelor or higher,Married,Female,Private,41,low
41,High school,Married,Male,Private,41,high
43,Bachelor or higher,Never married,Male,Private,65,low
43,High school,Never married,Female,Private,41,high
30,High school,Never married,Female,Private,68,low
24,High school,Never married,Female,Private,67,low
46,Some college,Previously married,Male,Private,45,low
45,Bachelor or higher,Never married,Female,Government,41,low
37,Bachelor or higher,Married,Male,Private,66,low
44,Some college,Previously married,Male,Private,70,low
28,High school,Married,Male,Private,59,low
41,High school,Married,Male,Self-employed,41,low
56,High school,Never married,Female,Private,48,low
94,Some college,Previously married,Female,Private,41,low
41,High school,Previously married,Female,Government,41,low
36,Bachelor or higher,Never married,Female,Private,41,low
47,High school,Previously married,Female,Private,41,low
27,High school,Married,Female,Private,41,low
48,High school,Previously married,Female,Private,41,low
60,Bachelor or higher,Married,Female,Private,41,low
43,Some college,Never married,Male,Private,57,low
46,High school,Married,Male,Private,68,high
41,High school,Never married,Male,Private,41,high
47,No high school,Never married,Male,Private,66,low
48,High school,Never married,Female,Private,57,low
39,Bachelor or higher,Married,Male,Private,41,low
47,Bachelor or higher,Never married,Male,Private,41,high
44,Some college,Previously married,Female,Private,41,low
40,High school,Never married,Male,Private,40,low
45,Some college,Never married,Male,Private,69,low
40,High school,Married,Female,Private,67,low
23,High school,Never married,Female,Government,41,low
39,High school,Married,Female,Private,41,low
42,High school,Never married,Female,Self-employed,41,low
32,High school,Never married,Female,Private,70,low
48,High school,Married,Female,Government,41,low
47,High school,Never married,Male,Private,41,high
36,Bachelor or higher,Married,Female,Government,63,low
106,High school,Married,Male,Private,40,low
45,High school,Never married,Female,Private,71,low
32,No high school,Never married,Female,Private,71,low
48,High school,Previously married,Female,Private,41,low
43,High school,Never married,Male,Private,40,low
37,High school,Married,Male,Private,64,low
29,Bachelor or higher,Married,Female,Private,41,low
43,High school,Never married,Female,Private,64,low
37,High school,Married,Male,Private,69,high
31,High school,Previously married,Male,Private,59,low
36,Bachelor or higher,Never married,Female,Private,41,low
57,Some college,Married,Male,Private,40,low
30,High school,Never married,Female,Self-employed,70,low
40,Bachelor or higher,Never married,Female,Private,71,low
39,High school,Married,Female,Private,40,low
42,Some college,Married,Male,Private,41,low
26,Some college,Never married,Male,Private,40,low
36,High school,Married,Male,Private,41,low
27,High school,Never married,Female,Private,41,low
34,High school,Previously married,Female,Government,67,low
49,Some college,Never married,Female,Private,41,low
39,High school,Previously married,Male,Private,41,low
49,Some college,Married,Female,Private,41,low
74,High school,Never married,Female,Private,57,low
97,High school,Married,Female,Private,43,low
43,Bachelor or higher,Never married,Male,Private,41,low
49,Some college,Never married,Female,Private,41,high
30,High school,Married,Male,Private,41,low
38,High school,Never married,Female,Private,41,low
43,High school,Never married,Male,Private,40,low
48,Bachelor or higher,Never married,Female,Private,41,high
43,High school,Never married,Female,Private,67,low
49,High school,Married,Male,Private,40,low
32,High school,Never married,Male,Private,68,low
40,High school,Previously married,Female,Private,41,low
45,Bachelor or higher,Never married,Male,Private,41,low
43,No high school,Never married,Male,Private,57,low
36,High school,Married,Female,Private,61,low
41,High school,Married,Female,Private,41,low
35,High school,Previously married,Female,Government,41,low
46,High school,Never married,Female,Private,41,low
25,High school,Never married,Female,Self-employed,50,low
49,No high school,Never married,Male,Private,64,low
43,High school,Married,Female,Private,58,low
25,Bachelor or higher,Never married,Male,Self-employed,70,high
45,High school,Never married,Female,Private,41,low
34,High school,Never married,Male,Private,67,low
43,Bachelor or higher,Never married,Male,Private,40,low
38,Bachelor or higher,Married,Female,Private,66,low
34,No high school,Never married,Male,Private,56,low
97,Bachelor or higher,Never married,Female,Private,41,low
51,Some college,Previously married,Female,Private,41,low
22,High school,Never married,Female,Private,53,low
29,Bachelor or higher,Never married,Female,Private,64,low
33,High school,Never married,Female,Private,40,low
34,No high school,Never married,Female,Private,69,low
38,High school,Never married,Female,Private,58,low
34,High school,Never married,Male,Private,41,low
46,Bachelor or higher,Never married,Male,Self-employed,41,low
43,High school,Never married,Female,Private,41,low
55,High school,Never married,Male,Private,41,low
72,High school,Married,Female,Private,41,low
46,Bachelor or higher,Never married,Female,Government,70,low
49,Bachelor or higher,Married,Male,Private,41,low
67,High school,Never married,Male,Private,40,low
40,Some college,Never married,Female,Private,58,low
46,High school,Married,Male,Private,40,low
48,High school,Never married,Female,Private,41,low
42,Some college,Never married,Female,Private,41,low
35,High school,Never married,Female,Private,68,low
99,High school,Married,Male,Private,41,low
47,Bachelor or higher,Married,Female,Private,40,low
45,High school,Married,Female,Private,41,low
49,High school,Previously married,Female,Private,58,low
48,High school,Married,Male,Private,67,low
44,High school,Never married,Female,Private,41,low
35,High school,Never married,Female,Private,71,high
50,High school,Never married,Female,Private,41,low
45,Bachelor or higher,Married,Male,Private,69,low
43,High school,Married,Female,Private,41,low
30,High school,Never married,Female,Private,70,low
46,High school,Never married,Male,Private,41,high
43,Some college,Never married,Female,Private,61,low
77,Some college,Never married,Male,Private,41,low
45,High school,Married,Male,Private,65,low
37,High school,Previously married,Female,Private,41,low
31,High school,Married,Female,Private,67,low
33,Some college,Married,Male,Private,58,low
48,No high school,Never married,Female,Private,61,low
44,Bachelor or higher,Previously married,Male,Private,65,low
35,Bachelor or higher,Never married,Male,Private,41,high
44,Bachelor or higher,Married,Male,Private,41,low
45,High school,Previously married,Female,Government,40,low
46,No high school,Married,Female,Private,40,low
36,High school,Never married,Male,Private,41,low
90,High school,Never married,Male,Self-employed,68,low
50,Some college,Previously married,Female,Private,61,low
39,High school,Never married,Male,Private,41,low
42,High school,Married,Female,Private,53,low
97,High school,Never married,Female,Private,40,low
38,High school,Never married,Male,Private,60,low
62,High school,Married,Male,Private,61,low
41,No high school,Married,Male,Private,41,low
39,High school,Previously married,Male,Private,41,low
38,High school,Previously married,Female,Private,66,low
47,Bachelor or higher,Never married,Male,Private,41,high
89,Some college,Never married,Female,Private,41,low
49,High school,Never married,Male,Private,41,low
99,Bachelor or higher,Previously married,Male,Private,41,low
40,High school,Married,Female,Private,49,high
50,Bachelor or higher,Never married,Female,Private,40,low
44,Bachelor or higher,Never married,Male,Private,68,low
40,High school,Married,Male,Private,41,low
47,High school,Never married,Female,Private,67,low
31,High school,Previously married,Male,Private,65,high
41,High school,Married,Female,Private,68,low
38,Bachelor or higher,Never married,Male,Private,41,high
39,High school,Previously married,Female,Private,69,low
50,High school,Previously married,Female,Private,41,low
33,Bachelor or higher,Married,Female,Private,40,low
42,High school,Never married,Male,Private,41,low
36,High school,Never married,Male,Private,41,low
21,High school,Previously married,Female,Private,41,low
40,High school,Never married,Male,Private,41,low
42,High school,Never married,Female,Private,41,low
103,Some college,Married,Male,Private,41,low
66,High school,Never married,Male,Private,41,low
22,Bachelor or higher,Married,Female,Private,41,low
45,Bachelor or higher,Married,Male,Private,67,low
34,Some college,Married,Female,Private,41,low
50,High school,Never married,Male,Private,69,low
32,High school,Married,Male,Self-employed,40,low
48,Bachelor or higher,Married,Female,Private,61,low
38,High school,Married,Male,Private,56,high
47,Some college,Never married,Female,Private,67,low
38,High school,Married,Male,Private,41,low
33,High school,Married,Female,Private,52,low
28,Bachelor or higher,Never married,Male,Private,40,low
36,High school,Married,Female,Private,41,low
38,High school,Previously married,Female,Private,41,low
47,No high school,Married,Female,Private,40,low
48,No high school,Previously married,Male,Private,41,low
42,High school,Never married,Female,Private,40,low
46,Bachelor or higher,Never married,Female,Private,69,low
51,High school,Never married,Male,Private,40,low
37,High school,Previously married,Female,Private,68,low
55,Some college,Never married,Female,Private,70,low
48,Bachelor or higher,Never married,Male,Private,41,high
40,High school,Never married,Female,Private,41,low
32,High school,Never married,Male,Private,70,low
30,High school,Never married,Male,Private,41,low
47,Some college,Married,Male,Private,63,low
33,Bachelor or higher,Never married,Male,Private,58,low
22,High school,Married,Female,Private,41,low
25,Bachelor or higher,Married,Male,Private,41,low
47,No high school,Never married,Female,Private,41,low
45,High school,Never married,Male,Private,41,low
41,High school,Never married,Female,Private,41,high
38,High school,Previously married,Female,Private,41,low
35,Bachelor or higher,Married,Male,Self-employed,70,high
32,High school,Never married,Male,Private,41,low
75,Bachelor or higher,Married,Male,Private,67,low
51,High school,Never married,Male,Private,68,high
40,No high school,Never married,Female,Private,70,low
25,Bachelor or higher,Never married,Male,Private,69,low
40,High school,Never married,Female,Private,41,low
44,Some college,Never married,Male,Private,67,low
49,High school,Never married,Male,Private,59,low
32,High school,Never married,Female,Private,41,low
43,Some college,Married,Female,Private,41,low
30,High school,Previously married,Male,Private,71,low
37,High school,Married,Female,Government,41,low
42,Some college,Never married,Female,Private,68,low
43,High school,Never married,Female,Private,40,low
48,High school,Previously married,Male,Private,41,high
43,High school,Never married,Male,Private,63,high
27,Bachelor or higher,Married,Female,Private,40,low
26,Some college,Married,Female,Private,41,low
37,High school,Never married,Male,Private,49,low
47,Bachelor or higher,Married,Male,Private,70,high
58,Bachelor or higher,Married,Male,Private,71,low
40,High school,Married,Male,Private,67,low
41,Bachelor or higher,Married,Male,Private,40,low
44,High school,Married,Male,Private,70,low
44,No high school,Married,Male,Private,68,low
41,High school,Married,Male,Private,40,low
96,No high school,Never married,Female,Private,69,low
37,High school,Never married,Female,Government,41,low
31,High school,Married,Female,Private,59,low
44,High school,Never married,Male,Government,41,low
89,High school,Never married,Male,Private,41,low
34,High school,Married,Male,Private,41,low
42,Some college,Married,Male,Private,70,high
25,High school,Never married,Female,Self-employed,40,low
50,Bachelor or higher,Previously married,Female,Private,69,low
29,Bachelor or higher,Never married,Male,Private,69,low
97,Some college,Married,Male,Private,41,low
48,Some college,Never married,Male,Private,40,low
31,High school,Previously married,Female,Private,41,low
41,High school,Never married,Male,Self-employed,71,low
48,High school,Never married,Female,Private,41,low
39,Some college,Married,Female,Private,41,low
50,High school,Previously married,Female,Private,70,low
46,High school,Never married,Female,Private,41,low
47,Some college,Previously married,Female,Private,70,low
27,High school,Married,Male,Self-employed,41,low
45,Bachelor or higher,Never married,Female,Private,71,low
43,High school,Previously married,Female,Private,41,low
37,High school,Married,Female,Private,41,low
55,High school,Married,Female,Private,41,low
22,High school,Never married,Male,Self-employed,68,low
50,High school,Never married,Male,Private,41,high
38,Some college,Never married,Male,Private,41,low
49,High school,Never married,Female,Government,70,low
40,High school,Never married,Male,Private,71,low
34,No high school,Married,Male,Private,41,low
38,High school,Married,Female,Government,69,high
59,Bachelor or higher,Married,Male,Private,41,low
49,Some college,Never married,Female,Private,68,low
32,Bachelor or higher,Married,Male,Private,41,low
98,High school,Never married,Female,Private,40,low
43,High school,Married,Male,Private,41,low
43,Bachelor or higher,Never married,Male,Private,41,low
84,High school,Married,Female,Private,41,low
18,High school,Previously married,Female,Private,41,low
48,Some college,Never married,Female,Private,41,low
40,Bachelor or higher,Never married,Male,Private,41,low
44,High school,Never married,Female,Private,40,low
33,High school,Never married,Male,Private,41,low
41,High school,Never married,Female,Private,41,low
50,Some college,Never married,Female,Private,56,low
44,Bachelor or higher,Married,Male,Private,41,low
66,Some college,Previously married,Female,Government,41,low
39,High school,Married,Female,Private,41,low
39,High school,Previously married,Male,Private,40,low
34,High school,Never married,Female,Private,41,low
39,No high school,Never married,Male,Private,55,low
39,High school,Married,Female,Private,41,low
47,No high school,Never married,Female,Private,41,low
31,High school,Married,Male,Private,41,low
97,High school,Married,Female,Private,41,low
41,High school,Never married,Male,Private,41,high
101,Some college,Never married,Male,Private,66,low
31,Some college,Married,Female,Private,41,low
67,High school,Never married,Female,Private,41,low
46,Some college,Previously married,Female,Private,41,low
88,Some college,Married,Male,Government,71,low
36,Bachelor or higher,Never married,Male,Private,42,low
30,High school,Never married,Male,Private,65,low
90,No high school,Never married,Male,Private,64,low
87,High school,Never married,Male,Private,41,low
35,High school,Never married,Male,Private,41,low
48,No high school,Never married,Male,Private,40,low
39,High school,Married,Male,Private,41,low
48,Some college,Married,Male,Private,41,low
37,Bachelor or higher,Married,Female,Private,41,low
43,High school,Previously married,Female,Private,41,low
39,High school,Never married,Male,Private,70,high
51,Some college,Never married,Male,Private,40,low
49,High school,Married,Female,Private,41,low
37,No high school,Married,Male,Private,40,low
41,Some college,Married,Female,Private,41,low
47,Bachelor or higher,Married,Female,Private,51,low
45,Bachelor or higher,Never married,Female,Private,41,low
41,High school,Never married,Male,Private,41,high
27,Bachelor or higher,Never married,Female,Private,64,low
49,High school,Never married,Female,Private,41,low
33,High school,Married,Male,Private,62,low
41,High school,Never married,Male,Private,40,low
42,High school,Married,Male,Private,60,low
48,Bachelor or higher,Never married,Female,Private,41,low
42,Bachelor or higher,Previously married,Female,Government,41,low
40,High school,Never married,Female,Private,40,low
39,Some college,Never married,Male,Private,41,low
31,High school,Never married,Female,Government,40,low
32,High school,Never married,Male,Private,41,high
34,High school,Previously married,Male,Private,58,low
48,High school,Married,Male,Private,55,low
41,Bachelor or higher,Married,Male,Private,64,low
44,Bachelor or higher,Never married,Male,Private,41,low
107,High school,Married,Female,Private,41,low
101,High school,Married,Female,Private,58,low
30,High school,Never married,Female,Government,41,low
48,Bachelor or higher,Married,Female,Private,69,low
41,High school,Previously married,Female,Private,64,low
41,Some college,Married,Male,Private,69,high
42,High school,Never married,Male,Private,71,high
34,High school,Married,Female,Private,41,low
45,No high school,Married,Female,Private,67,low
25,High school,Previously married,Female,Government,41,low
36,Some college,Never married,Male,Private,41,low
31,Some college,Previously married,Male,Private,40,low
33,Bachelor or higher,Never married,Male,Self-employed,68,low
43,Some college,Previously married,Female,Private,41,low
46,Bachelor or higher,Previously married,Male,Private,66,high
77,High school,Never married,Female,Private,41,low
82,Bachelor or higher,Married,Female,Private,69,low
42,Some college,Married,Female,Government,65,low
42,High school,Never married,Female,Private,41,low
32,High school,Married,Male,Private,40,low
30,Bachelor or higher,Never married,Female,Private,41,low
48,No high school,Married,Male,Private,62,low
44,Bachelor or higher,Married,Male,Private,62,low
49,High school,Married,Female,Private,68,low
50,High school,Never married,Male,Private,66,low
43,High school,Married,Female,Private,41,low
45,High school,Previously married,Female,Private,41,low
96,High school,Never married,Male,Private,40,low
44,Bachelor or higher,Married,Female,Private,41,low
33,Some college,Never married,Female,Self-employed,41,low
41,High school,Married,Female,Private,63,low
71,High school,Never married,Female,Self-employed,71,low
36,High school,Previously married,Female,Private,41,low
31,High school,Married,Female,Self-employed,41,high
43,No high school,Married,Male,Private,41,low
38,Some college,Never married,Female,Private,67,low
35,High school,Never married,Male,Private,63,low
47,High school,Previously married,Female,Private,41,low
98,Bachelor or higher,Never married,Male,Private,41,low
42,High school,Previously married,Female,Private,41,low
44,High school,Married,Male,Private,40,low
99,Bachelor or higher,Never married,Male,Private,41,low
47,High school,Married,Female,Private,66,low
34,High school,Never married,Male,Private,41,low
39,Bachelor or higher,Married,Male,Private,41,low
45,No high school,Never married,Female,Private,41,low
50,Bachelor or higher,Married,Female,Private,67,low
37,Bachelor or higher,Married,Male,Private,41,high
45,High school,Married,Male,Private,41,low
43,High school,Never married,Male,Private,50,low
46,High school,Married,Female,Private,66,low
35,Bachelor or higher,Married,Female,Private,41,low
38,High school,Never married,Female,Private,41,low
46,Bachelor or higher,Married,Male,Private,67,low
33,High school,Previously married,Male,Private,41,low
46,No high school,Never married,Male,Private,65,low
41,High school,Never married,Male,Private,41,low
30,Some college,Never married,Male,Self-employed,41,high
47,Bachelor or higher,Never married,Male,Private,63,low
38,High school,Never married,Male,Private,70,low
23,Bachelor or higher,Married,Female,Private,40,low
41,High school,Never married,Male,Private,64,high
104,Some college,Never married,Male,Private,41,low
32,Some college,Married,Female,Private,65,low
45,Some college,Married,Female,Private,69,low
44,High school,Never married,Female,Private,41,low
47,High school,Never married,Female,Private,41,low
31,High school,Never married,Male,Self-employed,41,low
32,Bachelor or higher,Married,Female,Private,41,low
36,High school,Married,Male,Private,51,low
45,High school,Never married,Female,Private,40,low
41,High school,Never married,Female,Private,41,low
46,High school,Previously married,Female,Private,41,low
35,High school,Previously married,Female,Government,66,low
50,Some college,Never married,Male,Private,41,low
44,High school,Never married,Female,Private,40,low
40,High school,Never married,Male,Private,40,low
46,High school,Married,Female,Private,71,low
37,High school,Previously married,Male,Private,41,low
34,Bachelor or higher,Married,Female,Private,58,low
24,Bachelor or higher,Married,Female,Self-employed,41,low
31,High school,Previously married,Female,Private,40,low
48,No high school,Never married,Female,Private,67,low
39,High school,Married,Female,Private,70,low
31,Some college,Married,Female,Private,70,low
28,High school,Married,Male,Private,40,low
30,No high school,Never married,Female,Private,41,low
48,Some college,Never married,Female,Self-employed,41,low
39,High school,Married,Female,Private,62,low
37,High school,Married,Male,Private,41,low
48,No high school,Married,Male,Private,60,low
38,Bachelor or higher,Never married,Male,Self-employed,65,high
33,High school,Previously married,Male,Private,70,low
39,High school,Married,Male,Private,41,low
23,High school,Married,Male,Private,40,low
27,Bachelor or higher,Married,Male,Private,40,low
36,Some college,Married,Male,Private,69,low
46,No high school,Never married,Female,Private,41,low
64,Bachelor or higher,Married,Male,Private,41,low
40,High school,Married,Male,Private,41,low
46,No high school,Married,Female,Private,40,low
38,High school,Married,Male,Private,57,low
43,High school,Never married,Male,Private,69,high
42,Bachelor or higher,Married,Female,Private,41,low
51,High school,Never married,Female,Private,40,low
31,Some college,Never married,Male,Private,40,low
41,High school,Married,Female,Private,69,low
89,High school,Married,Female,Private,68,low
51,High school,Never married,Female,Government,40,low
46,Bachelor or higher,Never married,Male,Private,65,low
42,High school,Never married,Male,Private,57,low
43,Bachelor or higher,Never married,Male,Private,41,low
30,Bachelor or higher,Previously married,Female,Private,41,high
38,High school,Never married,Female,Private,64,low
35,High school,Never married,Male,Private,70,low
39,High school,Married,Male,Private,38,low
44,No high school,Married,Female,Private,70,low
37,High school,Never married,Male,Private,40,low
66,High school,Married,Male,Private,41,low
47,Bachelor or higher,Never married,Male,Private,66,low
21,High school,Married,Male,Private,67,low
102,Some college,Previously married,Female,Government,41,low
29,Bachelor or higher,Never married,Female,Private,58,high
47,Bachelor or higher,Never married,Male,Private,41,high
64,High school,Never married,Female,Private,41,low
31,High school,Never married,Male,Private,40,high
50,Some college,Never married,Female,Private,72,low
34,High school,Never married,Female,Private,68,low
60,No high school,Never married,Female,Private,40,low
37,High school,Never married,Female,Private,67,low
35,High school,Married,Male,Private,66,high
41,No high school,Married,Female,Private,41,low
36,Bachelor or higher,Married,Male,Private,56,low
49,High school,Married,Female,Private,41,low
49,Bachelor or higher,Married,Male,Private,56,low
46,High school,Married,Female,Private,40,high
43,Bachelor or higher,Never married,Female,Private,41,low
49,No high school,Married,Female,Private,40,low
97,No high school,Never married,Male,Private,57,low
46,Some college,Never married,Male,Private,41,low
39,High school,Previously married,Female,Private,66,low
31,High school,Married,Male,Private,47,low
87,High school,Never married,Male,Private,41,low
48,High school,Married,Female,Private,40,low
48,Some college,Married,Female,Private,69,low
49,High school,Previously married,Female,Private,41,low
56,High school,Never married,Male,Private,40,low
49,High school,Never married,Male,Private,109,low
37,High school,Married,Male,Private,66,low
52,No high school,Married,Male,Private,40,low
37,Bachelor or higher,Married,Female,Self-employed,41,low
39,High school,Never married,Female,Private,41,low
16,High school,Married,Male,Private,50,low
32,Bachelor or higher,Married,Female,Private,68,low
48,High school,Never married,Female,Private,67,low
55,Bachelor or higher,Never married,Female,Private,41,low
45,Some college,Never married,Female,Private,70,low
44,High school,Married,Male,Private,41,low
30,Bachelor or higher,Never married,Male,Self-employed,67,low
44,Bachelor or higher,Married,Male,Private,70,low
86,Bachelor or higher,Married,Male,Private,40,low
36,High school,Never married,Female,Private,41,low
44,High school,Previously married,Male,Private,57,low
41,No high school,Never married,Female,Private,41,low
37,High school,Never married,Female,Private,41,low
39,High school,Never married,Male,Private,30,low
50,Bachelor or higher,Never married,Female,Private,41,low
31,High school,Previously married,Male,Self-employed,41,low
48,High school,Previously married,Female,Private,63,low
35,Bachelor or higher,Never married,Female,Private,41,low
25,High school,Never married,Female,Private,65,low
46,High school,Never married,Female,Private,41,low
28,Bachelor or higher,Married,Female,Private,41,low
34,High school,Married,Male,Private,23,low
45,No high school,Married,Female,Private,67,low
49,High school,Previously married,Female,Private,41,low
41,High school,Never married,Male,Private,53,high
18,High school,Married,Male,Private,61,low
51,High school,Never married,Female,Private,69,low
34,Bachelor or higher,Never married,Female,Private,69,high
35,High school,Never married,Male,Private,57,low
94,Some college,Never married,Female,Private,41,low
32,High school,Never married,Female,Private,41,low
35,Bachelor or higher,Married,Male,Private,70,high
34,High school,Married,Female,Private,71,low
32,Some college,Never married,Female,Private,66,low
38,High school,Never married,Male,Private,71,low
43,High school,Married,Female,Private,41,low
43,High school,Married,Male,Private,41,high
41,Some college,Never married,Male,Private,53,low
44,High school,Never married,Female,Private,52,low
36,High school,Never married,Male,Private,41,low
43,Bachelor or higher,Previously married,Female,Private,41,low
29,High school,Married,Male,Private,68,high
22,High school,Married,Female,Self-employed,55,low
46,Bachelor or higher,Previously married,Male,Self-employed,40,low
66,High school,Never married,Female,Private,52,low
43,High school,Married,Male,Private,71,high
40,High school,Married,Male,Private,41,low
39,Some college,Married,Male,Self-employed,61,low
21,High school,Never married,Female,Private,68,low
43,High school,Married,Female,Private,50,low
44,Some college,Previously married,Female,Private,41,high
42,Bachelor or higher,Never married,Female,Private,51,low
46,High school,Never married,Female,Self-employed,62,low
28,Some college,Previously married,Male,Private,41,high
44,Some college,Married,Female,Private,40,low
42,High school,Never married,Male,Self-employed,54,low
50,High school,Never married,Male,Private,40,low
94,No high school,Married,Female,Private,41,low
42,High school,Never married,Female,Private,41,low
37,Bachelor or higher,Married,Male,Government,41,low
47,High school,Previously married,Female,Self-employed,41,low
43,Bachelor or higher,Married,Male,Private,49,high
44,Some college,Never married,Male,Private,40,low
46,Bachelor or higher,Never married,Male,Self-employed,62,low
45,High school,Married,Female,Private,68,low
24,Some college,Never married,Female,Self-employed,69,low
25,High school,Married,Male,Private,40,low
44,High school,Never married,Male,Private,41,low
48,Bachelor or higher,Married,Male,Self-employed,40,low
38,High school,Never married,Female,Private,41,high
33,High school,Never married,Female,Private,63,low
24,Bachelor or higher,Previously married,Female,Government,58,low
40,Some college,Never married,Female,Private,68,low
46,Bachelor or higher,Never married,Female,Private,41,low
48,Bachelor or higher,Married,Male,Private,40,low
42,Some college,Never married,Male,Private,71,low
43,Bachelor or higher,Never married,Female,Private,41,low
49,High school,Married,Female,Private,41,low
38,Some college,Married,Male,Private,68,low
37,High school,Never married,Female,Private,41,low
44,High school,Married,Female,Self-employed,40,low
46,Some college,Married,Male,Private,41,low
28,High school,Previously married,Female,Private,71,low
38,High school,Never married,Male,Private,68,high
37,Bachelor or higher,Married,Male,Private,41,low
49,Some college,Married,Male,Self-employed,41,high
46,Bachelor or higher,Never married,Female,Private,68,low
41,High school,Never married,Male,Self-employed,41,low
45,High school,Never married,Female,Private,41,low
46,High school,Previously married,Female,Private,41,low
49,High school,Never married,Male,Self-employed,64,low
44,High school,Previously married,Male,Private,41,low
40,No high school,Never married,Male,Private,40,low
48,High school,Married,Female,Private,40,low
48,High school,Never married,Female,Government,41,low
47,High school,Married,Female,Private,61,low
43,Some college,Never married,Female,Private,70,low
49,High school,Never married,Male,Private,40,low
39,No high school,Previously married,Male,Private,69,low
90,High school,Never married,Female,Private,41,low
30,High school,Never married,Male,Private,63,low
42,Bachelor or higher,Married,Female,Private,71,low
21,Bachelor or higher,Never married,Male,Private,40,low
46,No high school,Married,Male,Private,67,low
44,High school,Never married,Male,Private,41,low
43,Bachelor or higher,Never married,Male,Private,64,low
33,Some college,Never married,Male,Private,44,low
43,Bachelor or higher,Never married,Male,Private,40,low
48,High school,Never married,Male,Government,40,low
50,Some college,Married,Female,Private,41,low
46,High school,Never married,Female,Private,62,low
45,High school,Married,Male,Private,61,low
19,Bachelor or higher,Never married,Male,Private,41,low
48,Bachelor or higher,Never married,Female,Private,41,low
25,High school,Never married,Male,Private,49,low
46,High school,Never married,Male,Private,40,low
83,Bachelor or higher,Never married,Female,Private,41,low
49,Bachelor or higher,Married,Female,Private,41,low
32,High school,Never married,Female,Private,59,low
92,High school,Never married,Female,Private,41,low
34,High school,Never married,Male,Private,41,low
39,High school,Married,Female,Private,41,low
50,Some college,Married,Female,Private,41,high
48,Bachelor or higher,Married,Female,Private,41,low
47,High school,Never married,Female,Private,60,low
22,Bachelor or higher,Never married,Male,Private,41,low
44,Bachelor or higher,Married,Female,Private,69,low
50,Some college,Never married,Male,Private,40,high
27,High school,Married,Male,Private,41,low
26,High school,Married,Female,Private,41,low
44,Bachelor or higher,Never married,Male,Private,41,low
44,High school,Married,Male,Private,68,low
50,High school,Never married,Male,Private,67,low
22,High school,Never married,Male,Private,40,low
46,No high school,Married,Male,Private,41,low
92,High school,Never married,Male,Private,41,low
35,High school,Never married,Female,Private,65,low
40,High school,Married,Female,Private,41,low
43,Bachelor or higher,Never married,Male,Private,70,low
46,High school,Never married,Male,Private,41,high
76,High school,Married,Male,Government,68,low
45,Bachelor or higher,Married,Female,Private,70,low
45,High school,Never married,Female,Private,41,low
26,High school,Previously married,Male,Private,41,low
41,High school,Never married,Male,Private,45,low
47,High school,Never married,Female,Government,41,low
38,Some college,Married,Female,Private,41,low
38,High school,Married,Female,Private,58,low
49,High school,Married,Male,Private,64,low
25,High school,Never married,Male,Private,41,low
30,High school,Married,Female,Private,41,low
44,Bachelor or higher,Married,Female,Private,64,low
45,Some college,Never married,Female,Private,71,low
23,High school,Married,Male,Self-employed,71,low
42,Bachelor or higher,Married,Female,Private,41,low
46,Bachelor or higher,Never married,Male,Private,40,low
43,High school,Never married,Male,Private,41,low
36,High school,Never married,Female,Private,41,low
87,High school,Never married,Female,Private,40,low
22,High school,Never married,Male,Private,41,low
29,Some college,Married,Male,Private,63,high
78,High school,Never married,Female,Government,70,low
49,High school,Never married,Female,Private,40,low
45,High school,Married,Female,Private,41,low
49,High school,Never married,Male,Private,69,low
37,High school,Never married,Male,Private,40,low
31,High school,Married,Male,Private,41,low
38,Some college,Previously married,Female,Private,71,high
42,High school,Never married,Female,Private,41,low
31,High school,Never married,Female,Private,36,low
44,High school,Never married,Female,Government,67,low
49,Some college,Married,Male,Private,61,low
51,High school,Previously married,Male,Private,50,low
22,Some college,Previously married,Male,Private,40,low
23,High school,Married,Male,Self-employed,41,low
19,High school,Never married,Male,Private,71,low
48,High school,Previously married,Female,Private,41,low
45,Bachelor or higher,Never married,Female,Private,66,low
41,Bachelor or higher,Never married,Male,Private,41,low
50,High school,Previously married,Female,Government,66,low
47,High school,Never married,Female,Private,41,low
47,No high school,Never married,Male,Private,41,low
47,Bachelor or higher,Married,Male,Private,40,low
43,Bachelor or higher,Married,Female,Government,60,low
39,High school,Never married,Male,Private,41,low
35,High school,Never married,Male,Private,41,low
37,Bachelor or higher,Married,Male,Private,41,low
32,High school,Married,Male,Private,70,low
51,Bachelor or higher,Married,Female,Private,41,low
36,High school,Previously married,Female,Private,41,low
38,Some college,Married,Female,Private,41,low
77,High school,Married,Female,Government,56,low
44,High school,Never married,Male,Private,41,low
35,Bachelor or higher,Never married,Male,Private,41,low
48,High school,Previously married,Female,Private,53,low
46,High school,Previously married,Female,Private,41,low
49,High school,Never married,Male,Private,54,low
48,High school,Never married,Female,Private,67,low
44,High school,Never married,Male,Private,40,high
42,Bachelor or higher,Married,Female,Private,62,low
101,High school,Never married,Male,Self-employed,40,low
49,High school,Never married,Female,Private,40,low
45,Some college,Married,Female,Private,41,low
32,High school,Never married,Female,Private,41,low
50,High school,Never married,Male,Private,40,low
48,High school,Previously married,Female,Private,41,high
36,High school,Never married,Female,Private,66,low
27,High school,Married,Female,Private,56,low
42,Bachelor or higher,Never married,Male,Private,41,low
